filename,label
IMG-20250215-WA0040 (1) (1) (1) (1)_aug0.jpg,GOOD
IMG-20250215-WA0040 (1) (1) (1) (1)_aug1.jpg,GOOD
IMG-20250215-WA0040 (1) (1) (1) (1)_aug10.jpg,GOOD
IMG-20250215-WA0040 (1) (1) (1) (1)_aug11.jpg,GOOD
IMG-20250215-WA0040 (1) (1) (1) (1)_aug12.jpg,GOOD
IMG-20250215-WA0040 (1) (1) (1) (1)_aug13.jpg,GOOD
IMG-20250215-WA0040 (1) (1) (1) (1)_aug14.jpg,GOOD
IMG-20250215-WA0040 (1) (1) (1) (1)_aug15.jpg,GOOD
IMG-20250215-WA0040 (1) (1) (1) (1)_aug16.jpg,GOOD
IMG-20250215-WA0040 (1) (1) (1) (1)_aug17.jpg,GOOD
IMG-20250215-WA0040 (1) (1) (1) (1)_aug18.jpg,GOOD
IMG-20250215-WA0040 (1) (1) (1) (1)_aug19.jpg,GOOD
IMG-20250215-WA0040 (1) (1) (1) (1)_aug2.jpg,GOOD
IMG-20250215-WA0040 (1) (1) (1) (1)_aug3.jpg,GOOD
IMG-20250215-WA0040 (1) (1) (1) (1)_aug4.jpg,GOOD
IMG-20250215-WA0040 (1) (1) (1) (1)_aug5.jpg,GOOD
IMG-20250215-WA0040 (1) (1) (1) (1)_aug6.jpg,GOOD
IMG-20250215-WA0040 (1) (1) (1) (1)_aug7.jpg,GOOD
IMG-20250215-WA0040 (1) (1) (1) (1)_aug8.jpg,GOOD
IMG-20250215-WA0040 (1) (1) (1) (1)_aug9.jpg,GOOD
IMG-20250215-WA0041 (1) (1) (1)-XMyFGq_aug0.jpg,GOOD
IMG-20250215-WA0041 (1) (1) (1)-XMyFGq_aug1.jpg,GOOD
IMG-20250215-WA0041 (1) (1) (1)-XMyFGq_aug10.jpg,GOOD
IMG-20250215-WA0041 (1) (1) (1)-XMyFGq_aug11.jpg,GOOD
IMG-20250215-WA0041 (1) (1) (1)-XMyFGq_aug12.jpg,GOOD
IMG-20250215-WA0041 (1) (1) (1)-XMyFGq_aug13.jpg,GOOD
IMG-20250215-WA0041 (1) (1) (1)-XMyFGq_aug14.jpg,GOOD
IMG-20250215-WA0041 (1) (1) (1)-XMyFGq_aug15.jpg,GOOD
IMG-20250215-WA0041 (1) (1) (1)-XMyFGq_aug16.jpg,GOOD
IMG-20250215-WA0041 (1) (1) (1)-XMyFGq_aug17.jpg,GOOD
IMG-20250215-WA0041 (1) (1) (1)-XMyFGq_aug18.jpg,GOOD
IMG-20250215-WA0041 (1) (1) (1)-XMyFGq_aug19.jpg,GOOD
IMG-20250215-WA0041 (1) (1) (1)-XMyFGq_aug2.jpg,GOOD
IMG-20250215-WA0041 (1) (1) (1)-XMyFGq_aug3.jpg,GOOD
IMG-20250215-WA0041 (1) (1) (1)-XMyFGq_aug4.jpg,GOOD
IMG-20250215-WA0041 (1) (1) (1)-XMyFGq_aug5.jpg,GOOD
IMG-20250215-WA0041 (1) (1) (1)-XMyFGq_aug6.jpg,GOOD
IMG-20250215-WA0041 (1) (1) (1)-XMyFGq_aug7.jpg,GOOD
IMG-20250215-WA0041 (1) (1) (1)-XMyFGq_aug8.jpg,GOOD
IMG-20250215-WA0041 (1) (1) (1)-XMyFGq_aug9.jpg,GOOD
IMG-20250215-WA0042 (1) (1) (1)-PDLjJl_aug0.jpg,GOOD
IMG-20250215-WA0042 (1) (1) (1)-PDLjJl_aug1.jpg,GOOD
IMG-20250215-WA0042 (1) (1) (1)-PDLjJl_aug10.jpg,GOOD
IMG-20250215-WA0042 (1) (1) (1)-PDLjJl_aug11.jpg,GOOD
IMG-20250215-WA0042 (1) (1) (1)-PDLjJl_aug12.jpg,GOOD
IMG-20250215-WA0042 (1) (1) (1)-PDLjJl_aug13.jpg,GOOD
IMG-20250215-WA0042 (1) (1) (1)-PDLjJl_aug14.jpg,GOOD
IMG-20250215-WA0042 (1) (1) (1)-PDLjJl_aug15.jpg,GOOD
IMG-20250215-WA0042 (1) (1) (1)-PDLjJl_aug16.jpg,GOOD
IMG-20250215-WA0042 (1) (1) (1)-PDLjJl_aug17.jpg,GOOD
IMG-20250215-WA0042 (1) (1) (1)-PDLjJl_aug18.jpg,GOOD
IMG-20250215-WA0042 (1) (1) (1)-PDLjJl_aug19.jpg,GOOD
IMG-20250215-WA0042 (1) (1) (1)-PDLjJl_aug2.jpg,GOOD
IMG-20250215-WA0042 (1) (1) (1)-PDLjJl_aug3.jpg,GOOD
IMG-20250215-WA0042 (1) (1) (1)-PDLjJl_aug4.jpg,GOOD
IMG-20250215-WA0042 (1) (1) (1)-PDLjJl_aug5.jpg,GOOD
IMG-20250215-WA0042 (1) (1) (1)-PDLjJl_aug6.jpg,GOOD
IMG-20250215-WA0042 (1) (1) (1)-PDLjJl_aug7.jpg,GOOD
IMG-20250215-WA0042 (1) (1) (1)-PDLjJl_aug8.jpg,GOOD
IMG-20250215-WA0042 (1) (1) (1)-PDLjJl_aug9.jpg,GOOD
IMG-20250215-WA0043 (1) (1) (1)-bPeVId_aug0.jpg,GOOD
IMG-20250215-WA0043 (1) (1) (1)-bPeVId_aug1.jpg,GOOD
IMG-20250215-WA0043 (1) (1) (1)-bPeVId_aug10.jpg,GOOD
IMG-20250215-WA0043 (1) (1) (1)-bPeVId_aug11.jpg,GOOD
IMG-20250215-WA0043 (1) (1) (1)-bPeVId_aug12.jpg,GOOD
IMG-20250215-WA0043 (1) (1) (1)-bPeVId_aug13.jpg,GOOD
IMG-20250215-WA0043 (1) (1) (1)-bPeVId_aug14.jpg,GOOD
IMG-20250215-WA0043 (1) (1) (1)-bPeVId_aug15.jpg,GOOD
IMG-20250215-WA0043 (1) (1) (1)-bPeVId_aug16.jpg,GOOD
IMG-20250215-WA0043 (1) (1) (1)-bPeVId_aug17.jpg,GOOD
IMG-20250215-WA0043 (1) (1) (1)-bPeVId_aug18.jpg,GOOD
IMG-20250215-WA0043 (1) (1) (1)-bPeVId_aug19.jpg,GOOD
IMG-20250215-WA0043 (1) (1) (1)-bPeVId_aug2.jpg,GOOD
IMG-20250215-WA0043 (1) (1) (1)-bPeVId_aug3.jpg,GOOD
IMG-20250215-WA0043 (1) (1) (1)-bPeVId_aug4.jpg,GOOD
IMG-20250215-WA0043 (1) (1) (1)-bPeVId_aug5.jpg,GOOD
IMG-20250215-WA0043 (1) (1) (1)-bPeVId_aug6.jpg,GOOD
IMG-20250215-WA0043 (1) (1) (1)-bPeVId_aug7.jpg,GOOD
IMG-20250215-WA0043 (1) (1) (1)-bPeVId_aug8.jpg,GOOD
IMG-20250215-WA0043 (1) (1) (1)-bPeVId_aug9.jpg,GOOD
IMG-20250215-WA0044 (1) (1) (1)-nwwa0M_aug0.jpg,GOOD
IMG-20250215-WA0044 (1) (1) (1)-nwwa0M_aug1.jpg,GOOD
IMG-20250215-WA0044 (1) (1) (1)-nwwa0M_aug10.jpg,GOOD
IMG-20250215-WA0044 (1) (1) (1)-nwwa0M_aug11.jpg,GOOD
IMG-20250215-WA0044 (1) (1) (1)-nwwa0M_aug12.jpg,GOOD
IMG-20250215-WA0044 (1) (1) (1)-nwwa0M_aug13.jpg,GOOD
IMG-20250215-WA0044 (1) (1) (1)-nwwa0M_aug14.jpg,GOOD
IMG-20250215-WA0044 (1) (1) (1)-nwwa0M_aug15.jpg,GOOD
IMG-20250215-WA0044 (1) (1) (1)-nwwa0M_aug16.jpg,GOOD
IMG-20250215-WA0044 (1) (1) (1)-nwwa0M_aug17.jpg,GOOD
IMG-20250215-WA0044 (1) (1) (1)-nwwa0M_aug18.jpg,GOOD
IMG-20250215-WA0044 (1) (1) (1)-nwwa0M_aug19.jpg,GOOD
IMG-20250215-WA0044 (1) (1) (1)-nwwa0M_aug2.jpg,GOOD
IMG-20250215-WA0044 (1) (1) (1)-nwwa0M_aug3.jpg,GOOD
IMG-20250215-WA0044 (1) (1) (1)-nwwa0M_aug4.jpg,GOOD
IMG-20250215-WA0044 (1) (1) (1)-nwwa0M_aug5.jpg,GOOD
IMG-20250215-WA0044 (1) (1) (1)-nwwa0M_aug6.jpg,GOOD
IMG-20250215-WA0044 (1) (1) (1)-nwwa0M_aug7.jpg,GOOD
IMG-20250215-WA0044 (1) (1) (1)-nwwa0M_aug8.jpg,GOOD
IMG-20250215-WA0044 (1) (1) (1)-nwwa0M_aug9.jpg,GOOD
IMG-20250215-WA0045 (1) (1) (1)-ugD5e2_aug0.jpg,GOOD
IMG-20250215-WA0045 (1) (1) (1)-ugD5e2_aug1.jpg,GOOD
IMG-20250215-WA0045 (1) (1) (1)-ugD5e2_aug10.jpg,GOOD
IMG-20250215-WA0045 (1) (1) (1)-ugD5e2_aug11.jpg,GOOD
IMG-20250215-WA0045 (1) (1) (1)-ugD5e2_aug12.jpg,GOOD
IMG-20250215-WA0045 (1) (1) (1)-ugD5e2_aug13.jpg,GOOD
IMG-20250215-WA0045 (1) (1) (1)-ugD5e2_aug14.jpg,GOOD
IMG-20250215-WA0045 (1) (1) (1)-ugD5e2_aug15.jpg,GOOD
IMG-20250215-WA0045 (1) (1) (1)-ugD5e2_aug16.jpg,GOOD
IMG-20250215-WA0045 (1) (1) (1)-ugD5e2_aug17.jpg,GOOD
IMG-20250215-WA0045 (1) (1) (1)-ugD5e2_aug18.jpg,GOOD
IMG-20250215-WA0045 (1) (1) (1)-ugD5e2_aug19.jpg,GOOD
IMG-20250215-WA0045 (1) (1) (1)-ugD5e2_aug2.jpg,GOOD
IMG-20250215-WA0045 (1) (1) (1)-ugD5e2_aug3.jpg,GOOD
IMG-20250215-WA0045 (1) (1) (1)-ugD5e2_aug4.jpg,GOOD
IMG-20250215-WA0045 (1) (1) (1)-ugD5e2_aug5.jpg,GOOD
IMG-20250215-WA0045 (1) (1) (1)-ugD5e2_aug6.jpg,GOOD
IMG-20250215-WA0045 (1) (1) (1)-ugD5e2_aug7.jpg,GOOD
IMG-20250215-WA0045 (1) (1) (1)-ugD5e2_aug8.jpg,GOOD
IMG-20250215-WA0045 (1) (1) (1)-ugD5e2_aug9.jpg,GOOD
IMG-20250215-WA0046 (1) (1) (1)-rluuvF_aug0.jpg,GOOD
IMG-20250215-WA0046 (1) (1) (1)-rluuvF_aug1.jpg,GOOD
IMG-20250215-WA0046 (1) (1) (1)-rluuvF_aug10.jpg,GOOD
IMG-20250215-WA0046 (1) (1) (1)-rluuvF_aug11.jpg,GOOD
IMG-20250215-WA0046 (1) (1) (1)-rluuvF_aug12.jpg,GOOD
IMG-20250215-WA0046 (1) (1) (1)-rluuvF_aug13.jpg,GOOD
IMG-20250215-WA0046 (1) (1) (1)-rluuvF_aug14.jpg,GOOD
IMG-20250215-WA0046 (1) (1) (1)-rluuvF_aug15.jpg,GOOD
IMG-20250215-WA0046 (1) (1) (1)-rluuvF_aug16.jpg,GOOD
IMG-20250215-WA0046 (1) (1) (1)-rluuvF_aug17.jpg,GOOD
IMG-20250215-WA0046 (1) (1) (1)-rluuvF_aug18.jpg,GOOD
IMG-20250215-WA0046 (1) (1) (1)-rluuvF_aug19.jpg,GOOD
IMG-20250215-WA0046 (1) (1) (1)-rluuvF_aug2.jpg,GOOD
IMG-20250215-WA0046 (1) (1) (1)-rluuvF_aug3.jpg,GOOD
IMG-20250215-WA0046 (1) (1) (1)-rluuvF_aug4.jpg,GOOD
IMG-20250215-WA0046 (1) (1) (1)-rluuvF_aug5.jpg,GOOD
IMG-20250215-WA0046 (1) (1) (1)-rluuvF_aug6.jpg,GOOD
IMG-20250215-WA0046 (1) (1) (1)-rluuvF_aug7.jpg,GOOD
IMG-20250215-WA0046 (1) (1) (1)-rluuvF_aug8.jpg,GOOD
IMG-20250215-WA0046 (1) (1) (1)-rluuvF_aug9.jpg,GOOD
IMG-20250215-WA0047 (1) (1) (1)-CVtap7_aug0.jpg,GOOD
IMG-20250215-WA0047 (1) (1) (1)-CVtap7_aug1.jpg,GOOD
IMG-20250215-WA0047 (1) (1) (1)-CVtap7_aug10.jpg,GOOD
IMG-20250215-WA0047 (1) (1) (1)-CVtap7_aug11.jpg,GOOD
IMG-20250215-WA0047 (1) (1) (1)-CVtap7_aug12.jpg,GOOD
IMG-20250215-WA0047 (1) (1) (1)-CVtap7_aug13.jpg,GOOD
IMG-20250215-WA0047 (1) (1) (1)-CVtap7_aug14.jpg,GOOD
IMG-20250215-WA0047 (1) (1) (1)-CVtap7_aug15.jpg,GOOD
IMG-20250215-WA0047 (1) (1) (1)-CVtap7_aug16.jpg,GOOD
IMG-20250215-WA0047 (1) (1) (1)-CVtap7_aug17.jpg,GOOD
IMG-20250215-WA0047 (1) (1) (1)-CVtap7_aug18.jpg,GOOD
IMG-20250215-WA0047 (1) (1) (1)-CVtap7_aug19.jpg,GOOD
IMG-20250215-WA0047 (1) (1) (1)-CVtap7_aug2.jpg,GOOD
IMG-20250215-WA0047 (1) (1) (1)-CVtap7_aug3.jpg,GOOD
IMG-20250215-WA0047 (1) (1) (1)-CVtap7_aug4.jpg,GOOD
IMG-20250215-WA0047 (1) (1) (1)-CVtap7_aug5.jpg,GOOD
IMG-20250215-WA0047 (1) (1) (1)-CVtap7_aug6.jpg,GOOD
IMG-20250215-WA0047 (1) (1) (1)-CVtap7_aug7.jpg,GOOD
IMG-20250215-WA0047 (1) (1) (1)-CVtap7_aug8.jpg,GOOD
IMG-20250215-WA0047 (1) (1) (1)-CVtap7_aug9.jpg,GOOD
IMG-20250215-WA0048 (1) (1) (1)-nqBEhA_aug0.jpg,GOOD
IMG-20250215-WA0048 (1) (1) (1)-nqBEhA_aug1.jpg,GOOD
IMG-20250215-WA0048 (1) (1) (1)-nqBEhA_aug10.jpg,GOOD
IMG-20250215-WA0048 (1) (1) (1)-nqBEhA_aug11.jpg,GOOD
IMG-20250215-WA0048 (1) (1) (1)-nqBEhA_aug12.jpg,GOOD
IMG-20250215-WA0048 (1) (1) (1)-nqBEhA_aug13.jpg,GOOD
IMG-20250215-WA0048 (1) (1) (1)-nqBEhA_aug14.jpg,GOOD
IMG-20250215-WA0048 (1) (1) (1)-nqBEhA_aug15.jpg,GOOD
IMG-20250215-WA0048 (1) (1) (1)-nqBEhA_aug16.jpg,GOOD
IMG-20250215-WA0048 (1) (1) (1)-nqBEhA_aug17.jpg,GOOD
IMG-20250215-WA0048 (1) (1) (1)-nqBEhA_aug18.jpg,GOOD
IMG-20250215-WA0048 (1) (1) (1)-nqBEhA_aug19.jpg,GOOD
IMG-20250215-WA0048 (1) (1) (1)-nqBEhA_aug2.jpg,GOOD
IMG-20250215-WA0048 (1) (1) (1)-nqBEhA_aug3.jpg,GOOD
IMG-20250215-WA0048 (1) (1) (1)-nqBEhA_aug4.jpg,GOOD
IMG-20250215-WA0048 (1) (1) (1)-nqBEhA_aug5.jpg,GOOD
IMG-20250215-WA0048 (1) (1) (1)-nqBEhA_aug6.jpg,GOOD
IMG-20250215-WA0048 (1) (1) (1)-nqBEhA_aug7.jpg,GOOD
IMG-20250215-WA0048 (1) (1) (1)-nqBEhA_aug8.jpg,GOOD
IMG-20250215-WA0048 (1) (1) (1)-nqBEhA_aug9.jpg,GOOD
IMG-20250215-WA0049 (1) (1) (1)-Ep3AVq_aug0.jpg,GOOD
IMG-20250215-WA0049 (1) (1) (1)-Ep3AVq_aug1.jpg,GOOD
IMG-20250215-WA0049 (1) (1) (1)-Ep3AVq_aug10.jpg,GOOD
IMG-20250215-WA0049 (1) (1) (1)-Ep3AVq_aug11.jpg,GOOD
IMG-20250215-WA0049 (1) (1) (1)-Ep3AVq_aug12.jpg,GOOD
IMG-20250215-WA0049 (1) (1) (1)-Ep3AVq_aug13.jpg,GOOD
IMG-20250215-WA0049 (1) (1) (1)-Ep3AVq_aug14.jpg,GOOD
IMG-20250215-WA0049 (1) (1) (1)-Ep3AVq_aug15.jpg,GOOD
IMG-20250215-WA0049 (1) (1) (1)-Ep3AVq_aug16.jpg,GOOD
IMG-20250215-WA0049 (1) (1) (1)-Ep3AVq_aug17.jpg,GOOD
IMG-20250215-WA0049 (1) (1) (1)-Ep3AVq_aug18.jpg,GOOD
IMG-20250215-WA0049 (1) (1) (1)-Ep3AVq_aug19.jpg,GOOD
IMG-20250215-WA0049 (1) (1) (1)-Ep3AVq_aug2.jpg,GOOD
IMG-20250215-WA0049 (1) (1) (1)-Ep3AVq_aug3.jpg,GOOD
IMG-20250215-WA0049 (1) (1) (1)-Ep3AVq_aug4.jpg,GOOD
IMG-20250215-WA0049 (1) (1) (1)-Ep3AVq_aug5.jpg,GOOD
IMG-20250215-WA0049 (1) (1) (1)-Ep3AVq_aug6.jpg,GOOD
IMG-20250215-WA0049 (1) (1) (1)-Ep3AVq_aug7.jpg,GOOD
IMG-20250215-WA0049 (1) (1) (1)-Ep3AVq_aug8.jpg,GOOD
IMG-20250215-WA0049 (1) (1) (1)-Ep3AVq_aug9.jpg,GOOD
IMG-20250215-WA0050 (1) (1) (1)-3MVVyg_aug0.jpg,GOOD
IMG-20250215-WA0050 (1) (1) (1)-3MVVyg_aug1.jpg,GOOD
IMG-20250215-WA0050 (1) (1) (1)-3MVVyg_aug10.jpg,GOOD
IMG-20250215-WA0050 (1) (1) (1)-3MVVyg_aug11.jpg,GOOD
IMG-20250215-WA0050 (1) (1) (1)-3MVVyg_aug12.jpg,GOOD
IMG-20250215-WA0050 (1) (1) (1)-3MVVyg_aug13.jpg,GOOD
IMG-20250215-WA0050 (1) (1) (1)-3MVVyg_aug14.jpg,GOOD
IMG-20250215-WA0050 (1) (1) (1)-3MVVyg_aug15.jpg,GOOD
IMG-20250215-WA0050 (1) (1) (1)-3MVVyg_aug16.jpg,GOOD
IMG-20250215-WA0050 (1) (1) (1)-3MVVyg_aug17.jpg,GOOD
IMG-20250215-WA0050 (1) (1) (1)-3MVVyg_aug18.jpg,GOOD
IMG-20250215-WA0050 (1) (1) (1)-3MVVyg_aug19.jpg,GOOD
IMG-20250215-WA0050 (1) (1) (1)-3MVVyg_aug2.jpg,GOOD
IMG-20250215-WA0050 (1) (1) (1)-3MVVyg_aug3.jpg,GOOD
IMG-20250215-WA0050 (1) (1) (1)-3MVVyg_aug4.jpg,GOOD
IMG-20250215-WA0050 (1) (1) (1)-3MVVyg_aug5.jpg,GOOD
IMG-20250215-WA0050 (1) (1) (1)-3MVVyg_aug6.jpg,GOOD
IMG-20250215-WA0050 (1) (1) (1)-3MVVyg_aug7.jpg,GOOD
IMG-20250215-WA0050 (1) (1) (1)-3MVVyg_aug8.jpg,GOOD
IMG-20250215-WA0050 (1) (1) (1)-3MVVyg_aug9.jpg,GOOD
IMG-20250215-WA0051 (1) (1) (1)-WuzwEu_aug0.jpg,GOOD
IMG-20250215-WA0051 (1) (1) (1)-WuzwEu_aug1.jpg,GOOD
IMG-20250215-WA0051 (1) (1) (1)-WuzwEu_aug10.jpg,GOOD
IMG-20250215-WA0051 (1) (1) (1)-WuzwEu_aug11.jpg,GOOD
IMG-20250215-WA0051 (1) (1) (1)-WuzwEu_aug12.jpg,GOOD
IMG-20250215-WA0051 (1) (1) (1)-WuzwEu_aug13.jpg,GOOD
IMG-20250215-WA0051 (1) (1) (1)-WuzwEu_aug14.jpg,GOOD
IMG-20250215-WA0051 (1) (1) (1)-WuzwEu_aug15.jpg,GOOD
IMG-20250215-WA0051 (1) (1) (1)-WuzwEu_aug16.jpg,GOOD
IMG-20250215-WA0051 (1) (1) (1)-WuzwEu_aug17.jpg,GOOD
IMG-20250215-WA0051 (1) (1) (1)-WuzwEu_aug18.jpg,GOOD
IMG-20250215-WA0051 (1) (1) (1)-WuzwEu_aug19.jpg,GOOD
IMG-20250215-WA0051 (1) (1) (1)-WuzwEu_aug2.jpg,GOOD
IMG-20250215-WA0051 (1) (1) (1)-WuzwEu_aug3.jpg,GOOD
IMG-20250215-WA0051 (1) (1) (1)-WuzwEu_aug4.jpg,GOOD
IMG-20250215-WA0051 (1) (1) (1)-WuzwEu_aug5.jpg,GOOD
IMG-20250215-WA0051 (1) (1) (1)-WuzwEu_aug6.jpg,GOOD
IMG-20250215-WA0051 (1) (1) (1)-WuzwEu_aug7.jpg,GOOD
IMG-20250215-WA0051 (1) (1) (1)-WuzwEu_aug8.jpg,GOOD
IMG-20250215-WA0051 (1) (1) (1)-WuzwEu_aug9.jpg,GOOD
IMG-20250215-WA0052 (1) (1) (1) (1)-n1lx73_aug0.jpg,GOOD
IMG-20250215-WA0052 (1) (1) (1) (1)-n1lx73_aug1.jpg,GOOD
IMG-20250215-WA0052 (1) (1) (1) (1)-n1lx73_aug10.jpg,GOOD
IMG-20250215-WA0052 (1) (1) (1) (1)-n1lx73_aug11.jpg,GOOD
IMG-20250215-WA0052 (1) (1) (1) (1)-n1lx73_aug12.jpg,GOOD
IMG-20250215-WA0052 (1) (1) (1) (1)-n1lx73_aug13.jpg,GOOD
IMG-20250215-WA0052 (1) (1) (1) (1)-n1lx73_aug14.jpg,GOOD
IMG-20250215-WA0052 (1) (1) (1) (1)-n1lx73_aug15.jpg,GOOD
IMG-20250215-WA0052 (1) (1) (1) (1)-n1lx73_aug16.jpg,GOOD
IMG-20250215-WA0052 (1) (1) (1) (1)-n1lx73_aug17.jpg,GOOD
IMG-20250215-WA0052 (1) (1) (1) (1)-n1lx73_aug18.jpg,GOOD
IMG-20250215-WA0052 (1) (1) (1) (1)-n1lx73_aug19.jpg,GOOD
IMG-20250215-WA0052 (1) (1) (1) (1)-n1lx73_aug2.jpg,GOOD
IMG-20250215-WA0052 (1) (1) (1) (1)-n1lx73_aug3.jpg,GOOD
IMG-20250215-WA0052 (1) (1) (1) (1)-n1lx73_aug4.jpg,GOOD
IMG-20250215-WA0052 (1) (1) (1) (1)-n1lx73_aug5.jpg,GOOD
IMG-20250215-WA0052 (1) (1) (1) (1)-n1lx73_aug6.jpg,GOOD
IMG-20250215-WA0052 (1) (1) (1) (1)-n1lx73_aug7.jpg,GOOD
IMG-20250215-WA0052 (1) (1) (1) (1)-n1lx73_aug8.jpg,GOOD
IMG-20250215-WA0052 (1) (1) (1) (1)-n1lx73_aug9.jpg,GOOD
IMG-20250215-WA0053 (1) (1) (1)-ZWBhUN_aug0.jpg,GOOD
IMG-20250215-WA0053 (1) (1) (1)-ZWBhUN_aug1.jpg,GOOD
IMG-20250215-WA0053 (1) (1) (1)-ZWBhUN_aug10.jpg,GOOD
IMG-20250215-WA0053 (1) (1) (1)-ZWBhUN_aug11.jpg,GOOD
IMG-20250215-WA0053 (1) (1) (1)-ZWBhUN_aug12.jpg,GOOD
IMG-20250215-WA0053 (1) (1) (1)-ZWBhUN_aug13.jpg,GOOD
IMG-20250215-WA0053 (1) (1) (1)-ZWBhUN_aug14.jpg,GOOD
IMG-20250215-WA0053 (1) (1) (1)-ZWBhUN_aug15.jpg,GOOD
IMG-20250215-WA0053 (1) (1) (1)-ZWBhUN_aug16.jpg,GOOD
IMG-20250215-WA0053 (1) (1) (1)-ZWBhUN_aug17.jpg,GOOD
IMG-20250215-WA0053 (1) (1) (1)-ZWBhUN_aug18.jpg,GOOD
IMG-20250215-WA0053 (1) (1) (1)-ZWBhUN_aug19.jpg,GOOD
IMG-20250215-WA0053 (1) (1) (1)-ZWBhUN_aug2.jpg,GOOD
IMG-20250215-WA0053 (1) (1) (1)-ZWBhUN_aug3.jpg,GOOD
IMG-20250215-WA0053 (1) (1) (1)-ZWBhUN_aug4.jpg,GOOD
IMG-20250215-WA0053 (1) (1) (1)-ZWBhUN_aug5.jpg,GOOD
IMG-20250215-WA0053 (1) (1) (1)-ZWBhUN_aug6.jpg,GOOD
IMG-20250215-WA0053 (1) (1) (1)-ZWBhUN_aug7.jpg,GOOD
IMG-20250215-WA0053 (1) (1) (1)-ZWBhUN_aug8.jpg,GOOD
IMG-20250215-WA0053 (1) (1) (1)-ZWBhUN_aug9.jpg,GOOD
IMG-20250215-WA0054 (1) (1)-F309XW_aug0.jpg,GOOD
IMG-20250215-WA0054 (1) (1)-F309XW_aug1.jpg,GOOD
IMG-20250215-WA0054 (1) (1)-F309XW_aug10.jpg,GOOD
IMG-20250215-WA0054 (1) (1)-F309XW_aug11.jpg,GOOD
IMG-20250215-WA0054 (1) (1)-F309XW_aug12.jpg,GOOD
IMG-20250215-WA0054 (1) (1)-F309XW_aug13.jpg,GOOD
IMG-20250215-WA0054 (1) (1)-F309XW_aug14.jpg,GOOD
IMG-20250215-WA0054 (1) (1)-F309XW_aug15.jpg,GOOD
IMG-20250215-WA0054 (1) (1)-F309XW_aug16.jpg,GOOD
IMG-20250215-WA0054 (1) (1)-F309XW_aug17.jpg,GOOD
IMG-20250215-WA0054 (1) (1)-F309XW_aug18.jpg,GOOD
IMG-20250215-WA0054 (1) (1)-F309XW_aug19.jpg,GOOD
IMG-20250215-WA0054 (1) (1)-F309XW_aug2.jpg,GOOD
IMG-20250215-WA0054 (1) (1)-F309XW_aug3.jpg,GOOD
IMG-20250215-WA0054 (1) (1)-F309XW_aug4.jpg,GOOD
IMG-20250215-WA0054 (1) (1)-F309XW_aug5.jpg,GOOD
IMG-20250215-WA0054 (1) (1)-F309XW_aug6.jpg,GOOD
IMG-20250215-WA0054 (1) (1)-F309XW_aug7.jpg,GOOD
IMG-20250215-WA0054 (1) (1)-F309XW_aug8.jpg,GOOD
IMG-20250215-WA0054 (1) (1)-F309XW_aug9.jpg,GOOD
IMG-20250215-WA0055 (1) (1) (1)-My4kmh_aug0.jpg,GOOD
IMG-20250215-WA0055 (1) (1) (1)-My4kmh_aug1.jpg,GOOD
IMG-20250215-WA0055 (1) (1) (1)-My4kmh_aug10.jpg,GOOD
IMG-20250215-WA0055 (1) (1) (1)-My4kmh_aug11.jpg,GOOD
IMG-20250215-WA0055 (1) (1) (1)-My4kmh_aug12.jpg,GOOD
IMG-20250215-WA0055 (1) (1) (1)-My4kmh_aug13.jpg,GOOD
IMG-20250215-WA0055 (1) (1) (1)-My4kmh_aug14.jpg,GOOD
IMG-20250215-WA0055 (1) (1) (1)-My4kmh_aug15.jpg,GOOD
IMG-20250215-WA0055 (1) (1) (1)-My4kmh_aug16.jpg,GOOD
IMG-20250215-WA0055 (1) (1) (1)-My4kmh_aug17.jpg,GOOD
IMG-20250215-WA0055 (1) (1) (1)-My4kmh_aug18.jpg,GOOD
IMG-20250215-WA0055 (1) (1) (1)-My4kmh_aug19.jpg,GOOD
IMG-20250215-WA0055 (1) (1) (1)-My4kmh_aug2.jpg,GOOD
IMG-20250215-WA0055 (1) (1) (1)-My4kmh_aug3.jpg,GOOD
IMG-20250215-WA0055 (1) (1) (1)-My4kmh_aug4.jpg,GOOD
IMG-20250215-WA0055 (1) (1) (1)-My4kmh_aug5.jpg,GOOD
IMG-20250215-WA0055 (1) (1) (1)-My4kmh_aug6.jpg,GOOD
IMG-20250215-WA0055 (1) (1) (1)-My4kmh_aug7.jpg,GOOD
IMG-20250215-WA0055 (1) (1) (1)-My4kmh_aug8.jpg,GOOD
IMG-20250215-WA0055 (1) (1) (1)-My4kmh_aug9.jpg,GOOD
IMG-20250215-WA0057 (1) (1) (1)-5P93Mf_aug0.jpg,GOOD
IMG-20250215-WA0057 (1) (1) (1)-5P93Mf_aug1.jpg,GOOD
IMG-20250215-WA0057 (1) (1) (1)-5P93Mf_aug10.jpg,GOOD
IMG-20250215-WA0057 (1) (1) (1)-5P93Mf_aug11.jpg,GOOD
IMG-20250215-WA0057 (1) (1) (1)-5P93Mf_aug12.jpg,GOOD
IMG-20250215-WA0057 (1) (1) (1)-5P93Mf_aug13.jpg,GOOD
IMG-20250215-WA0057 (1) (1) (1)-5P93Mf_aug14.jpg,GOOD
IMG-20250215-WA0057 (1) (1) (1)-5P93Mf_aug15.jpg,GOOD
IMG-20250215-WA0057 (1) (1) (1)-5P93Mf_aug16.jpg,GOOD
IMG-20250215-WA0057 (1) (1) (1)-5P93Mf_aug17.jpg,GOOD
IMG-20250215-WA0057 (1) (1) (1)-5P93Mf_aug18.jpg,GOOD
IMG-20250215-WA0057 (1) (1) (1)-5P93Mf_aug19.jpg,GOOD
IMG-20250215-WA0057 (1) (1) (1)-5P93Mf_aug2.jpg,GOOD
IMG-20250215-WA0057 (1) (1) (1)-5P93Mf_aug3.jpg,GOOD
IMG-20250215-WA0057 (1) (1) (1)-5P93Mf_aug4.jpg,GOOD
IMG-20250215-WA0057 (1) (1) (1)-5P93Mf_aug5.jpg,GOOD
IMG-20250215-WA0057 (1) (1) (1)-5P93Mf_aug6.jpg,GOOD
IMG-20250215-WA0057 (1) (1) (1)-5P93Mf_aug7.jpg,GOOD
IMG-20250215-WA0057 (1) (1) (1)-5P93Mf_aug8.jpg,GOOD
IMG-20250215-WA0057 (1) (1) (1)-5P93Mf_aug9.jpg,GOOD
IMG-20250215-WA0058 (1) (1)_aug0.jpg,GOOD
IMG-20250215-WA0058 (1) (1)_aug1.jpg,GOOD
IMG-20250215-WA0058 (1) (1)_aug10.jpg,GOOD
IMG-20250215-WA0058 (1) (1)_aug11.jpg,GOOD
IMG-20250215-WA0058 (1) (1)_aug12.jpg,GOOD
IMG-20250215-WA0058 (1) (1)_aug13.jpg,GOOD
IMG-20250215-WA0058 (1) (1)_aug14.jpg,GOOD
IMG-20250215-WA0058 (1) (1)_aug15.jpg,GOOD
IMG-20250215-WA0058 (1) (1)_aug16.jpg,GOOD
IMG-20250215-WA0058 (1) (1)_aug17.jpg,GOOD
IMG-20250215-WA0058 (1) (1)_aug18.jpg,GOOD
IMG-20250215-WA0058 (1) (1)_aug19.jpg,GOOD
IMG-20250215-WA0058 (1) (1)_aug2.jpg,GOOD
IMG-20250215-WA0058 (1) (1)_aug3.jpg,GOOD
IMG-20250215-WA0058 (1) (1)_aug4.jpg,GOOD
IMG-20250215-WA0058 (1) (1)_aug5.jpg,GOOD
IMG-20250215-WA0058 (1) (1)_aug6.jpg,GOOD
IMG-20250215-WA0058 (1) (1)_aug7.jpg,GOOD
IMG-20250215-WA0058 (1) (1)_aug8.jpg,GOOD
IMG-20250215-WA0058 (1) (1)_aug9.jpg,GOOD
IMG-20250215-WA0059 (1) (1) (1)_aug0.jpg,GOOD
IMG-20250215-WA0059 (1) (1) (1)_aug1.jpg,GOOD
IMG-20250215-WA0059 (1) (1) (1)_aug10.jpg,GOOD
IMG-20250215-WA0059 (1) (1) (1)_aug11.jpg,GOOD
IMG-20250215-WA0059 (1) (1) (1)_aug12.jpg,GOOD
IMG-20250215-WA0059 (1) (1) (1)_aug13.jpg,GOOD
IMG-20250215-WA0059 (1) (1) (1)_aug14.jpg,GOOD
IMG-20250215-WA0059 (1) (1) (1)_aug15.jpg,GOOD
IMG-20250215-WA0059 (1) (1) (1)_aug16.jpg,GOOD
IMG-20250215-WA0059 (1) (1) (1)_aug17.jpg,GOOD
IMG-20250215-WA0059 (1) (1) (1)_aug18.jpg,GOOD
IMG-20250215-WA0059 (1) (1) (1)_aug19.jpg,GOOD
IMG-20250215-WA0059 (1) (1) (1)_aug2.jpg,GOOD
IMG-20250215-WA0059 (1) (1) (1)_aug3.jpg,GOOD
IMG-20250215-WA0059 (1) (1) (1)_aug4.jpg,GOOD
IMG-20250215-WA0059 (1) (1) (1)_aug5.jpg,GOOD
IMG-20250215-WA0059 (1) (1) (1)_aug6.jpg,GOOD
IMG-20250215-WA0059 (1) (1) (1)_aug7.jpg,GOOD
IMG-20250215-WA0059 (1) (1) (1)_aug8.jpg,GOOD
IMG-20250215-WA0059 (1) (1) (1)_aug9.jpg,GOOD
IMG-20250215-WA0060 (1) (1) (1)-U8VrJj_aug0.jpg,GOOD
IMG-20250215-WA0060 (1) (1) (1)-U8VrJj_aug1.jpg,GOOD
IMG-20250215-WA0060 (1) (1) (1)-U8VrJj_aug10.jpg,GOOD
IMG-20250215-WA0060 (1) (1) (1)-U8VrJj_aug11.jpg,GOOD
IMG-20250215-WA0060 (1) (1) (1)-U8VrJj_aug12.jpg,GOOD
IMG-20250215-WA0060 (1) (1) (1)-U8VrJj_aug13.jpg,GOOD
IMG-20250215-WA0060 (1) (1) (1)-U8VrJj_aug14.jpg,GOOD
IMG-20250215-WA0060 (1) (1) (1)-U8VrJj_aug15.jpg,GOOD
IMG-20250215-WA0060 (1) (1) (1)-U8VrJj_aug16.jpg,GOOD
IMG-20250215-WA0060 (1) (1) (1)-U8VrJj_aug17.jpg,GOOD
IMG-20250215-WA0060 (1) (1) (1)-U8VrJj_aug18.jpg,GOOD
IMG-20250215-WA0060 (1) (1) (1)-U8VrJj_aug19.jpg,GOOD
IMG-20250215-WA0060 (1) (1) (1)-U8VrJj_aug2.jpg,GOOD
IMG-20250215-WA0060 (1) (1) (1)-U8VrJj_aug3.jpg,GOOD
IMG-20250215-WA0060 (1) (1) (1)-U8VrJj_aug4.jpg,GOOD
IMG-20250215-WA0060 (1) (1) (1)-U8VrJj_aug5.jpg,GOOD
IMG-20250215-WA0060 (1) (1) (1)-U8VrJj_aug6.jpg,GOOD
IMG-20250215-WA0060 (1) (1) (1)-U8VrJj_aug7.jpg,GOOD
IMG-20250215-WA0060 (1) (1) (1)-U8VrJj_aug8.jpg,GOOD
IMG-20250215-WA0060 (1) (1) (1)-U8VrJj_aug9.jpg,GOOD
IMG-20250215-WA0061 (1) (1) (1)_aug0.jpg,GOOD
IMG-20250215-WA0061 (1) (1) (1)_aug1.jpg,GOOD
IMG-20250215-WA0061 (1) (1) (1)_aug10.jpg,GOOD
IMG-20250215-WA0061 (1) (1) (1)_aug11.jpg,GOOD
IMG-20250215-WA0061 (1) (1) (1)_aug12.jpg,GOOD
IMG-20250215-WA0061 (1) (1) (1)_aug13.jpg,GOOD
IMG-20250215-WA0061 (1) (1) (1)_aug14.jpg,GOOD
IMG-20250215-WA0061 (1) (1) (1)_aug15.jpg,GOOD
IMG-20250215-WA0061 (1) (1) (1)_aug16.jpg,GOOD
IMG-20250215-WA0061 (1) (1) (1)_aug17.jpg,GOOD
IMG-20250215-WA0061 (1) (1) (1)_aug18.jpg,GOOD
IMG-20250215-WA0061 (1) (1) (1)_aug19.jpg,GOOD
IMG-20250215-WA0061 (1) (1) (1)_aug2.jpg,GOOD
IMG-20250215-WA0061 (1) (1) (1)_aug3.jpg,GOOD
IMG-20250215-WA0061 (1) (1) (1)_aug4.jpg,GOOD
IMG-20250215-WA0061 (1) (1) (1)_aug5.jpg,GOOD
IMG-20250215-WA0061 (1) (1) (1)_aug6.jpg,GOOD
IMG-20250215-WA0061 (1) (1) (1)_aug7.jpg,GOOD
IMG-20250215-WA0061 (1) (1) (1)_aug8.jpg,GOOD
IMG-20250215-WA0061 (1) (1) (1)_aug9.jpg,GOOD
IMG-20250215-WA0063 (1) (1) (1)_aug0.jpg,GOOD
IMG-20250215-WA0063 (1) (1) (1)_aug1.jpg,GOOD
IMG-20250215-WA0063 (1) (1) (1)_aug10.jpg,GOOD
IMG-20250215-WA0063 (1) (1) (1)_aug11.jpg,GOOD
IMG-20250215-WA0063 (1) (1) (1)_aug12.jpg,GOOD
IMG-20250215-WA0063 (1) (1) (1)_aug13.jpg,GOOD
IMG-20250215-WA0063 (1) (1) (1)_aug14.jpg,GOOD
IMG-20250215-WA0063 (1) (1) (1)_aug15.jpg,GOOD
IMG-20250215-WA0063 (1) (1) (1)_aug16.jpg,GOOD
IMG-20250215-WA0063 (1) (1) (1)_aug17.jpg,GOOD
IMG-20250215-WA0063 (1) (1) (1)_aug18.jpg,GOOD
IMG-20250215-WA0063 (1) (1) (1)_aug19.jpg,GOOD
IMG-20250215-WA0063 (1) (1) (1)_aug2.jpg,GOOD
IMG-20250215-WA0063 (1) (1) (1)_aug3.jpg,GOOD
IMG-20250215-WA0063 (1) (1) (1)_aug4.jpg,GOOD
IMG-20250215-WA0063 (1) (1) (1)_aug5.jpg,GOOD
IMG-20250215-WA0063 (1) (1) (1)_aug6.jpg,GOOD
IMG-20250215-WA0063 (1) (1) (1)_aug7.jpg,GOOD
IMG-20250215-WA0063 (1) (1) (1)_aug8.jpg,GOOD
IMG-20250215-WA0063 (1) (1) (1)_aug9.jpg,GOOD
IMG-20250215-WA0064 (1) (1) (1)-312WKn_aug0.jpg,GOOD
IMG-20250215-WA0064 (1) (1) (1)-312WKn_aug1.jpg,GOOD
IMG-20250215-WA0064 (1) (1) (1)-312WKn_aug10.jpg,GOOD
IMG-20250215-WA0064 (1) (1) (1)-312WKn_aug11.jpg,GOOD
IMG-20250215-WA0064 (1) (1) (1)-312WKn_aug12.jpg,GOOD
IMG-20250215-WA0064 (1) (1) (1)-312WKn_aug13.jpg,GOOD
IMG-20250215-WA0064 (1) (1) (1)-312WKn_aug14.jpg,GOOD
IMG-20250215-WA0064 (1) (1) (1)-312WKn_aug15.jpg,GOOD
IMG-20250215-WA0064 (1) (1) (1)-312WKn_aug16.jpg,GOOD
IMG-20250215-WA0064 (1) (1) (1)-312WKn_aug17.jpg,GOOD
IMG-20250215-WA0064 (1) (1) (1)-312WKn_aug18.jpg,GOOD
IMG-20250215-WA0064 (1) (1) (1)-312WKn_aug19.jpg,GOOD
IMG-20250215-WA0064 (1) (1) (1)-312WKn_aug2.jpg,GOOD
IMG-20250215-WA0064 (1) (1) (1)-312WKn_aug3.jpg,GOOD
IMG-20250215-WA0064 (1) (1) (1)-312WKn_aug4.jpg,GOOD
IMG-20250215-WA0064 (1) (1) (1)-312WKn_aug5.jpg,GOOD
IMG-20250215-WA0064 (1) (1) (1)-312WKn_aug6.jpg,GOOD
IMG-20250215-WA0064 (1) (1) (1)-312WKn_aug7.jpg,GOOD
IMG-20250215-WA0064 (1) (1) (1)-312WKn_aug8.jpg,GOOD
IMG-20250215-WA0064 (1) (1) (1)-312WKn_aug9.jpg,GOOD
IMG-20250215-WA0065 (1) (1) (1)-j72Vz6_aug0.jpg,GOOD
IMG-20250215-WA0065 (1) (1) (1)-j72Vz6_aug1.jpg,GOOD
IMG-20250215-WA0065 (1) (1) (1)-j72Vz6_aug10.jpg,GOOD
IMG-20250215-WA0065 (1) (1) (1)-j72Vz6_aug11.jpg,GOOD
IMG-20250215-WA0065 (1) (1) (1)-j72Vz6_aug12.jpg,GOOD
IMG-20250215-WA0065 (1) (1) (1)-j72Vz6_aug13.jpg,GOOD
IMG-20250215-WA0065 (1) (1) (1)-j72Vz6_aug14.jpg,GOOD
IMG-20250215-WA0065 (1) (1) (1)-j72Vz6_aug15.jpg,GOOD
IMG-20250215-WA0065 (1) (1) (1)-j72Vz6_aug16.jpg,GOOD
IMG-20250215-WA0065 (1) (1) (1)-j72Vz6_aug17.jpg,GOOD
IMG-20250215-WA0065 (1) (1) (1)-j72Vz6_aug18.jpg,GOOD
IMG-20250215-WA0065 (1) (1) (1)-j72Vz6_aug19.jpg,GOOD
IMG-20250215-WA0065 (1) (1) (1)-j72Vz6_aug2.jpg,GOOD
IMG-20250215-WA0065 (1) (1) (1)-j72Vz6_aug3.jpg,GOOD
IMG-20250215-WA0065 (1) (1) (1)-j72Vz6_aug4.jpg,GOOD
IMG-20250215-WA0065 (1) (1) (1)-j72Vz6_aug5.jpg,GOOD
IMG-20250215-WA0065 (1) (1) (1)-j72Vz6_aug6.jpg,GOOD
IMG-20250215-WA0065 (1) (1) (1)-j72Vz6_aug7.jpg,GOOD
IMG-20250215-WA0065 (1) (1) (1)-j72Vz6_aug8.jpg,GOOD
IMG-20250215-WA0065 (1) (1) (1)-j72Vz6_aug9.jpg,GOOD
IMG-20250215-WA0066 (1) (1) (1)-OFSqZp_aug0.jpg,GOOD
IMG-20250215-WA0066 (1) (1) (1)-OFSqZp_aug1.jpg,GOOD
IMG-20250215-WA0066 (1) (1) (1)-OFSqZp_aug10.jpg,GOOD
IMG-20250215-WA0066 (1) (1) (1)-OFSqZp_aug11.jpg,GOOD
IMG-20250215-WA0066 (1) (1) (1)-OFSqZp_aug12.jpg,GOOD
IMG-20250215-WA0066 (1) (1) (1)-OFSqZp_aug13.jpg,GOOD
IMG-20250215-WA0066 (1) (1) (1)-OFSqZp_aug14.jpg,GOOD
IMG-20250215-WA0066 (1) (1) (1)-OFSqZp_aug15.jpg,GOOD
IMG-20250215-WA0066 (1) (1) (1)-OFSqZp_aug16.jpg,GOOD
IMG-20250215-WA0066 (1) (1) (1)-OFSqZp_aug17.jpg,GOOD
IMG-20250215-WA0066 (1) (1) (1)-OFSqZp_aug18.jpg,GOOD
IMG-20250215-WA0066 (1) (1) (1)-OFSqZp_aug19.jpg,GOOD
IMG-20250215-WA0066 (1) (1) (1)-OFSqZp_aug2.jpg,GOOD
IMG-20250215-WA0066 (1) (1) (1)-OFSqZp_aug3.jpg,GOOD
IMG-20250215-WA0066 (1) (1) (1)-OFSqZp_aug4.jpg,GOOD
IMG-20250215-WA0066 (1) (1) (1)-OFSqZp_aug5.jpg,GOOD
IMG-20250215-WA0066 (1) (1) (1)-OFSqZp_aug6.jpg,GOOD
IMG-20250215-WA0066 (1) (1) (1)-OFSqZp_aug7.jpg,GOOD
IMG-20250215-WA0066 (1) (1) (1)-OFSqZp_aug8.jpg,GOOD
IMG-20250215-WA0066 (1) (1) (1)-OFSqZp_aug9.jpg,GOOD
IMG-20250215-WA0067 (1) (1)_aug0.jpg,GOOD
IMG-20250215-WA0067 (1) (1)_aug1.jpg,GOOD
IMG-20250215-WA0067 (1) (1)_aug10.jpg,GOOD
IMG-20250215-WA0067 (1) (1)_aug11.jpg,GOOD
IMG-20250215-WA0067 (1) (1)_aug12.jpg,GOOD
IMG-20250215-WA0067 (1) (1)_aug13.jpg,GOOD
IMG-20250215-WA0067 (1) (1)_aug14.jpg,GOOD
IMG-20250215-WA0067 (1) (1)_aug15.jpg,GOOD
IMG-20250215-WA0067 (1) (1)_aug16.jpg,GOOD
IMG-20250215-WA0067 (1) (1)_aug17.jpg,GOOD
IMG-20250215-WA0067 (1) (1)_aug18.jpg,GOOD
IMG-20250215-WA0067 (1) (1)_aug19.jpg,GOOD
IMG-20250215-WA0067 (1) (1)_aug2.jpg,GOOD
IMG-20250215-WA0067 (1) (1)_aug3.jpg,GOOD
IMG-20250215-WA0067 (1) (1)_aug4.jpg,GOOD
IMG-20250215-WA0067 (1) (1)_aug5.jpg,GOOD
IMG-20250215-WA0067 (1) (1)_aug6.jpg,GOOD
IMG-20250215-WA0067 (1) (1)_aug7.jpg,GOOD
IMG-20250215-WA0067 (1) (1)_aug8.jpg,GOOD
IMG-20250215-WA0067 (1) (1)_aug9.jpg,GOOD
IMG-20250215-WA0069 (1) (1)_aug0.jpg,GOOD
IMG-20250215-WA0069 (1) (1)_aug1.jpg,GOOD
IMG-20250215-WA0069 (1) (1)_aug10.jpg,GOOD
IMG-20250215-WA0069 (1) (1)_aug11.jpg,GOOD
IMG-20250215-WA0069 (1) (1)_aug12.jpg,GOOD
IMG-20250215-WA0069 (1) (1)_aug13.jpg,GOOD
IMG-20250215-WA0069 (1) (1)_aug14.jpg,GOOD
IMG-20250215-WA0069 (1) (1)_aug15.jpg,GOOD
IMG-20250215-WA0069 (1) (1)_aug16.jpg,GOOD
IMG-20250215-WA0069 (1) (1)_aug17.jpg,GOOD
IMG-20250215-WA0069 (1) (1)_aug18.jpg,GOOD
IMG-20250215-WA0069 (1) (1)_aug19.jpg,GOOD
IMG-20250215-WA0069 (1) (1)_aug2.jpg,GOOD
IMG-20250215-WA0069 (1) (1)_aug3.jpg,GOOD
IMG-20250215-WA0069 (1) (1)_aug4.jpg,GOOD
IMG-20250215-WA0069 (1) (1)_aug5.jpg,GOOD
IMG-20250215-WA0069 (1) (1)_aug6.jpg,GOOD
IMG-20250215-WA0069 (1) (1)_aug7.jpg,GOOD
IMG-20250215-WA0069 (1) (1)_aug8.jpg,GOOD
IMG-20250215-WA0069 (1) (1)_aug9.jpg,GOOD
IMG-20250215-WA0070 (1) (1)_aug0.jpg,GOOD
IMG-20250215-WA0070 (1) (1)_aug1.jpg,GOOD
IMG-20250215-WA0070 (1) (1)_aug10.jpg,GOOD
IMG-20250215-WA0070 (1) (1)_aug11.jpg,GOOD
IMG-20250215-WA0070 (1) (1)_aug12.jpg,GOOD
IMG-20250215-WA0070 (1) (1)_aug13.jpg,GOOD
IMG-20250215-WA0070 (1) (1)_aug14.jpg,GOOD
IMG-20250215-WA0070 (1) (1)_aug15.jpg,GOOD
IMG-20250215-WA0070 (1) (1)_aug16.jpg,GOOD
IMG-20250215-WA0070 (1) (1)_aug17.jpg,GOOD
IMG-20250215-WA0070 (1) (1)_aug18.jpg,GOOD
IMG-20250215-WA0070 (1) (1)_aug19.jpg,GOOD
IMG-20250215-WA0070 (1) (1)_aug2.jpg,GOOD
IMG-20250215-WA0070 (1) (1)_aug3.jpg,GOOD
IMG-20250215-WA0070 (1) (1)_aug4.jpg,GOOD
IMG-20250215-WA0070 (1) (1)_aug5.jpg,GOOD
IMG-20250215-WA0070 (1) (1)_aug6.jpg,GOOD
IMG-20250215-WA0070 (1) (1)_aug7.jpg,GOOD
IMG-20250215-WA0070 (1) (1)_aug8.jpg,GOOD
IMG-20250215-WA0070 (1) (1)_aug9.jpg,GOOD
IMG-20250215-WA0071 (1) (1)-8aWu8C_aug0.jpg,GOOD
IMG-20250215-WA0071 (1) (1)-8aWu8C_aug1.jpg,GOOD
IMG-20250215-WA0071 (1) (1)-8aWu8C_aug10.jpg,GOOD
IMG-20250215-WA0071 (1) (1)-8aWu8C_aug11.jpg,GOOD
IMG-20250215-WA0071 (1) (1)-8aWu8C_aug12.jpg,GOOD
IMG-20250215-WA0071 (1) (1)-8aWu8C_aug13.jpg,GOOD
IMG-20250215-WA0071 (1) (1)-8aWu8C_aug14.jpg,GOOD
IMG-20250215-WA0071 (1) (1)-8aWu8C_aug15.jpg,GOOD
IMG-20250215-WA0071 (1) (1)-8aWu8C_aug16.jpg,GOOD
IMG-20250215-WA0071 (1) (1)-8aWu8C_aug17.jpg,GOOD
IMG-20250215-WA0071 (1) (1)-8aWu8C_aug18.jpg,GOOD
IMG-20250215-WA0071 (1) (1)-8aWu8C_aug19.jpg,GOOD
IMG-20250215-WA0071 (1) (1)-8aWu8C_aug2.jpg,GOOD
IMG-20250215-WA0071 (1) (1)-8aWu8C_aug3.jpg,GOOD
IMG-20250215-WA0071 (1) (1)-8aWu8C_aug4.jpg,GOOD
IMG-20250215-WA0071 (1) (1)-8aWu8C_aug5.jpg,GOOD
IMG-20250215-WA0071 (1) (1)-8aWu8C_aug6.jpg,GOOD
IMG-20250215-WA0071 (1) (1)-8aWu8C_aug7.jpg,GOOD
IMG-20250215-WA0071 (1) (1)-8aWu8C_aug8.jpg,GOOD
IMG-20250215-WA0071 (1) (1)-8aWu8C_aug9.jpg,GOOD
IMG-20250215-WA0072 (1) (1) (1)_aug0.jpg,GOOD
IMG-20250215-WA0072 (1) (1) (1)_aug1.jpg,GOOD
IMG-20250215-WA0072 (1) (1) (1)_aug10.jpg,GOOD
IMG-20250215-WA0072 (1) (1) (1)_aug11.jpg,GOOD
IMG-20250215-WA0072 (1) (1) (1)_aug12.jpg,GOOD
IMG-20250215-WA0072 (1) (1) (1)_aug13.jpg,GOOD
IMG-20250215-WA0072 (1) (1) (1)_aug14.jpg,GOOD
IMG-20250215-WA0072 (1) (1) (1)_aug15.jpg,GOOD
IMG-20250215-WA0072 (1) (1) (1)_aug16.jpg,GOOD
IMG-20250215-WA0072 (1) (1) (1)_aug17.jpg,GOOD
IMG-20250215-WA0072 (1) (1) (1)_aug18.jpg,GOOD
IMG-20250215-WA0072 (1) (1) (1)_aug19.jpg,GOOD
IMG-20250215-WA0072 (1) (1) (1)_aug2.jpg,GOOD
IMG-20250215-WA0072 (1) (1) (1)_aug3.jpg,GOOD
IMG-20250215-WA0072 (1) (1) (1)_aug4.jpg,GOOD
IMG-20250215-WA0072 (1) (1) (1)_aug5.jpg,GOOD
IMG-20250215-WA0072 (1) (1) (1)_aug6.jpg,GOOD
IMG-20250215-WA0072 (1) (1) (1)_aug7.jpg,GOOD
IMG-20250215-WA0072 (1) (1) (1)_aug8.jpg,GOOD
IMG-20250215-WA0072 (1) (1) (1)_aug9.jpg,GOOD
IMG-20250215-WA0073 (1) (1) (1)_aug0.jpg,GOOD
IMG-20250215-WA0073 (1) (1) (1)_aug1.jpg,GOOD
IMG-20250215-WA0073 (1) (1) (1)_aug10.jpg,GOOD
IMG-20250215-WA0073 (1) (1) (1)_aug11.jpg,GOOD
IMG-20250215-WA0073 (1) (1) (1)_aug12.jpg,GOOD
IMG-20250215-WA0073 (1) (1) (1)_aug13.jpg,GOOD
IMG-20250215-WA0073 (1) (1) (1)_aug14.jpg,GOOD
IMG-20250215-WA0073 (1) (1) (1)_aug15.jpg,GOOD
IMG-20250215-WA0073 (1) (1) (1)_aug16.jpg,GOOD
IMG-20250215-WA0073 (1) (1) (1)_aug17.jpg,GOOD
IMG-20250215-WA0073 (1) (1) (1)_aug18.jpg,GOOD
IMG-20250215-WA0073 (1) (1) (1)_aug19.jpg,GOOD
IMG-20250215-WA0073 (1) (1) (1)_aug2.jpg,GOOD
IMG-20250215-WA0073 (1) (1) (1)_aug3.jpg,GOOD
IMG-20250215-WA0073 (1) (1) (1)_aug4.jpg,GOOD
IMG-20250215-WA0073 (1) (1) (1)_aug5.jpg,GOOD
IMG-20250215-WA0073 (1) (1) (1)_aug6.jpg,GOOD
IMG-20250215-WA0073 (1) (1) (1)_aug7.jpg,GOOD
IMG-20250215-WA0073 (1) (1) (1)_aug8.jpg,GOOD
IMG-20250215-WA0073 (1) (1) (1)_aug9.jpg,GOOD
IMG-20250215-WA0074 (1) (1) (1)-tQBVsx_aug0.jpg,GOOD
IMG-20250215-WA0074 (1) (1) (1)-tQBVsx_aug1.jpg,GOOD
IMG-20250215-WA0074 (1) (1) (1)-tQBVsx_aug10.jpg,GOOD
IMG-20250215-WA0074 (1) (1) (1)-tQBVsx_aug11.jpg,GOOD
IMG-20250215-WA0074 (1) (1) (1)-tQBVsx_aug12.jpg,GOOD
IMG-20250215-WA0074 (1) (1) (1)-tQBVsx_aug13.jpg,GOOD
IMG-20250215-WA0074 (1) (1) (1)-tQBVsx_aug14.jpg,GOOD
IMG-20250215-WA0074 (1) (1) (1)-tQBVsx_aug15.jpg,GOOD
IMG-20250215-WA0074 (1) (1) (1)-tQBVsx_aug16.jpg,GOOD
IMG-20250215-WA0074 (1) (1) (1)-tQBVsx_aug17.jpg,GOOD
IMG-20250215-WA0074 (1) (1) (1)-tQBVsx_aug18.jpg,GOOD
IMG-20250215-WA0074 (1) (1) (1)-tQBVsx_aug19.jpg,GOOD
IMG-20250215-WA0074 (1) (1) (1)-tQBVsx_aug2.jpg,GOOD
IMG-20250215-WA0074 (1) (1) (1)-tQBVsx_aug3.jpg,GOOD
IMG-20250215-WA0074 (1) (1) (1)-tQBVsx_aug4.jpg,GOOD
IMG-20250215-WA0074 (1) (1) (1)-tQBVsx_aug5.jpg,GOOD
IMG-20250215-WA0074 (1) (1) (1)-tQBVsx_aug6.jpg,GOOD
IMG-20250215-WA0074 (1) (1) (1)-tQBVsx_aug7.jpg,GOOD
IMG-20250215-WA0074 (1) (1) (1)-tQBVsx_aug8.jpg,GOOD
IMG-20250215-WA0074 (1) (1) (1)-tQBVsx_aug9.jpg,GOOD
IMG-20250215-WA0075 (1) (1) (1)-8Ert1C_aug0.jpg,GOOD
IMG-20250215-WA0075 (1) (1) (1)-8Ert1C_aug1.jpg,GOOD
IMG-20250215-WA0075 (1) (1) (1)-8Ert1C_aug10.jpg,GOOD
IMG-20250215-WA0075 (1) (1) (1)-8Ert1C_aug11.jpg,GOOD
IMG-20250215-WA0075 (1) (1) (1)-8Ert1C_aug12.jpg,GOOD
IMG-20250215-WA0075 (1) (1) (1)-8Ert1C_aug13.jpg,GOOD
IMG-20250215-WA0075 (1) (1) (1)-8Ert1C_aug14.jpg,GOOD
IMG-20250215-WA0075 (1) (1) (1)-8Ert1C_aug15.jpg,GOOD
IMG-20250215-WA0075 (1) (1) (1)-8Ert1C_aug16.jpg,GOOD
IMG-20250215-WA0075 (1) (1) (1)-8Ert1C_aug17.jpg,GOOD
IMG-20250215-WA0075 (1) (1) (1)-8Ert1C_aug18.jpg,GOOD
IMG-20250215-WA0075 (1) (1) (1)-8Ert1C_aug19.jpg,GOOD
IMG-20250215-WA0075 (1) (1) (1)-8Ert1C_aug2.jpg,GOOD
IMG-20250215-WA0075 (1) (1) (1)-8Ert1C_aug3.jpg,GOOD
IMG-20250215-WA0075 (1) (1) (1)-8Ert1C_aug4.jpg,GOOD
IMG-20250215-WA0075 (1) (1) (1)-8Ert1C_aug5.jpg,GOOD
IMG-20250215-WA0075 (1) (1) (1)-8Ert1C_aug6.jpg,GOOD
IMG-20250215-WA0075 (1) (1) (1)-8Ert1C_aug7.jpg,GOOD
IMG-20250215-WA0075 (1) (1) (1)-8Ert1C_aug8.jpg,GOOD
IMG-20250215-WA0075 (1) (1) (1)-8Ert1C_aug9.jpg,GOOD
IMG-20250215-WA0076 (1) (1) (1)_aug0.jpg,GOOD
IMG-20250215-WA0076 (1) (1) (1)_aug1.jpg,GOOD
IMG-20250215-WA0076 (1) (1) (1)_aug10.jpg,GOOD
IMG-20250215-WA0076 (1) (1) (1)_aug11.jpg,GOOD
IMG-20250215-WA0076 (1) (1) (1)_aug12.jpg,GOOD
IMG-20250215-WA0076 (1) (1) (1)_aug13.jpg,GOOD
IMG-20250215-WA0076 (1) (1) (1)_aug14.jpg,GOOD
IMG-20250215-WA0076 (1) (1) (1)_aug15.jpg,GOOD
IMG-20250215-WA0076 (1) (1) (1)_aug16.jpg,GOOD
IMG-20250215-WA0076 (1) (1) (1)_aug17.jpg,GOOD
IMG-20250215-WA0076 (1) (1) (1)_aug18.jpg,GOOD
IMG-20250215-WA0076 (1) (1) (1)_aug19.jpg,GOOD
IMG-20250215-WA0076 (1) (1) (1)_aug2.jpg,GOOD
IMG-20250215-WA0076 (1) (1) (1)_aug3.jpg,GOOD
IMG-20250215-WA0076 (1) (1) (1)_aug4.jpg,GOOD
IMG-20250215-WA0076 (1) (1) (1)_aug5.jpg,GOOD
IMG-20250215-WA0076 (1) (1) (1)_aug6.jpg,GOOD
IMG-20250215-WA0076 (1) (1) (1)_aug7.jpg,GOOD
IMG-20250215-WA0076 (1) (1) (1)_aug8.jpg,GOOD
IMG-20250215-WA0076 (1) (1) (1)_aug9.jpg,GOOD
IMG-20250215-WA0077 (1) (1) (1)_aug0.jpg,GOOD
IMG-20250215-WA0077 (1) (1) (1)_aug1.jpg,GOOD
IMG-20250215-WA0077 (1) (1) (1)_aug10.jpg,GOOD
IMG-20250215-WA0077 (1) (1) (1)_aug11.jpg,GOOD
IMG-20250215-WA0077 (1) (1) (1)_aug12.jpg,GOOD
IMG-20250215-WA0077 (1) (1) (1)_aug13.jpg,GOOD
IMG-20250215-WA0077 (1) (1) (1)_aug14.jpg,GOOD
IMG-20250215-WA0077 (1) (1) (1)_aug15.jpg,GOOD
IMG-20250215-WA0077 (1) (1) (1)_aug16.jpg,GOOD
IMG-20250215-WA0077 (1) (1) (1)_aug17.jpg,GOOD
IMG-20250215-WA0077 (1) (1) (1)_aug18.jpg,GOOD
IMG-20250215-WA0077 (1) (1) (1)_aug19.jpg,GOOD
IMG-20250215-WA0077 (1) (1) (1)_aug2.jpg,GOOD
IMG-20250215-WA0077 (1) (1) (1)_aug3.jpg,GOOD
IMG-20250215-WA0077 (1) (1) (1)_aug4.jpg,GOOD
IMG-20250215-WA0077 (1) (1) (1)_aug5.jpg,GOOD
IMG-20250215-WA0077 (1) (1) (1)_aug6.jpg,GOOD
IMG-20250215-WA0077 (1) (1) (1)_aug7.jpg,GOOD
IMG-20250215-WA0077 (1) (1) (1)_aug8.jpg,GOOD
IMG-20250215-WA0077 (1) (1) (1)_aug9.jpg,GOOD
IMG-20250215-WA0078 (1) (1) (1)_aug0.jpg,GOOD
IMG-20250215-WA0078 (1) (1) (1)_aug1.jpg,GOOD
IMG-20250215-WA0078 (1) (1) (1)_aug10.jpg,GOOD
IMG-20250215-WA0078 (1) (1) (1)_aug11.jpg,GOOD
IMG-20250215-WA0078 (1) (1) (1)_aug12.jpg,GOOD
IMG-20250215-WA0078 (1) (1) (1)_aug13.jpg,GOOD
IMG-20250215-WA0078 (1) (1) (1)_aug14.jpg,GOOD
IMG-20250215-WA0078 (1) (1) (1)_aug15.jpg,GOOD
IMG-20250215-WA0078 (1) (1) (1)_aug16.jpg,GOOD
IMG-20250215-WA0078 (1) (1) (1)_aug17.jpg,GOOD
IMG-20250215-WA0078 (1) (1) (1)_aug18.jpg,GOOD
IMG-20250215-WA0078 (1) (1) (1)_aug19.jpg,GOOD
IMG-20250215-WA0078 (1) (1) (1)_aug2.jpg,GOOD
IMG-20250215-WA0078 (1) (1) (1)_aug3.jpg,GOOD
IMG-20250215-WA0078 (1) (1) (1)_aug4.jpg,GOOD
IMG-20250215-WA0078 (1) (1) (1)_aug5.jpg,GOOD
IMG-20250215-WA0078 (1) (1) (1)_aug6.jpg,GOOD
IMG-20250215-WA0078 (1) (1) (1)_aug7.jpg,GOOD
IMG-20250215-WA0078 (1) (1) (1)_aug8.jpg,GOOD
IMG-20250215-WA0078 (1) (1) (1)_aug9.jpg,GOOD
IMG-20250215-WA0000 (1) (1)-b7kCjM copy_aug0.jpg,BAD
IMG-20250215-WA0000 (1) (1)-b7kCjM copy_aug1.jpg,BAD
IMG-20250215-WA0000 (1) (1)-b7kCjM copy_aug10.jpg,BAD
IMG-20250215-WA0000 (1) (1)-b7kCjM copy_aug11.jpg,BAD
IMG-20250215-WA0000 (1) (1)-b7kCjM copy_aug12.jpg,BAD
IMG-20250215-WA0000 (1) (1)-b7kCjM copy_aug13.jpg,BAD
IMG-20250215-WA0000 (1) (1)-b7kCjM copy_aug14.jpg,BAD
IMG-20250215-WA0000 (1) (1)-b7kCjM copy_aug15.jpg,BAD
IMG-20250215-WA0000 (1) (1)-b7kCjM copy_aug16.jpg,BAD
IMG-20250215-WA0000 (1) (1)-b7kCjM copy_aug17.jpg,BAD
IMG-20250215-WA0000 (1) (1)-b7kCjM copy_aug18.jpg,BAD
IMG-20250215-WA0000 (1) (1)-b7kCjM copy_aug19.jpg,BAD
IMG-20250215-WA0000 (1) (1)-b7kCjM copy_aug2.jpg,BAD
IMG-20250215-WA0000 (1) (1)-b7kCjM copy_aug3.jpg,BAD
IMG-20250215-WA0000 (1) (1)-b7kCjM copy_aug4.jpg,BAD
IMG-20250215-WA0000 (1) (1)-b7kCjM copy_aug5.jpg,BAD
IMG-20250215-WA0000 (1) (1)-b7kCjM copy_aug6.jpg,BAD
IMG-20250215-WA0000 (1) (1)-b7kCjM copy_aug7.jpg,BAD
IMG-20250215-WA0000 (1) (1)-b7kCjM copy_aug8.jpg,BAD
IMG-20250215-WA0000 (1) (1)-b7kCjM copy_aug9.jpg,BAD
IMG-20250215-WA0001 (1) (1) (1)-1RPAkJ_aug0.jpg,BAD
IMG-20250215-WA0001 (1) (1) (1)-1RPAkJ_aug1.jpg,BAD
IMG-20250215-WA0001 (1) (1) (1)-1RPAkJ_aug10.jpg,BAD
IMG-20250215-WA0001 (1) (1) (1)-1RPAkJ_aug11.jpg,BAD
IMG-20250215-WA0001 (1) (1) (1)-1RPAkJ_aug12.jpg,BAD
IMG-20250215-WA0001 (1) (1) (1)-1RPAkJ_aug13.jpg,BAD
IMG-20250215-WA0001 (1) (1) (1)-1RPAkJ_aug14.jpg,BAD
IMG-20250215-WA0001 (1) (1) (1)-1RPAkJ_aug15.jpg,BAD
IMG-20250215-WA0001 (1) (1) (1)-1RPAkJ_aug16.jpg,BAD
IMG-20250215-WA0001 (1) (1) (1)-1RPAkJ_aug17.jpg,BAD
IMG-20250215-WA0001 (1) (1) (1)-1RPAkJ_aug18.jpg,BAD
IMG-20250215-WA0001 (1) (1) (1)-1RPAkJ_aug19.jpg,BAD
IMG-20250215-WA0001 (1) (1) (1)-1RPAkJ_aug2.jpg,BAD
IMG-20250215-WA0001 (1) (1) (1)-1RPAkJ_aug3.jpg,BAD
IMG-20250215-WA0001 (1) (1) (1)-1RPAkJ_aug4.jpg,BAD
IMG-20250215-WA0001 (1) (1) (1)-1RPAkJ_aug5.jpg,BAD
IMG-20250215-WA0001 (1) (1) (1)-1RPAkJ_aug6.jpg,BAD
IMG-20250215-WA0001 (1) (1) (1)-1RPAkJ_aug7.jpg,BAD
IMG-20250215-WA0001 (1) (1) (1)-1RPAkJ_aug8.jpg,BAD
IMG-20250215-WA0001 (1) (1) (1)-1RPAkJ_aug9.jpg,BAD
IMG-20250215-WA0002 (1)-5H80iS_aug0.jpg,BAD
IMG-20250215-WA0002 (1)-5H80iS_aug1.jpg,BAD
IMG-20250215-WA0002 (1)-5H80iS_aug10.jpg,BAD
IMG-20250215-WA0002 (1)-5H80iS_aug11.jpg,BAD
IMG-20250215-WA0002 (1)-5H80iS_aug12.jpg,BAD
IMG-20250215-WA0002 (1)-5H80iS_aug13.jpg,BAD
IMG-20250215-WA0002 (1)-5H80iS_aug14.jpg,BAD
IMG-20250215-WA0002 (1)-5H80iS_aug15.jpg,BAD
IMG-20250215-WA0002 (1)-5H80iS_aug16.jpg,BAD
IMG-20250215-WA0002 (1)-5H80iS_aug17.jpg,BAD
IMG-20250215-WA0002 (1)-5H80iS_aug18.jpg,BAD
IMG-20250215-WA0002 (1)-5H80iS_aug19.jpg,BAD
IMG-20250215-WA0002 (1)-5H80iS_aug2.jpg,BAD
IMG-20250215-WA0002 (1)-5H80iS_aug3.jpg,BAD
IMG-20250215-WA0002 (1)-5H80iS_aug4.jpg,BAD
IMG-20250215-WA0002 (1)-5H80iS_aug5.jpg,BAD
IMG-20250215-WA0002 (1)-5H80iS_aug6.jpg,BAD
IMG-20250215-WA0002 (1)-5H80iS_aug7.jpg,BAD
IMG-20250215-WA0002 (1)-5H80iS_aug8.jpg,BAD
IMG-20250215-WA0002 (1)-5H80iS_aug9.jpg,BAD
IMG-20250215-WA0003 (1)-3mzzfY_aug0.jpg,BAD
IMG-20250215-WA0003 (1)-3mzzfY_aug1.jpg,BAD
IMG-20250215-WA0003 (1)-3mzzfY_aug10.jpg,BAD
IMG-20250215-WA0003 (1)-3mzzfY_aug11.jpg,BAD
IMG-20250215-WA0003 (1)-3mzzfY_aug12.jpg,BAD
IMG-20250215-WA0003 (1)-3mzzfY_aug13.jpg,BAD
IMG-20250215-WA0003 (1)-3mzzfY_aug14.jpg,BAD
IMG-20250215-WA0003 (1)-3mzzfY_aug15.jpg,BAD
IMG-20250215-WA0003 (1)-3mzzfY_aug16.jpg,BAD
IMG-20250215-WA0003 (1)-3mzzfY_aug17.jpg,BAD
IMG-20250215-WA0003 (1)-3mzzfY_aug18.jpg,BAD
IMG-20250215-WA0003 (1)-3mzzfY_aug19.jpg,BAD
IMG-20250215-WA0003 (1)-3mzzfY_aug2.jpg,BAD
IMG-20250215-WA0003 (1)-3mzzfY_aug3.jpg,BAD
IMG-20250215-WA0003 (1)-3mzzfY_aug4.jpg,BAD
IMG-20250215-WA0003 (1)-3mzzfY_aug5.jpg,BAD
IMG-20250215-WA0003 (1)-3mzzfY_aug6.jpg,BAD
IMG-20250215-WA0003 (1)-3mzzfY_aug7.jpg,BAD
IMG-20250215-WA0003 (1)-3mzzfY_aug8.jpg,BAD
IMG-20250215-WA0003 (1)-3mzzfY_aug9.jpg,BAD
IMG-20250215-WA0004 (1)-0EurcW_aug0.jpg,BAD
IMG-20250215-WA0004 (1)-0EurcW_aug1.jpg,BAD
IMG-20250215-WA0004 (1)-0EurcW_aug10.jpg,BAD
IMG-20250215-WA0004 (1)-0EurcW_aug11.jpg,BAD
IMG-20250215-WA0004 (1)-0EurcW_aug12.jpg,BAD
IMG-20250215-WA0004 (1)-0EurcW_aug13.jpg,BAD
IMG-20250215-WA0004 (1)-0EurcW_aug14.jpg,BAD
IMG-20250215-WA0004 (1)-0EurcW_aug15.jpg,BAD
IMG-20250215-WA0004 (1)-0EurcW_aug16.jpg,BAD
IMG-20250215-WA0004 (1)-0EurcW_aug17.jpg,BAD
IMG-20250215-WA0004 (1)-0EurcW_aug18.jpg,BAD
IMG-20250215-WA0004 (1)-0EurcW_aug19.jpg,BAD
IMG-20250215-WA0004 (1)-0EurcW_aug2.jpg,BAD
IMG-20250215-WA0004 (1)-0EurcW_aug3.jpg,BAD
IMG-20250215-WA0004 (1)-0EurcW_aug4.jpg,BAD
IMG-20250215-WA0004 (1)-0EurcW_aug5.jpg,BAD
IMG-20250215-WA0004 (1)-0EurcW_aug6.jpg,BAD
IMG-20250215-WA0004 (1)-0EurcW_aug7.jpg,BAD
IMG-20250215-WA0004 (1)-0EurcW_aug8.jpg,BAD
IMG-20250215-WA0004 (1)-0EurcW_aug9.jpg,BAD
IMG-20250215-WA0005 (1)-0d3XzM_aug0.jpg,BAD
IMG-20250215-WA0005 (1)-0d3XzM_aug1.jpg,BAD
IMG-20250215-WA0005 (1)-0d3XzM_aug10.jpg,BAD
IMG-20250215-WA0005 (1)-0d3XzM_aug11.jpg,BAD
IMG-20250215-WA0005 (1)-0d3XzM_aug12.jpg,BAD
IMG-20250215-WA0005 (1)-0d3XzM_aug13.jpg,BAD
IMG-20250215-WA0005 (1)-0d3XzM_aug14.jpg,BAD
IMG-20250215-WA0005 (1)-0d3XzM_aug15.jpg,BAD
IMG-20250215-WA0005 (1)-0d3XzM_aug16.jpg,BAD
IMG-20250215-WA0005 (1)-0d3XzM_aug17.jpg,BAD
IMG-20250215-WA0005 (1)-0d3XzM_aug18.jpg,BAD
IMG-20250215-WA0005 (1)-0d3XzM_aug19.jpg,BAD
IMG-20250215-WA0005 (1)-0d3XzM_aug2.jpg,BAD
IMG-20250215-WA0005 (1)-0d3XzM_aug3.jpg,BAD
IMG-20250215-WA0005 (1)-0d3XzM_aug4.jpg,BAD
IMG-20250215-WA0005 (1)-0d3XzM_aug5.jpg,BAD
IMG-20250215-WA0005 (1)-0d3XzM_aug6.jpg,BAD
IMG-20250215-WA0005 (1)-0d3XzM_aug7.jpg,BAD
IMG-20250215-WA0005 (1)-0d3XzM_aug8.jpg,BAD
IMG-20250215-WA0005 (1)-0d3XzM_aug9.jpg,BAD
IMG-20250215-WA0006 (1)-1iLupr_aug0.jpg,BAD
IMG-20250215-WA0006 (1)-1iLupr_aug1.jpg,BAD
IMG-20250215-WA0006 (1)-1iLupr_aug10.jpg,BAD
IMG-20250215-WA0006 (1)-1iLupr_aug11.jpg,BAD
IMG-20250215-WA0006 (1)-1iLupr_aug12.jpg,BAD
IMG-20250215-WA0006 (1)-1iLupr_aug13.jpg,BAD
IMG-20250215-WA0006 (1)-1iLupr_aug14.jpg,BAD
IMG-20250215-WA0006 (1)-1iLupr_aug15.jpg,BAD
IMG-20250215-WA0006 (1)-1iLupr_aug16.jpg,BAD
IMG-20250215-WA0006 (1)-1iLupr_aug17.jpg,BAD
IMG-20250215-WA0006 (1)-1iLupr_aug18.jpg,BAD
IMG-20250215-WA0006 (1)-1iLupr_aug19.jpg,BAD
IMG-20250215-WA0006 (1)-1iLupr_aug2.jpg,BAD
IMG-20250215-WA0006 (1)-1iLupr_aug3.jpg,BAD
IMG-20250215-WA0006 (1)-1iLupr_aug4.jpg,BAD
IMG-20250215-WA0006 (1)-1iLupr_aug5.jpg,BAD
IMG-20250215-WA0006 (1)-1iLupr_aug6.jpg,BAD
IMG-20250215-WA0006 (1)-1iLupr_aug7.jpg,BAD
IMG-20250215-WA0006 (1)-1iLupr_aug8.jpg,BAD
IMG-20250215-WA0006 (1)-1iLupr_aug9.jpg,BAD
IMG-20250215-WA0007 (1)-5KhtkP_aug0.jpg,BAD
IMG-20250215-WA0007 (1)-5KhtkP_aug1.jpg,BAD
IMG-20250215-WA0007 (1)-5KhtkP_aug10.jpg,BAD
IMG-20250215-WA0007 (1)-5KhtkP_aug11.jpg,BAD
IMG-20250215-WA0007 (1)-5KhtkP_aug12.jpg,BAD
IMG-20250215-WA0007 (1)-5KhtkP_aug13.jpg,BAD
IMG-20250215-WA0007 (1)-5KhtkP_aug14.jpg,BAD
IMG-20250215-WA0007 (1)-5KhtkP_aug15.jpg,BAD
IMG-20250215-WA0007 (1)-5KhtkP_aug16.jpg,BAD
IMG-20250215-WA0007 (1)-5KhtkP_aug17.jpg,BAD
IMG-20250215-WA0007 (1)-5KhtkP_aug18.jpg,BAD
IMG-20250215-WA0007 (1)-5KhtkP_aug19.jpg,BAD
IMG-20250215-WA0007 (1)-5KhtkP_aug2.jpg,BAD
IMG-20250215-WA0007 (1)-5KhtkP_aug3.jpg,BAD
IMG-20250215-WA0007 (1)-5KhtkP_aug4.jpg,BAD
IMG-20250215-WA0007 (1)-5KhtkP_aug5.jpg,BAD
IMG-20250215-WA0007 (1)-5KhtkP_aug6.jpg,BAD
IMG-20250215-WA0007 (1)-5KhtkP_aug7.jpg,BAD
IMG-20250215-WA0007 (1)-5KhtkP_aug8.jpg,BAD
IMG-20250215-WA0007 (1)-5KhtkP_aug9.jpg,BAD
IMG-20250215-WA0008-5hJjgC_aug0.jpg,BAD
IMG-20250215-WA0008-5hJjgC_aug1.jpg,BAD
IMG-20250215-WA0008-5hJjgC_aug10.jpg,BAD
IMG-20250215-WA0008-5hJjgC_aug11.jpg,BAD
IMG-20250215-WA0008-5hJjgC_aug12.jpg,BAD
IMG-20250215-WA0008-5hJjgC_aug13.jpg,BAD
IMG-20250215-WA0008-5hJjgC_aug14.jpg,BAD
IMG-20250215-WA0008-5hJjgC_aug15.jpg,BAD
IMG-20250215-WA0008-5hJjgC_aug16.jpg,BAD
IMG-20250215-WA0008-5hJjgC_aug17.jpg,BAD
IMG-20250215-WA0008-5hJjgC_aug18.jpg,BAD
IMG-20250215-WA0008-5hJjgC_aug19.jpg,BAD
IMG-20250215-WA0008-5hJjgC_aug2.jpg,BAD
IMG-20250215-WA0008-5hJjgC_aug3.jpg,BAD
IMG-20250215-WA0008-5hJjgC_aug4.jpg,BAD
IMG-20250215-WA0008-5hJjgC_aug5.jpg,BAD
IMG-20250215-WA0008-5hJjgC_aug6.jpg,BAD
IMG-20250215-WA0008-5hJjgC_aug7.jpg,BAD
IMG-20250215-WA0008-5hJjgC_aug8.jpg,BAD
IMG-20250215-WA0008-5hJjgC_aug9.jpg,BAD
IMG-20250215-WA0009-10p9lE_aug0.jpg,BAD
IMG-20250215-WA0009-10p9lE_aug1.jpg,BAD
IMG-20250215-WA0009-10p9lE_aug10.jpg,BAD
IMG-20250215-WA0009-10p9lE_aug11.jpg,BAD
IMG-20250215-WA0009-10p9lE_aug12.jpg,BAD
IMG-20250215-WA0009-10p9lE_aug13.jpg,BAD
IMG-20250215-WA0009-10p9lE_aug14.jpg,BAD
IMG-20250215-WA0009-10p9lE_aug15.jpg,BAD
IMG-20250215-WA0009-10p9lE_aug16.jpg,BAD
IMG-20250215-WA0009-10p9lE_aug17.jpg,BAD
IMG-20250215-WA0009-10p9lE_aug18.jpg,BAD
IMG-20250215-WA0009-10p9lE_aug19.jpg,BAD
IMG-20250215-WA0009-10p9lE_aug2.jpg,BAD
IMG-20250215-WA0009-10p9lE_aug3.jpg,BAD
IMG-20250215-WA0009-10p9lE_aug4.jpg,BAD
IMG-20250215-WA0009-10p9lE_aug5.jpg,BAD
IMG-20250215-WA0009-10p9lE_aug6.jpg,BAD
IMG-20250215-WA0009-10p9lE_aug7.jpg,BAD
IMG-20250215-WA0009-10p9lE_aug8.jpg,BAD
IMG-20250215-WA0009-10p9lE_aug9.jpg,BAD
IMG-20250215-WA0010-FRSNBC_aug0.jpg,BAD
IMG-20250215-WA0010-FRSNBC_aug1.jpg,BAD
IMG-20250215-WA0010-FRSNBC_aug10.jpg,BAD
IMG-20250215-WA0010-FRSNBC_aug11.jpg,BAD
IMG-20250215-WA0010-FRSNBC_aug12.jpg,BAD
IMG-20250215-WA0010-FRSNBC_aug13.jpg,BAD
IMG-20250215-WA0010-FRSNBC_aug14.jpg,BAD
IMG-20250215-WA0010-FRSNBC_aug15.jpg,BAD
IMG-20250215-WA0010-FRSNBC_aug16.jpg,BAD
IMG-20250215-WA0010-FRSNBC_aug17.jpg,BAD
IMG-20250215-WA0010-FRSNBC_aug18.jpg,BAD
IMG-20250215-WA0010-FRSNBC_aug19.jpg,BAD
IMG-20250215-WA0010-FRSNBC_aug2.jpg,BAD
IMG-20250215-WA0010-FRSNBC_aug3.jpg,BAD
IMG-20250215-WA0010-FRSNBC_aug4.jpg,BAD
IMG-20250215-WA0010-FRSNBC_aug5.jpg,BAD
IMG-20250215-WA0010-FRSNBC_aug6.jpg,BAD
IMG-20250215-WA0010-FRSNBC_aug7.jpg,BAD
IMG-20250215-WA0010-FRSNBC_aug8.jpg,BAD
IMG-20250215-WA0010-FRSNBC_aug9.jpg,BAD
IMG-20250215-WA0011-1F06Mb_aug0.jpg,BAD
IMG-20250215-WA0011-1F06Mb_aug1.jpg,BAD
IMG-20250215-WA0011-1F06Mb_aug10.jpg,BAD
IMG-20250215-WA0011-1F06Mb_aug11.jpg,BAD
IMG-20250215-WA0011-1F06Mb_aug12.jpg,BAD
IMG-20250215-WA0011-1F06Mb_aug13.jpg,BAD
IMG-20250215-WA0011-1F06Mb_aug14.jpg,BAD
IMG-20250215-WA0011-1F06Mb_aug15.jpg,BAD
IMG-20250215-WA0011-1F06Mb_aug16.jpg,BAD
IMG-20250215-WA0011-1F06Mb_aug17.jpg,BAD
IMG-20250215-WA0011-1F06Mb_aug18.jpg,BAD
IMG-20250215-WA0011-1F06Mb_aug19.jpg,BAD
IMG-20250215-WA0011-1F06Mb_aug2.jpg,BAD
IMG-20250215-WA0011-1F06Mb_aug3.jpg,BAD
IMG-20250215-WA0011-1F06Mb_aug4.jpg,BAD
IMG-20250215-WA0011-1F06Mb_aug5.jpg,BAD
IMG-20250215-WA0011-1F06Mb_aug6.jpg,BAD
IMG-20250215-WA0011-1F06Mb_aug7.jpg,BAD
IMG-20250215-WA0011-1F06Mb_aug8.jpg,BAD
IMG-20250215-WA0011-1F06Mb_aug9.jpg,BAD
IMG-20250215-WA0012-0NtRyJ_aug0.jpg,BAD
IMG-20250215-WA0012-0NtRyJ_aug1.jpg,BAD
IMG-20250215-WA0012-0NtRyJ_aug10.jpg,BAD
IMG-20250215-WA0012-0NtRyJ_aug11.jpg,BAD
IMG-20250215-WA0012-0NtRyJ_aug12.jpg,BAD
IMG-20250215-WA0012-0NtRyJ_aug13.jpg,BAD
IMG-20250215-WA0012-0NtRyJ_aug14.jpg,BAD
IMG-20250215-WA0012-0NtRyJ_aug15.jpg,BAD
IMG-20250215-WA0012-0NtRyJ_aug16.jpg,BAD
IMG-20250215-WA0012-0NtRyJ_aug17.jpg,BAD
IMG-20250215-WA0012-0NtRyJ_aug18.jpg,BAD
IMG-20250215-WA0012-0NtRyJ_aug19.jpg,BAD
IMG-20250215-WA0012-0NtRyJ_aug2.jpg,BAD
IMG-20250215-WA0012-0NtRyJ_aug3.jpg,BAD
IMG-20250215-WA0012-0NtRyJ_aug4.jpg,BAD
IMG-20250215-WA0012-0NtRyJ_aug5.jpg,BAD
IMG-20250215-WA0012-0NtRyJ_aug6.jpg,BAD
IMG-20250215-WA0012-0NtRyJ_aug7.jpg,BAD
IMG-20250215-WA0012-0NtRyJ_aug8.jpg,BAD
IMG-20250215-WA0012-0NtRyJ_aug9.jpg,BAD
IMG-20250215-WA0013-5kbcRf_aug0.jpg,BAD
IMG-20250215-WA0013-5kbcRf_aug1.jpg,BAD
IMG-20250215-WA0013-5kbcRf_aug10.jpg,BAD
IMG-20250215-WA0013-5kbcRf_aug11.jpg,BAD
IMG-20250215-WA0013-5kbcRf_aug12.jpg,BAD
IMG-20250215-WA0013-5kbcRf_aug13.jpg,BAD
IMG-20250215-WA0013-5kbcRf_aug14.jpg,BAD
IMG-20250215-WA0013-5kbcRf_aug15.jpg,BAD
IMG-20250215-WA0013-5kbcRf_aug16.jpg,BAD
IMG-20250215-WA0013-5kbcRf_aug17.jpg,BAD
IMG-20250215-WA0013-5kbcRf_aug18.jpg,BAD
IMG-20250215-WA0013-5kbcRf_aug19.jpg,BAD
IMG-20250215-WA0013-5kbcRf_aug2.jpg,BAD
IMG-20250215-WA0013-5kbcRf_aug3.jpg,BAD
IMG-20250215-WA0013-5kbcRf_aug4.jpg,BAD
IMG-20250215-WA0013-5kbcRf_aug5.jpg,BAD
IMG-20250215-WA0013-5kbcRf_aug6.jpg,BAD
IMG-20250215-WA0013-5kbcRf_aug7.jpg,BAD
IMG-20250215-WA0013-5kbcRf_aug8.jpg,BAD
IMG-20250215-WA0013-5kbcRf_aug9.jpg,BAD
IMG-20250215-WA0014-4eoVHJ_aug0.jpg,BAD
IMG-20250215-WA0014-4eoVHJ_aug1.jpg,BAD
IMG-20250215-WA0014-4eoVHJ_aug10.jpg,BAD
IMG-20250215-WA0014-4eoVHJ_aug11.jpg,BAD
IMG-20250215-WA0014-4eoVHJ_aug12.jpg,BAD
IMG-20250215-WA0014-4eoVHJ_aug13.jpg,BAD
IMG-20250215-WA0014-4eoVHJ_aug14.jpg,BAD
IMG-20250215-WA0014-4eoVHJ_aug15.jpg,BAD
IMG-20250215-WA0014-4eoVHJ_aug16.jpg,BAD
IMG-20250215-WA0014-4eoVHJ_aug17.jpg,BAD
IMG-20250215-WA0014-4eoVHJ_aug18.jpg,BAD
IMG-20250215-WA0014-4eoVHJ_aug19.jpg,BAD
IMG-20250215-WA0014-4eoVHJ_aug2.jpg,BAD
IMG-20250215-WA0014-4eoVHJ_aug3.jpg,BAD
IMG-20250215-WA0014-4eoVHJ_aug4.jpg,BAD
IMG-20250215-WA0014-4eoVHJ_aug5.jpg,BAD
IMG-20250215-WA0014-4eoVHJ_aug6.jpg,BAD
IMG-20250215-WA0014-4eoVHJ_aug7.jpg,BAD
IMG-20250215-WA0014-4eoVHJ_aug8.jpg,BAD
IMG-20250215-WA0014-4eoVHJ_aug9.jpg,BAD
IMG-20250215-WA0015-BfnZ7E_aug0.jpg,BAD
IMG-20250215-WA0015-BfnZ7E_aug1.jpg,BAD
IMG-20250215-WA0015-BfnZ7E_aug10.jpg,BAD
IMG-20250215-WA0015-BfnZ7E_aug11.jpg,BAD
IMG-20250215-WA0015-BfnZ7E_aug12.jpg,BAD
IMG-20250215-WA0015-BfnZ7E_aug13.jpg,BAD
IMG-20250215-WA0015-BfnZ7E_aug14.jpg,BAD
IMG-20250215-WA0015-BfnZ7E_aug15.jpg,BAD
IMG-20250215-WA0015-BfnZ7E_aug16.jpg,BAD
IMG-20250215-WA0015-BfnZ7E_aug17.jpg,BAD
IMG-20250215-WA0015-BfnZ7E_aug18.jpg,BAD
IMG-20250215-WA0015-BfnZ7E_aug19.jpg,BAD
IMG-20250215-WA0015-BfnZ7E_aug2.jpg,BAD
IMG-20250215-WA0015-BfnZ7E_aug3.jpg,BAD
IMG-20250215-WA0015-BfnZ7E_aug4.jpg,BAD
IMG-20250215-WA0015-BfnZ7E_aug5.jpg,BAD
IMG-20250215-WA0015-BfnZ7E_aug6.jpg,BAD
IMG-20250215-WA0015-BfnZ7E_aug7.jpg,BAD
IMG-20250215-WA0015-BfnZ7E_aug8.jpg,BAD
IMG-20250215-WA0015-BfnZ7E_aug9.jpg,BAD
IMG-20250215-WA0016-4BZkkb_aug0.jpg,BAD
IMG-20250215-WA0016-4BZkkb_aug1.jpg,BAD
IMG-20250215-WA0016-4BZkkb_aug10.jpg,BAD
IMG-20250215-WA0016-4BZkkb_aug11.jpg,BAD
IMG-20250215-WA0016-4BZkkb_aug12.jpg,BAD
IMG-20250215-WA0016-4BZkkb_aug13.jpg,BAD
IMG-20250215-WA0016-4BZkkb_aug14.jpg,BAD
IMG-20250215-WA0016-4BZkkb_aug15.jpg,BAD
IMG-20250215-WA0016-4BZkkb_aug16.jpg,BAD
IMG-20250215-WA0016-4BZkkb_aug17.jpg,BAD
IMG-20250215-WA0016-4BZkkb_aug18.jpg,BAD
IMG-20250215-WA0016-4BZkkb_aug19.jpg,BAD
IMG-20250215-WA0016-4BZkkb_aug2.jpg,BAD
IMG-20250215-WA0016-4BZkkb_aug3.jpg,BAD
IMG-20250215-WA0016-4BZkkb_aug4.jpg,BAD
IMG-20250215-WA0016-4BZkkb_aug5.jpg,BAD
IMG-20250215-WA0016-4BZkkb_aug6.jpg,BAD
IMG-20250215-WA0016-4BZkkb_aug7.jpg,BAD
IMG-20250215-WA0016-4BZkkb_aug8.jpg,BAD
IMG-20250215-WA0016-4BZkkb_aug9.jpg,BAD
IMG-20250215-WA0017-DBW5XO_aug0.jpg,BAD
IMG-20250215-WA0017-DBW5XO_aug1.jpg,BAD
IMG-20250215-WA0017-DBW5XO_aug10.jpg,BAD
IMG-20250215-WA0017-DBW5XO_aug11.jpg,BAD
IMG-20250215-WA0017-DBW5XO_aug12.jpg,BAD
IMG-20250215-WA0017-DBW5XO_aug13.jpg,BAD
IMG-20250215-WA0017-DBW5XO_aug14.jpg,BAD
IMG-20250215-WA0017-DBW5XO_aug15.jpg,BAD
IMG-20250215-WA0017-DBW5XO_aug16.jpg,BAD
IMG-20250215-WA0017-DBW5XO_aug17.jpg,BAD
IMG-20250215-WA0017-DBW5XO_aug18.jpg,BAD
IMG-20250215-WA0017-DBW5XO_aug19.jpg,BAD
IMG-20250215-WA0017-DBW5XO_aug2.jpg,BAD
IMG-20250215-WA0017-DBW5XO_aug3.jpg,BAD
IMG-20250215-WA0017-DBW5XO_aug4.jpg,BAD
IMG-20250215-WA0017-DBW5XO_aug5.jpg,BAD
IMG-20250215-WA0017-DBW5XO_aug6.jpg,BAD
IMG-20250215-WA0017-DBW5XO_aug7.jpg,BAD
IMG-20250215-WA0017-DBW5XO_aug8.jpg,BAD
IMG-20250215-WA0017-DBW5XO_aug9.jpg,BAD
IMG-20250215-WA0018-5lDb2Y_aug0.jpg,BAD
IMG-20250215-WA0018-5lDb2Y_aug1.jpg,BAD
IMG-20250215-WA0018-5lDb2Y_aug10.jpg,BAD
IMG-20250215-WA0018-5lDb2Y_aug11.jpg,BAD
IMG-20250215-WA0018-5lDb2Y_aug12.jpg,BAD
IMG-20250215-WA0018-5lDb2Y_aug13.jpg,BAD
IMG-20250215-WA0018-5lDb2Y_aug14.jpg,BAD
IMG-20250215-WA0018-5lDb2Y_aug15.jpg,BAD
IMG-20250215-WA0018-5lDb2Y_aug16.jpg,BAD
IMG-20250215-WA0018-5lDb2Y_aug17.jpg,BAD
IMG-20250215-WA0018-5lDb2Y_aug18.jpg,BAD
IMG-20250215-WA0018-5lDb2Y_aug19.jpg,BAD
IMG-20250215-WA0018-5lDb2Y_aug2.jpg,BAD
IMG-20250215-WA0018-5lDb2Y_aug3.jpg,BAD
IMG-20250215-WA0018-5lDb2Y_aug4.jpg,BAD
IMG-20250215-WA0018-5lDb2Y_aug5.jpg,BAD
IMG-20250215-WA0018-5lDb2Y_aug6.jpg,BAD
IMG-20250215-WA0018-5lDb2Y_aug7.jpg,BAD
IMG-20250215-WA0018-5lDb2Y_aug8.jpg,BAD
IMG-20250215-WA0018-5lDb2Y_aug9.jpg,BAD
IMG-20250215-WA0019-6yuMww_aug0.jpg,BAD
IMG-20250215-WA0019-6yuMww_aug1.jpg,BAD
IMG-20250215-WA0019-6yuMww_aug10.jpg,BAD
IMG-20250215-WA0019-6yuMww_aug11.jpg,BAD
IMG-20250215-WA0019-6yuMww_aug12.jpg,BAD
IMG-20250215-WA0019-6yuMww_aug13.jpg,BAD
IMG-20250215-WA0019-6yuMww_aug14.jpg,BAD
IMG-20250215-WA0019-6yuMww_aug15.jpg,BAD
IMG-20250215-WA0019-6yuMww_aug16.jpg,BAD
IMG-20250215-WA0019-6yuMww_aug17.jpg,BAD
IMG-20250215-WA0019-6yuMww_aug18.jpg,BAD
IMG-20250215-WA0019-6yuMww_aug19.jpg,BAD
IMG-20250215-WA0019-6yuMww_aug2.jpg,BAD
IMG-20250215-WA0019-6yuMww_aug3.jpg,BAD
IMG-20250215-WA0019-6yuMww_aug4.jpg,BAD
IMG-20250215-WA0019-6yuMww_aug5.jpg,BAD
IMG-20250215-WA0019-6yuMww_aug6.jpg,BAD
IMG-20250215-WA0019-6yuMww_aug7.jpg,BAD
IMG-20250215-WA0019-6yuMww_aug8.jpg,BAD
IMG-20250215-WA0019-6yuMww_aug9.jpg,BAD
IMG-20250215-WA0020-b7oqaD_aug0.jpg,BAD
IMG-20250215-WA0020-b7oqaD_aug1.jpg,BAD
IMG-20250215-WA0020-b7oqaD_aug10.jpg,BAD
IMG-20250215-WA0020-b7oqaD_aug11.jpg,BAD
IMG-20250215-WA0020-b7oqaD_aug12.jpg,BAD
IMG-20250215-WA0020-b7oqaD_aug13.jpg,BAD
IMG-20250215-WA0020-b7oqaD_aug14.jpg,BAD
IMG-20250215-WA0020-b7oqaD_aug15.jpg,BAD
IMG-20250215-WA0020-b7oqaD_aug16.jpg,BAD
IMG-20250215-WA0020-b7oqaD_aug17.jpg,BAD
IMG-20250215-WA0020-b7oqaD_aug18.jpg,BAD
IMG-20250215-WA0020-b7oqaD_aug19.jpg,BAD
IMG-20250215-WA0020-b7oqaD_aug2.jpg,BAD
IMG-20250215-WA0020-b7oqaD_aug3.jpg,BAD
IMG-20250215-WA0020-b7oqaD_aug4.jpg,BAD
IMG-20250215-WA0020-b7oqaD_aug5.jpg,BAD
IMG-20250215-WA0020-b7oqaD_aug6.jpg,BAD
IMG-20250215-WA0020-b7oqaD_aug7.jpg,BAD
IMG-20250215-WA0020-b7oqaD_aug8.jpg,BAD
IMG-20250215-WA0020-b7oqaD_aug9.jpg,BAD
IMG-20250215-WA0021-CneNpn_aug0.jpg,BAD
IMG-20250215-WA0021-CneNpn_aug1.jpg,BAD
IMG-20250215-WA0021-CneNpn_aug10.jpg,BAD
IMG-20250215-WA0021-CneNpn_aug11.jpg,BAD
IMG-20250215-WA0021-CneNpn_aug12.jpg,BAD
IMG-20250215-WA0021-CneNpn_aug13.jpg,BAD
IMG-20250215-WA0021-CneNpn_aug14.jpg,BAD
IMG-20250215-WA0021-CneNpn_aug15.jpg,BAD
IMG-20250215-WA0021-CneNpn_aug16.jpg,BAD
IMG-20250215-WA0021-CneNpn_aug17.jpg,BAD
IMG-20250215-WA0021-CneNpn_aug18.jpg,BAD
IMG-20250215-WA0021-CneNpn_aug19.jpg,BAD
IMG-20250215-WA0021-CneNpn_aug2.jpg,BAD
IMG-20250215-WA0021-CneNpn_aug3.jpg,BAD
IMG-20250215-WA0021-CneNpn_aug4.jpg,BAD
IMG-20250215-WA0021-CneNpn_aug5.jpg,BAD
IMG-20250215-WA0021-CneNpn_aug6.jpg,BAD
IMG-20250215-WA0021-CneNpn_aug7.jpg,BAD
IMG-20250215-WA0021-CneNpn_aug8.jpg,BAD
IMG-20250215-WA0021-CneNpn_aug9.jpg,BAD
IMG-20250215-WA0022-3oVtnm_aug0.jpg,BAD
IMG-20250215-WA0022-3oVtnm_aug1.jpg,BAD
IMG-20250215-WA0022-3oVtnm_aug10.jpg,BAD
IMG-20250215-WA0022-3oVtnm_aug11.jpg,BAD
IMG-20250215-WA0022-3oVtnm_aug12.jpg,BAD
IMG-20250215-WA0022-3oVtnm_aug13.jpg,BAD
IMG-20250215-WA0022-3oVtnm_aug14.jpg,BAD
IMG-20250215-WA0022-3oVtnm_aug15.jpg,BAD
IMG-20250215-WA0022-3oVtnm_aug16.jpg,BAD
IMG-20250215-WA0022-3oVtnm_aug17.jpg,BAD
IMG-20250215-WA0022-3oVtnm_aug18.jpg,BAD
IMG-20250215-WA0022-3oVtnm_aug19.jpg,BAD
IMG-20250215-WA0022-3oVtnm_aug2.jpg,BAD
IMG-20250215-WA0022-3oVtnm_aug3.jpg,BAD
IMG-20250215-WA0022-3oVtnm_aug4.jpg,BAD
IMG-20250215-WA0022-3oVtnm_aug5.jpg,BAD
IMG-20250215-WA0022-3oVtnm_aug6.jpg,BAD
IMG-20250215-WA0022-3oVtnm_aug7.jpg,BAD
IMG-20250215-WA0022-3oVtnm_aug8.jpg,BAD
IMG-20250215-WA0022-3oVtnm_aug9.jpg,BAD
IMG-20250215-WA0023-6SZaOL_aug0.jpg,BAD
IMG-20250215-WA0023-6SZaOL_aug1.jpg,BAD
IMG-20250215-WA0023-6SZaOL_aug10.jpg,BAD
IMG-20250215-WA0023-6SZaOL_aug11.jpg,BAD
IMG-20250215-WA0023-6SZaOL_aug12.jpg,BAD
IMG-20250215-WA0023-6SZaOL_aug13.jpg,BAD
IMG-20250215-WA0023-6SZaOL_aug14.jpg,BAD
IMG-20250215-WA0023-6SZaOL_aug15.jpg,BAD
IMG-20250215-WA0023-6SZaOL_aug16.jpg,BAD
IMG-20250215-WA0023-6SZaOL_aug17.jpg,BAD
IMG-20250215-WA0023-6SZaOL_aug18.jpg,BAD
IMG-20250215-WA0023-6SZaOL_aug19.jpg,BAD
IMG-20250215-WA0023-6SZaOL_aug2.jpg,BAD
IMG-20250215-WA0023-6SZaOL_aug3.jpg,BAD
IMG-20250215-WA0023-6SZaOL_aug4.jpg,BAD
IMG-20250215-WA0023-6SZaOL_aug5.jpg,BAD
IMG-20250215-WA0023-6SZaOL_aug6.jpg,BAD
IMG-20250215-WA0023-6SZaOL_aug7.jpg,BAD
IMG-20250215-WA0023-6SZaOL_aug8.jpg,BAD
IMG-20250215-WA0023-6SZaOL_aug9.jpg,BAD
IMG-20250215-WA0024-c20HHA_aug0.jpg,BAD
IMG-20250215-WA0024-c20HHA_aug1.jpg,BAD
IMG-20250215-WA0024-c20HHA_aug10.jpg,BAD
IMG-20250215-WA0024-c20HHA_aug11.jpg,BAD
IMG-20250215-WA0024-c20HHA_aug12.jpg,BAD
IMG-20250215-WA0024-c20HHA_aug13.jpg,BAD
IMG-20250215-WA0024-c20HHA_aug14.jpg,BAD
IMG-20250215-WA0024-c20HHA_aug15.jpg,BAD
IMG-20250215-WA0024-c20HHA_aug16.jpg,BAD
IMG-20250215-WA0024-c20HHA_aug17.jpg,BAD
IMG-20250215-WA0024-c20HHA_aug18.jpg,BAD
IMG-20250215-WA0024-c20HHA_aug19.jpg,BAD
IMG-20250215-WA0024-c20HHA_aug2.jpg,BAD
IMG-20250215-WA0024-c20HHA_aug3.jpg,BAD
IMG-20250215-WA0024-c20HHA_aug4.jpg,BAD
IMG-20250215-WA0024-c20HHA_aug5.jpg,BAD
IMG-20250215-WA0024-c20HHA_aug6.jpg,BAD
IMG-20250215-WA0024-c20HHA_aug7.jpg,BAD
IMG-20250215-WA0024-c20HHA_aug8.jpg,BAD
IMG-20250215-WA0024-c20HHA_aug9.jpg,BAD
IMG-20250215-WA0025-0A77XY_aug0.jpg,BAD
IMG-20250215-WA0025-0A77XY_aug1.jpg,BAD
IMG-20250215-WA0025-0A77XY_aug10.jpg,BAD
IMG-20250215-WA0025-0A77XY_aug11.jpg,BAD
IMG-20250215-WA0025-0A77XY_aug12.jpg,BAD
IMG-20250215-WA0025-0A77XY_aug13.jpg,BAD
IMG-20250215-WA0025-0A77XY_aug14.jpg,BAD
IMG-20250215-WA0025-0A77XY_aug15.jpg,BAD
IMG-20250215-WA0025-0A77XY_aug16.jpg,BAD
IMG-20250215-WA0025-0A77XY_aug17.jpg,BAD
IMG-20250215-WA0025-0A77XY_aug18.jpg,BAD
IMG-20250215-WA0025-0A77XY_aug19.jpg,BAD
IMG-20250215-WA0025-0A77XY_aug2.jpg,BAD
IMG-20250215-WA0025-0A77XY_aug3.jpg,BAD
IMG-20250215-WA0025-0A77XY_aug4.jpg,BAD
IMG-20250215-WA0025-0A77XY_aug5.jpg,BAD
IMG-20250215-WA0025-0A77XY_aug6.jpg,BAD
IMG-20250215-WA0025-0A77XY_aug7.jpg,BAD
IMG-20250215-WA0025-0A77XY_aug8.jpg,BAD
IMG-20250215-WA0025-0A77XY_aug9.jpg,BAD
IMG-20250215-WA0026-4cRIFl_aug0.jpg,BAD
IMG-20250215-WA0026-4cRIFl_aug1.jpg,BAD
IMG-20250215-WA0026-4cRIFl_aug10.jpg,BAD
IMG-20250215-WA0026-4cRIFl_aug11.jpg,BAD
IMG-20250215-WA0026-4cRIFl_aug12.jpg,BAD
IMG-20250215-WA0026-4cRIFl_aug13.jpg,BAD
IMG-20250215-WA0026-4cRIFl_aug14.jpg,BAD
IMG-20250215-WA0026-4cRIFl_aug15.jpg,BAD
IMG-20250215-WA0026-4cRIFl_aug16.jpg,BAD
IMG-20250215-WA0026-4cRIFl_aug17.jpg,BAD
IMG-20250215-WA0026-4cRIFl_aug18.jpg,BAD
IMG-20250215-WA0026-4cRIFl_aug19.jpg,BAD
IMG-20250215-WA0026-4cRIFl_aug2.jpg,BAD
IMG-20250215-WA0026-4cRIFl_aug3.jpg,BAD
IMG-20250215-WA0026-4cRIFl_aug4.jpg,BAD
IMG-20250215-WA0026-4cRIFl_aug5.jpg,BAD
IMG-20250215-WA0026-4cRIFl_aug6.jpg,BAD
IMG-20250215-WA0026-4cRIFl_aug7.jpg,BAD
IMG-20250215-WA0026-4cRIFl_aug8.jpg,BAD
IMG-20250215-WA0026-4cRIFl_aug9.jpg,BAD
IMG-20250215-WA0027-1TGwFe_aug0.jpg,BAD
IMG-20250215-WA0027-1TGwFe_aug1.jpg,BAD
IMG-20250215-WA0027-1TGwFe_aug10.jpg,BAD
IMG-20250215-WA0027-1TGwFe_aug11.jpg,BAD
IMG-20250215-WA0027-1TGwFe_aug12.jpg,BAD
IMG-20250215-WA0027-1TGwFe_aug13.jpg,BAD
IMG-20250215-WA0027-1TGwFe_aug14.jpg,BAD
IMG-20250215-WA0027-1TGwFe_aug15.jpg,BAD
IMG-20250215-WA0027-1TGwFe_aug16.jpg,BAD
IMG-20250215-WA0027-1TGwFe_aug17.jpg,BAD
IMG-20250215-WA0027-1TGwFe_aug18.jpg,BAD
IMG-20250215-WA0027-1TGwFe_aug19.jpg,BAD
IMG-20250215-WA0027-1TGwFe_aug2.jpg,BAD
IMG-20250215-WA0027-1TGwFe_aug3.jpg,BAD
IMG-20250215-WA0027-1TGwFe_aug4.jpg,BAD
IMG-20250215-WA0027-1TGwFe_aug5.jpg,BAD
IMG-20250215-WA0027-1TGwFe_aug6.jpg,BAD
IMG-20250215-WA0027-1TGwFe_aug7.jpg,BAD
IMG-20250215-WA0027-1TGwFe_aug8.jpg,BAD
IMG-20250215-WA0027-1TGwFe_aug9.jpg,BAD
IMG-20250215-WA0028-5ekPxM_aug0.jpg,BAD
IMG-20250215-WA0028-5ekPxM_aug1.jpg,BAD
IMG-20250215-WA0028-5ekPxM_aug10.jpg,BAD
IMG-20250215-WA0028-5ekPxM_aug11.jpg,BAD
IMG-20250215-WA0028-5ekPxM_aug12.jpg,BAD
IMG-20250215-WA0028-5ekPxM_aug13.jpg,BAD
IMG-20250215-WA0028-5ekPxM_aug14.jpg,BAD
IMG-20250215-WA0028-5ekPxM_aug15.jpg,BAD
IMG-20250215-WA0028-5ekPxM_aug16.jpg,BAD
IMG-20250215-WA0028-5ekPxM_aug17.jpg,BAD
IMG-20250215-WA0028-5ekPxM_aug18.jpg,BAD
IMG-20250215-WA0028-5ekPxM_aug19.jpg,BAD
IMG-20250215-WA0028-5ekPxM_aug2.jpg,BAD
IMG-20250215-WA0028-5ekPxM_aug3.jpg,BAD
IMG-20250215-WA0028-5ekPxM_aug4.jpg,BAD
IMG-20250215-WA0028-5ekPxM_aug5.jpg,BAD
IMG-20250215-WA0028-5ekPxM_aug6.jpg,BAD
IMG-20250215-WA0028-5ekPxM_aug7.jpg,BAD
IMG-20250215-WA0028-5ekPxM_aug8.jpg,BAD
IMG-20250215-WA0028-5ekPxM_aug9.jpg,BAD
IMG-20250215-WA0029-0W5YUM_aug0.jpg,BAD
IMG-20250215-WA0029-0W5YUM_aug1.jpg,BAD
IMG-20250215-WA0029-0W5YUM_aug10.jpg,BAD
IMG-20250215-WA0029-0W5YUM_aug11.jpg,BAD
IMG-20250215-WA0029-0W5YUM_aug12.jpg,BAD
IMG-20250215-WA0029-0W5YUM_aug13.jpg,BAD
IMG-20250215-WA0029-0W5YUM_aug14.jpg,BAD
IMG-20250215-WA0029-0W5YUM_aug15.jpg,BAD
IMG-20250215-WA0029-0W5YUM_aug16.jpg,BAD
IMG-20250215-WA0029-0W5YUM_aug17.jpg,BAD
IMG-20250215-WA0029-0W5YUM_aug18.jpg,BAD
IMG-20250215-WA0029-0W5YUM_aug19.jpg,BAD
IMG-20250215-WA0029-0W5YUM_aug2.jpg,BAD
IMG-20250215-WA0029-0W5YUM_aug3.jpg,BAD
IMG-20250215-WA0029-0W5YUM_aug4.jpg,BAD
IMG-20250215-WA0029-0W5YUM_aug5.jpg,BAD
IMG-20250215-WA0029-0W5YUM_aug6.jpg,BAD
IMG-20250215-WA0029-0W5YUM_aug7.jpg,BAD
IMG-20250215-WA0029-0W5YUM_aug8.jpg,BAD
IMG-20250215-WA0029-0W5YUM_aug9.jpg,BAD
IMG-20250215-WA0031-7heivX_aug0.jpg,BAD
IMG-20250215-WA0031-7heivX_aug1.jpg,BAD
IMG-20250215-WA0031-7heivX_aug10.jpg,BAD
IMG-20250215-WA0031-7heivX_aug11.jpg,BAD
IMG-20250215-WA0031-7heivX_aug12.jpg,BAD
IMG-20250215-WA0031-7heivX_aug13.jpg,BAD
IMG-20250215-WA0031-7heivX_aug14.jpg,BAD
IMG-20250215-WA0031-7heivX_aug15.jpg,BAD
IMG-20250215-WA0031-7heivX_aug16.jpg,BAD
IMG-20250215-WA0031-7heivX_aug17.jpg,BAD
IMG-20250215-WA0031-7heivX_aug18.jpg,BAD
IMG-20250215-WA0031-7heivX_aug19.jpg,BAD
IMG-20250215-WA0031-7heivX_aug2.jpg,BAD
IMG-20250215-WA0031-7heivX_aug3.jpg,BAD
IMG-20250215-WA0031-7heivX_aug4.jpg,BAD
IMG-20250215-WA0031-7heivX_aug5.jpg,BAD
IMG-20250215-WA0031-7heivX_aug6.jpg,BAD
IMG-20250215-WA0031-7heivX_aug7.jpg,BAD
IMG-20250215-WA0031-7heivX_aug8.jpg,BAD
IMG-20250215-WA0031-7heivX_aug9.jpg,BAD
IMG-20250215-WA0032-9uXuM6_aug0.jpg,BAD
IMG-20250215-WA0032-9uXuM6_aug1.jpg,BAD
IMG-20250215-WA0032-9uXuM6_aug10.jpg,BAD
IMG-20250215-WA0032-9uXuM6_aug11.jpg,BAD
IMG-20250215-WA0032-9uXuM6_aug12.jpg,BAD
IMG-20250215-WA0032-9uXuM6_aug13.jpg,BAD
IMG-20250215-WA0032-9uXuM6_aug14.jpg,BAD
IMG-20250215-WA0032-9uXuM6_aug15.jpg,BAD
IMG-20250215-WA0032-9uXuM6_aug16.jpg,BAD
IMG-20250215-WA0032-9uXuM6_aug17.jpg,BAD
IMG-20250215-WA0032-9uXuM6_aug18.jpg,BAD
IMG-20250215-WA0032-9uXuM6_aug19.jpg,BAD
IMG-20250215-WA0032-9uXuM6_aug2.jpg,BAD
IMG-20250215-WA0032-9uXuM6_aug3.jpg,BAD
IMG-20250215-WA0032-9uXuM6_aug4.jpg,BAD
IMG-20250215-WA0032-9uXuM6_aug5.jpg,BAD
IMG-20250215-WA0032-9uXuM6_aug6.jpg,BAD
IMG-20250215-WA0032-9uXuM6_aug7.jpg,BAD
IMG-20250215-WA0032-9uXuM6_aug8.jpg,BAD
IMG-20250215-WA0032-9uXuM6_aug9.jpg,BAD
IMG-20250215-WA0033-08SpcI_aug0.jpg,BAD
IMG-20250215-WA0033-08SpcI_aug1.jpg,BAD
IMG-20250215-WA0033-08SpcI_aug10.jpg,BAD
IMG-20250215-WA0033-08SpcI_aug11.jpg,BAD
IMG-20250215-WA0033-08SpcI_aug12.jpg,BAD
IMG-20250215-WA0033-08SpcI_aug13.jpg,BAD
IMG-20250215-WA0033-08SpcI_aug14.jpg,BAD
IMG-20250215-WA0033-08SpcI_aug15.jpg,BAD
IMG-20250215-WA0033-08SpcI_aug16.jpg,BAD
IMG-20250215-WA0033-08SpcI_aug17.jpg,BAD
IMG-20250215-WA0033-08SpcI_aug18.jpg,BAD
IMG-20250215-WA0033-08SpcI_aug19.jpg,BAD
IMG-20250215-WA0033-08SpcI_aug2.jpg,BAD
IMG-20250215-WA0033-08SpcI_aug3.jpg,BAD
IMG-20250215-WA0033-08SpcI_aug4.jpg,BAD
IMG-20250215-WA0033-08SpcI_aug5.jpg,BAD
IMG-20250215-WA0033-08SpcI_aug6.jpg,BAD
IMG-20250215-WA0033-08SpcI_aug7.jpg,BAD
IMG-20250215-WA0033-08SpcI_aug8.jpg,BAD
IMG-20250215-WA0033-08SpcI_aug9.jpg,BAD
IMG-20250215-WA0034-1NgbtK_aug0.jpg,BAD
IMG-20250215-WA0034-1NgbtK_aug1.jpg,BAD
IMG-20250215-WA0034-1NgbtK_aug10.jpg,BAD
IMG-20250215-WA0034-1NgbtK_aug11.jpg,BAD
IMG-20250215-WA0034-1NgbtK_aug12.jpg,BAD
IMG-20250215-WA0034-1NgbtK_aug13.jpg,BAD
IMG-20250215-WA0034-1NgbtK_aug14.jpg,BAD
IMG-20250215-WA0034-1NgbtK_aug15.jpg,BAD
IMG-20250215-WA0034-1NgbtK_aug16.jpg,BAD
IMG-20250215-WA0034-1NgbtK_aug17.jpg,BAD
IMG-20250215-WA0034-1NgbtK_aug18.jpg,BAD
IMG-20250215-WA0034-1NgbtK_aug19.jpg,BAD
IMG-20250215-WA0034-1NgbtK_aug2.jpg,BAD
IMG-20250215-WA0034-1NgbtK_aug3.jpg,BAD
IMG-20250215-WA0034-1NgbtK_aug4.jpg,BAD
IMG-20250215-WA0034-1NgbtK_aug5.jpg,BAD
IMG-20250215-WA0034-1NgbtK_aug6.jpg,BAD
IMG-20250215-WA0034-1NgbtK_aug7.jpg,BAD
IMG-20250215-WA0034-1NgbtK_aug8.jpg,BAD
IMG-20250215-WA0034-1NgbtK_aug9.jpg,BAD
IMG-20250215-WA0036-3Z9aq2_aug0.jpg,BAD
IMG-20250215-WA0036-3Z9aq2_aug1.jpg,BAD
IMG-20250215-WA0036-3Z9aq2_aug10.jpg,BAD
IMG-20250215-WA0036-3Z9aq2_aug11.jpg,BAD
IMG-20250215-WA0036-3Z9aq2_aug12.jpg,BAD
IMG-20250215-WA0036-3Z9aq2_aug13.jpg,BAD
IMG-20250215-WA0036-3Z9aq2_aug14.jpg,BAD
IMG-20250215-WA0036-3Z9aq2_aug15.jpg,BAD
IMG-20250215-WA0036-3Z9aq2_aug16.jpg,BAD
IMG-20250215-WA0036-3Z9aq2_aug17.jpg,BAD
IMG-20250215-WA0036-3Z9aq2_aug18.jpg,BAD
IMG-20250215-WA0036-3Z9aq2_aug19.jpg,BAD
IMG-20250215-WA0036-3Z9aq2_aug2.jpg,BAD
IMG-20250215-WA0036-3Z9aq2_aug3.jpg,BAD
IMG-20250215-WA0036-3Z9aq2_aug4.jpg,BAD
IMG-20250215-WA0036-3Z9aq2_aug5.jpg,BAD
IMG-20250215-WA0036-3Z9aq2_aug6.jpg,BAD
IMG-20250215-WA0036-3Z9aq2_aug7.jpg,BAD
IMG-20250215-WA0036-3Z9aq2_aug8.jpg,BAD
IMG-20250215-WA0036-3Z9aq2_aug9.jpg,BAD
IMG-20250215-WA0037-4mgGsV_aug0.jpg,BAD
IMG-20250215-WA0037-4mgGsV_aug1.jpg,BAD
IMG-20250215-WA0037-4mgGsV_aug10.jpg,BAD
IMG-20250215-WA0037-4mgGsV_aug11.jpg,BAD
IMG-20250215-WA0037-4mgGsV_aug12.jpg,BAD
IMG-20250215-WA0037-4mgGsV_aug13.jpg,BAD
IMG-20250215-WA0037-4mgGsV_aug14.jpg,BAD
IMG-20250215-WA0037-4mgGsV_aug15.jpg,BAD
IMG-20250215-WA0037-4mgGsV_aug16.jpg,BAD
IMG-20250215-WA0037-4mgGsV_aug17.jpg,BAD
IMG-20250215-WA0037-4mgGsV_aug18.jpg,BAD
IMG-20250215-WA0037-4mgGsV_aug19.jpg,BAD
IMG-20250215-WA0037-4mgGsV_aug2.jpg,BAD
IMG-20250215-WA0037-4mgGsV_aug3.jpg,BAD
IMG-20250215-WA0037-4mgGsV_aug4.jpg,BAD
IMG-20250215-WA0037-4mgGsV_aug5.jpg,BAD
IMG-20250215-WA0037-4mgGsV_aug6.jpg,BAD
IMG-20250215-WA0037-4mgGsV_aug7.jpg,BAD
IMG-20250215-WA0037-4mgGsV_aug8.jpg,BAD
IMG-20250215-WA0037-4mgGsV_aug9.jpg,BAD
IMG-20250215-WA0038-7e7rA0_aug0.jpg,BAD
IMG-20250215-WA0038-7e7rA0_aug1.jpg,BAD
IMG-20250215-WA0038-7e7rA0_aug10.jpg,BAD
IMG-20250215-WA0038-7e7rA0_aug11.jpg,BAD
IMG-20250215-WA0038-7e7rA0_aug12.jpg,BAD
IMG-20250215-WA0038-7e7rA0_aug13.jpg,BAD
IMG-20250215-WA0038-7e7rA0_aug14.jpg,BAD
IMG-20250215-WA0038-7e7rA0_aug15.jpg,BAD
IMG-20250215-WA0038-7e7rA0_aug16.jpg,BAD
IMG-20250215-WA0038-7e7rA0_aug17.jpg,BAD
IMG-20250215-WA0038-7e7rA0_aug18.jpg,BAD
IMG-20250215-WA0038-7e7rA0_aug19.jpg,BAD
IMG-20250215-WA0038-7e7rA0_aug2.jpg,BAD
IMG-20250215-WA0038-7e7rA0_aug3.jpg,BAD
IMG-20250215-WA0038-7e7rA0_aug4.jpg,BAD
IMG-20250215-WA0038-7e7rA0_aug5.jpg,BAD
IMG-20250215-WA0038-7e7rA0_aug6.jpg,BAD
IMG-20250215-WA0038-7e7rA0_aug7.jpg,BAD
IMG-20250215-WA0038-7e7rA0_aug8.jpg,BAD
IMG-20250215-WA0038-7e7rA0_aug9.jpg,BAD
IMG-20250215-WA0039-BPyS9J_aug0.jpg,BAD
IMG-20250215-WA0039-BPyS9J_aug1.jpg,BAD
IMG-20250215-WA0039-BPyS9J_aug10.jpg,BAD
IMG-20250215-WA0039-BPyS9J_aug11.jpg,BAD
IMG-20250215-WA0039-BPyS9J_aug12.jpg,BAD
IMG-20250215-WA0039-BPyS9J_aug13.jpg,BAD
IMG-20250215-WA0039-BPyS9J_aug14.jpg,BAD
IMG-20250215-WA0039-BPyS9J_aug15.jpg,BAD
IMG-20250215-WA0039-BPyS9J_aug16.jpg,BAD
IMG-20250215-WA0039-BPyS9J_aug17.jpg,BAD
IMG-20250215-WA0039-BPyS9J_aug18.jpg,BAD
IMG-20250215-WA0039-BPyS9J_aug19.jpg,BAD
IMG-20250215-WA0039-BPyS9J_aug2.jpg,BAD
IMG-20250215-WA0039-BPyS9J_aug3.jpg,BAD
IMG-20250215-WA0039-BPyS9J_aug4.jpg,BAD
IMG-20250215-WA0039-BPyS9J_aug5.jpg,BAD
IMG-20250215-WA0039-BPyS9J_aug6.jpg,BAD
IMG-20250215-WA0039-BPyS9J_aug7.jpg,BAD
IMG-20250215-WA0039-BPyS9J_aug8.jpg,BAD
IMG-20250215-WA0039-BPyS9J_aug9.jpg,BAD
