path,class,hash
datasets\GOOD\IMG-20250215-WA0040 (1) (1) (1) (1).jpg,GOOD,071f1f1f1f0f0f00
datasets\GOOD\IMG-20250215-WA0040 (1) (1) (1).jpg,GOOD,071f1f1f1f0f0f00
datasets\GOOD\IMG-20250215-WA0040 (1) (1) (2).jpg,GOOD,071f1f1f1f0f0f00
datasets\GOOD\IMG-20250215-WA0040 (1) (1)-LmTNOP.jpg,GOOD,071f1f1f1f0f0f00
datasets\GOOD\IMG-20250215-WA0040 (1) (1).jpg,GOOD,071f1f1f1f0f0f00
datasets\GOOD\IMG-20250215-WA0040 (1) (2) (1)-OLb0Rt.jpg,GOOD,071f1f1f1f0f0f00
datasets\GOOD\IMG-20250215-WA0040 (1) (2) (1)-Qr9C9F.jpg,GOOD,071f1f1f1f0f0f00
datasets\GOOD\IMG-20250215-WA0040 (1) (2) (1).jpg,GOOD,071f1f1f1f0f0f00
datasets\GOOD\IMG-20250215-WA0040 (1) (2).jpg,GOOD,071f1f1f1f0f0f00
datasets\GOOD\IMG-20250215-WA0040 (1) (3)-iOCKYe.jpg,GOOD,071f1f1f1f0f0f00
datasets\GOOD\IMG-20250215-WA0040 (1) (3)-xauJ5U.jpg,GOOD,071f1f1f1f0f0f00
datasets\GOOD\IMG-20250215-WA0040 (1) (3).jpg,GOOD,071f1f1f1f0f0f00
datasets\GOOD\IMG-20250215-WA0040 (1).jpg,GOOD,071f1f1f1f0f0f00
datasets\GOOD\IMG-20250215-WA0040 (2) (1) (1)-ewW6LQ.jpg,GOOD,071f1f1f1f0f0f00
datasets\GOOD\IMG-20250215-WA0040 (2) (1) (1).jpg,GOOD,071f1f1f1f0f0f00
datasets\GOOD\IMG-20250215-WA0040 (2) (1)-nDUhnR.jpg,GOOD,071f1f1f1f0f0f00
datasets\GOOD\IMG-20250215-WA0040 (2) (1)-oS3Ayv.jpg,GOOD,071f1f1f1f0f0f00
datasets\GOOD\IMG-20250215-WA0040 (2) (1).jpg,GOOD,071f1f1f1f0f0f00
datasets\GOOD\IMG-20250215-WA0040 (2) (2).jpg,GOOD,071f1f1f1f0f0f00
datasets\GOOD\IMG-20250215-WA0040 (2)-dKeL5Y.jpg,GOOD,071f1f1f1f0f0f00
datasets\GOOD\IMG-20250215-WA0040 (2)-OxMhct.jpg,GOOD,071f1f1f1f0f0f00
datasets\GOOD\IMG-20250215-WA0040 (2).jpg,GOOD,071f1f1f1f0f0f00
datasets\GOOD\IMG-20250215-WA0040 (3)-7sBTsY.jpg,GOOD,071f1f1f1f0f0f00
datasets\GOOD\IMG-20250215-WA0040 (3)-jEhr0O.jpg,GOOD,071f1f1f1f0f0f00
datasets\GOOD\IMG-20250215-WA0040 (3).jpg,GOOD,071f1f1f1f0f0f00
datasets\GOOD\IMG-20250215-WA0040-KEjgys.jpg,GOOD,071f1f1f1f0f0f00
datasets\GOOD\IMG-20250215-WA0040-u7KB5L.jpg,GOOD,071f1f1f1f0f0f00
datasets\GOOD\IMG-20250215-WA0040.jpg,GOOD,071f1f1f1f0f0f00
datasets\GOOD\IMG-20250215-WA0041 (1) (1) (1)-XMyFGq.jpg,GOOD,001f1d1f1f1f0f07
datasets\GOOD\IMG-20250215-WA0041 (1) (1) (1)-zTmJni.jpg,GOOD,001f1d1f1f1f0f07
datasets\GOOD\IMG-20250215-WA0041 (1) (1) (1).jpg,GOOD,001f1d1f1f1f0f07
datasets\GOOD\IMG-20250215-WA0041 (1) (1)-QRPyNx.jpg,GOOD,001f1d1f1f1f0f07
datasets\GOOD\IMG-20250215-WA0041 (1) (1)-rTs5DK.jpg,GOOD,001f1d1f1f1f0f07
datasets\GOOD\IMG-20250215-WA0041 (1) (1).jpg,GOOD,001f1d1f1f1f0f07
datasets\GOOD\IMG-20250215-WA0041 (1) (2)-ClvXkk.jpg,GOOD,001f1d1f1f1f0f07
datasets\GOOD\IMG-20250215-WA0041 (1) (2)-WkAUHw.jpg,GOOD,001f1d1f1f1f0f07
datasets\GOOD\IMG-20250215-WA0041 (1) (2).jpg,GOOD,001f1d1f1f1f0f07
datasets\GOOD\IMG-20250215-WA0041 (1)-pgdiwY.jpg,GOOD,001f1d1f1f1f0f07
datasets\GOOD\IMG-20250215-WA0041 (1)-T0SdyG.jpg,GOOD,001f1d1f1f1f0f07
datasets\GOOD\IMG-20250215-WA0041 (1).jpg,GOOD,001f1d1f1f1f0f07
datasets\GOOD\IMG-20250215-WA0041 (2) (1) (1).jpg,GOOD,001f1d1f1f1f0f07
datasets\GOOD\IMG-20250215-WA0041 (2) (1)-6wrR0U.jpg,GOOD,001f1d1f1f1f0f07
datasets\GOOD\IMG-20250215-WA0041 (2) (1)-Hhkwsg.jpg,GOOD,001f1d1f1f1f0f07
datasets\GOOD\IMG-20250215-WA0041 (2) (1)-XHNIgK.jpg,GOOD,001f1d1f1f1f0f07
datasets\GOOD\IMG-20250215-WA0041 (2) (1).jpg,GOOD,001f1d1f1f1f0f07
datasets\GOOD\IMG-20250215-WA0041 (2)-j8B3Si.jpg,GOOD,001f1d1f1f1f0f07
datasets\GOOD\IMG-20250215-WA0041 (2)-JtEXjV.jpg,GOOD,001f1d1f1f1f0f07
datasets\GOOD\IMG-20250215-WA0041 (2)-x5ubnf.jpg,GOOD,001f1d1f1f1f0f07
datasets\GOOD\IMG-20250215-WA0041 (2).jpg,GOOD,001f1d1f1f1f0f07
datasets\GOOD\IMG-20250215-WA0041 (3)-rLcfBH.jpg,GOOD,001f1d1f1f1f0f07
datasets\GOOD\IMG-20250215-WA0041 (3).jpg,GOOD,001f1d1f1f1f0f07
datasets\GOOD\IMG-20250215-WA0041-MeoOQn.jpg,GOOD,001f1d1f1f1f0f07
datasets\GOOD\IMG-20250215-WA0041.jpg,GOOD,001f1d1f1f1f0f07
datasets\GOOD\IMG-20250215-WA0042 (1) (1) (1)-PDLjJl.jpg,GOOD,101f1f1f1f1f1f00
datasets\GOOD\IMG-20250215-WA0042 (1) (1) (1).jpg,GOOD,101f1f1f1f1f1f00
datasets\GOOD\IMG-20250215-WA0042 (1) (1)-C6dIfZ.jpg,GOOD,101f1f1f1f1f1f00
datasets\GOOD\IMG-20250215-WA0042 (1) (1).jpg,GOOD,101f1f1f1f1f1f00
datasets\GOOD\IMG-20250215-WA0042 (1) (2)-1ak3Py.jpg,GOOD,101f1f1f1f1f1f00
datasets\GOOD\IMG-20250215-WA0042 (1) (2).jpg,GOOD,101f1f1f1f1f1f00
datasets\GOOD\IMG-20250215-WA0042 (1)-Z5kmKT.jpg,GOOD,101f1f1f1f1f1f00
datasets\GOOD\IMG-20250215-WA0042 (1).jpg,GOOD,101f1f1f1f1f1f00
datasets\GOOD\IMG-20250215-WA0042 (2) (1)-cOyGZG.jpg,GOOD,101f1f1f1f1f1f00
datasets\GOOD\IMG-20250215-WA0042 (2) (1).jpg,GOOD,101f1f1f1f1f1f00
datasets\GOOD\IMG-20250215-WA0042 (2)-ILKvB7.jpg,GOOD,101f1f1f1f1f1f00
datasets\GOOD\IMG-20250215-WA0042 (2).jpg,GOOD,101f1f1f1f1f1f00
datasets\GOOD\IMG-20250215-WA0042 (3)-TKhi98.jpg,GOOD,101f1f1f1f1f1f00
datasets\GOOD\IMG-20250215-WA0042 (3).jpg,GOOD,101f1f1f1f1f1f00
datasets\GOOD\IMG-20250215-WA0042-8qJeQ3.jpg,GOOD,101f1f1f1f1f1f00
datasets\GOOD\IMG-20250215-WA0042.jpg,GOOD,101f1f1f1f1f1f00
datasets\GOOD\IMG-20250215-WA0043 (1) (1) (1)-bPeVId.jpg,GOOD,001c1d1f1f0f0f0f
datasets\GOOD\IMG-20250215-WA0043 (1) (1) (1).jpg,GOOD,001c1d1f1f0f0f0f
datasets\GOOD\IMG-20250215-WA0043 (1) (1)-W0fcUZ.jpg,GOOD,001c1d1f1f0f0f0f
datasets\GOOD\IMG-20250215-WA0043 (1) (1).jpg,GOOD,001c1d1f1f0f0f0f
datasets\GOOD\IMG-20250215-WA0043 (1) (2)-LQbF23.jpg,GOOD,001c1d1f1f0f0f0f
datasets\GOOD\IMG-20250215-WA0043 (1) (2).jpg,GOOD,001c1d1f1f0f0f0f
datasets\GOOD\IMG-20250215-WA0043 (1)-NIm8Fh.jpg,GOOD,001c1d1f1f0f0f0f
datasets\GOOD\IMG-20250215-WA0043 (1).jpg,GOOD,001c1d1f1f0f0f0f
datasets\GOOD\IMG-20250215-WA0043 (2) (1)-evXqe4.jpg,GOOD,001c1d1f1f0f0f0f
datasets\GOOD\IMG-20250215-WA0043 (2) (1).jpg,GOOD,001c1d1f1f0f0f0f
datasets\GOOD\IMG-20250215-WA0043 (2)-inqzty.jpg,GOOD,001c1d1f1f0f0f0f
datasets\GOOD\IMG-20250215-WA0043 (2).jpg,GOOD,001c1d1f1f0f0f0f
datasets\GOOD\IMG-20250215-WA0043 (3)-QyLXKa.jpg,GOOD,001c1d1f1f0f0f0f
datasets\GOOD\IMG-20250215-WA0043 (3).jpg,GOOD,001c1d1f1f0f0f0f
datasets\GOOD\IMG-20250215-WA0043-anazyH.jpg,GOOD,001c1d1f1f0f0f0f
datasets\GOOD\IMG-20250215-WA0043.jpg,GOOD,001c1d1f1f0f0f0f
datasets\GOOD\IMG-20250215-WA0044 (1) (1) (1)-nwwa0M.jpg,GOOD,800f4fcf0f0f0703
datasets\GOOD\IMG-20250215-WA0044 (1) (1) (1).jpg,GOOD,800f4fcf0f0f0703
datasets\GOOD\IMG-20250215-WA0044 (1) (1)-rR4pqN.jpg,GOOD,800f4fcf0f0f0703
datasets\GOOD\IMG-20250215-WA0044 (1) (1).jpg,GOOD,800f4fcf0f0f0703
datasets\GOOD\IMG-20250215-WA0044 (1) (2)-S5C3CK.jpg,GOOD,800f4fcf0f0f0703
datasets\GOOD\IMG-20250215-WA0044 (1) (2).jpg,GOOD,800f4fcf0f0f0703
datasets\GOOD\IMG-20250215-WA0044 (1)-lY83DT.jpg,GOOD,800f4fcf0f0f0703
datasets\GOOD\IMG-20250215-WA0044 (1).jpg,GOOD,800f4fcf0f0f0703
datasets\GOOD\IMG-20250215-WA0044 (2) (1)-yYMdBp.jpg,GOOD,800f4fcf0f0f0703
datasets\GOOD\IMG-20250215-WA0044 (2) (1).jpg,GOOD,800f4fcf0f0f0703
datasets\GOOD\IMG-20250215-WA0044 (2)-Q0qepl.jpg,GOOD,800f4fcf0f0f0703
datasets\GOOD\IMG-20250215-WA0044 (2).jpg,GOOD,800f4fcf0f0f0703
datasets\GOOD\IMG-20250215-WA0044 (3)-yAe8kz.jpg,GOOD,800f4fcf0f0f0703
datasets\GOOD\IMG-20250215-WA0044 (3).jpg,GOOD,800f4fcf0f0f0703
datasets\GOOD\IMG-20250215-WA0044-gjlzMz.jpg,GOOD,800f4fcf0f0f0703
datasets\GOOD\IMG-20250215-WA0044.jpg,GOOD,800f4fcf0f0f0703
datasets\GOOD\IMG-20250215-WA0045 (1) (1) (1)-ugD5e2.jpg,GOOD,ffbfb9b93b391110
datasets\GOOD\IMG-20250215-WA0045 (1) (1) (1).jpg,GOOD,ffbfb9b93b391110
datasets\GOOD\IMG-20250215-WA0045 (1) (1)-SZqzwH.jpg,GOOD,ffbfb9b93b391110
datasets\GOOD\IMG-20250215-WA0045 (1) (1).jpg,GOOD,ffbfb9b93b391110
datasets\GOOD\IMG-20250215-WA0045 (1) (2)-m6NPUO.jpg,GOOD,ffbfb9b93b391110
datasets\GOOD\IMG-20250215-WA0045 (1) (2).jpg,GOOD,ffbfb9b93b391110
datasets\GOOD\IMG-20250215-WA0045 (1)-XgqoCz.jpg,GOOD,ffbfb9b93b391110
datasets\GOOD\IMG-20250215-WA0045 (1).jpg,GOOD,ffbfb9b93b391110
datasets\GOOD\IMG-20250215-WA0045 (2) (1) (1)-vVC3tD.jpg,GOOD,ffbfb9b93b391110
datasets\GOOD\IMG-20250215-WA0045 (2) (1) (1).jpg,GOOD,ffbfb9b93b391110
datasets\GOOD\IMG-20250215-WA0045 (2) (1)-8lWjsF.jpg,GOOD,ffbfb9b93b391110
datasets\GOOD\IMG-20250215-WA0045 (2) (1).jpg,GOOD,ffbfb9b93b391110
datasets\GOOD\IMG-20250215-WA0045 (2) (2)-jMffnr.jpg,GOOD,ffbfb9b93b391110
datasets\GOOD\IMG-20250215-WA0045 (2) (2).jpg,GOOD,ffbfb9b93b391110
datasets\GOOD\IMG-20250215-WA0045 (2)-TUHw44.jpg,GOOD,ffbfb9b93b391110
datasets\GOOD\IMG-20250215-WA0045 (2).jpg,GOOD,ffbfb9b93b391110
datasets\GOOD\IMG-20250215-WA0045 (3) (1)-M8Q6Ye.jpg,GOOD,ffbfb9b93b391110
datasets\GOOD\IMG-20250215-WA0045 (3) (1).jpg,GOOD,ffbfb9b93b391110
datasets\GOOD\IMG-20250215-WA0045 (3)-U330jx.jpg,GOOD,ffbfb9b93b391110
datasets\GOOD\IMG-20250215-WA0045 (3).jpg,GOOD,ffbfb9b93b391110
datasets\GOOD\IMG-20250215-WA0045 (4)-1pEQJK.jpg,GOOD,ffbfb9b93b391110
datasets\GOOD\IMG-20250215-WA0045 (4).jpg,GOOD,ffbfb9b93b391110
datasets\GOOD\IMG-20250215-WA0045-FFOaPf.jpg,GOOD,ffbfb9b93b391110
datasets\GOOD\IMG-20250215-WA0045.jpg,GOOD,ffbfb9b93b391110
datasets\GOOD\IMG-20250215-WA0046 (1) (1) (1)-rluuvF.jpg,GOOD,c0181f1f1f0f0f1f
datasets\GOOD\IMG-20250215-WA0046 (1) (1) (1).jpg,GOOD,c0181f1f1f0f0f1f
datasets\GOOD\IMG-20250215-WA0046 (1) (1)-TeLDpR.jpg,GOOD,c0181f1f1f0f0f1f
datasets\GOOD\IMG-20250215-WA0046 (1) (1).jpg,GOOD,c0181f1f1f0f0f1f
datasets\GOOD\IMG-20250215-WA0046 (1) (2)-smdx6C.jpg,GOOD,c0181f1f1f0f0f1f
datasets\GOOD\IMG-20250215-WA0046 (1) (2).jpg,GOOD,c0181f1f1f0f0f1f
datasets\GOOD\IMG-20250215-WA0046 (1)-mqHbqQ.jpg,GOOD,c0181f1f1f0f0f1f
datasets\GOOD\IMG-20250215-WA0046 (1).jpg,GOOD,c0181f1f1f0f0f1f
datasets\GOOD\IMG-20250215-WA0046 (2) (1)-mulQrr.jpg,GOOD,c0181f1f1f0f0f1f
datasets\GOOD\IMG-20250215-WA0046 (2) (1).jpg,GOOD,c0181f1f1f0f0f1f
datasets\GOOD\IMG-20250215-WA0046 (2)-B1Iq5c.jpg,GOOD,c0181f1f1f0f0f1f
datasets\GOOD\IMG-20250215-WA0046 (2).jpg,GOOD,c0181f1f1f0f0f1f
datasets\GOOD\IMG-20250215-WA0046 (3)-PIIb2l.jpg,GOOD,c0181f1f1f0f0f1f
datasets\GOOD\IMG-20250215-WA0046 (3).jpg,GOOD,c0181f1f1f0f0f1f
datasets\GOOD\IMG-20250215-WA0046-sDmGtG.jpg,GOOD,c0181f1f1f0f0f1f
datasets\GOOD\IMG-20250215-WA0046.jpg,GOOD,c0181f1f1f0f0f1f
datasets\GOOD\IMG-20250215-WA0047 (1) (1) (1)-CVtap7.jpg,GOOD,9018381b1f1f1f0e
datasets\GOOD\IMG-20250215-WA0047 (1) (1) (1)-fpNMfF.jpg,GOOD,9018381b1f1f1f0e
datasets\GOOD\IMG-20250215-WA0047 (1) (1) (1).jpg,GOOD,9018381b1f1f1f0e
datasets\GOOD\IMG-20250215-WA0047 (1) (1)-fbaLaR.jpg,GOOD,9018381b1f1f1f0e
datasets\GOOD\IMG-20250215-WA0047 (1) (1).jpg,GOOD,9018381b1f1f1f0e
datasets\GOOD\IMG-20250215-WA0047 (1) (2) (1)-nDYn63.jpg,GOOD,9018381b1f1f1f0e
datasets\GOOD\IMG-20250215-WA0047 (1) (2) (1).jpg,GOOD,9018381b1f1f1f0e
datasets\GOOD\IMG-20250215-WA0047 (1) (2)-zkORf6.jpg,GOOD,9018381b1f1f1f0e
datasets\GOOD\IMG-20250215-WA0047 (1) (2).jpg,GOOD,9018381b1f1f1f0e
datasets\GOOD\IMG-20250215-WA0047 (1)-fyjiAs.jpg,GOOD,9018381b1f1f1f0e
datasets\GOOD\IMG-20250215-WA0047 (1)-lkDIZB.jpg,GOOD,9018381b1f1f1f0e
datasets\GOOD\IMG-20250215-WA0047 (1)-MQFL7a.jpg,GOOD,9018381b1f1f1f0e
datasets\GOOD\IMG-20250215-WA0047 (1).jpg,GOOD,9018381b1f1f1f0e
datasets\GOOD\IMG-20250215-WA0047 (2) (1)-j0in1y.jpg,GOOD,9018381b1f1f1f0e
datasets\GOOD\IMG-20250215-WA0047 (2) (1).jpg,GOOD,9018381b1f1f1f0e
datasets\GOOD\IMG-20250215-WA0047 (2) (2).jpg,GOOD,9018381b1f1f1f0e
datasets\GOOD\IMG-20250215-WA0047 (2)-XZivTG.jpg,GOOD,9018381b1f1f1f0e
datasets\GOOD\IMG-20250215-WA0047 (2).jpg,GOOD,9018381b1f1f1f0e
datasets\GOOD\IMG-20250215-WA0047 (3)-etIogW.jpg,GOOD,9018381b1f1f1f0e
datasets\GOOD\IMG-20250215-WA0047 (3)-iKHaB9.jpg,GOOD,9018381b1f1f1f0e
datasets\GOOD\IMG-20250215-WA0047 (3)-ODZLoa.jpg,GOOD,9018381b1f1f1f0e
datasets\GOOD\IMG-20250215-WA0047 (3).jpg,GOOD,9018381b1f1f1f0e
datasets\GOOD\IMG-20250215-WA0047-C4kFfl.jpg,GOOD,9018381b1f1f1f0e
datasets\GOOD\IMG-20250215-WA0047-MqGMzY.jpg,GOOD,9018381b1f1f1f0e
datasets\GOOD\IMG-20250215-WA0047-WkJVmE.jpg,GOOD,9018381b1f1f1f0e
datasets\GOOD\IMG-20250215-WA0047.jpg,GOOD,9018381b1f1f1f0e
datasets\GOOD\IMG-20250215-WA0048 (1) (1) (1)-nqBEhA.jpg,GOOD,e018391b1b1b1f07
datasets\GOOD\IMG-20250215-WA0048 (1) (1) (1)-VGredb.jpg,GOOD,e018391b1b1b1f07
datasets\GOOD\IMG-20250215-WA0048 (1) (1) (1).jpg,GOOD,e018391b1b1b1f07
datasets\GOOD\IMG-20250215-WA0048 (1) (1) (2).jpg,GOOD,e018391b1b1b1f07
datasets\GOOD\IMG-20250215-WA0048 (1) (1)-CMXEku.jpg,GOOD,e018391b1b1b1f07
datasets\GOOD\IMG-20250215-WA0048 (1) (1)-O6Mmox.jpg,GOOD,e018391b1b1b1f07
datasets\GOOD\IMG-20250215-WA0048 (1) (1).jpg,GOOD,e018391b1b1b1f07
datasets\GOOD\IMG-20250215-WA0048 (1) (2)-qtVdaS.jpg,GOOD,e018391b1b1b1f07
datasets\GOOD\IMG-20250215-WA0048 (1) (2).jpg,GOOD,e018391b1b1b1f07
datasets\GOOD\IMG-20250215-WA0048 (1)-ldk3co.jpg,GOOD,e018391b1b1b1f07
datasets\GOOD\IMG-20250215-WA0048 (1).jpg,GOOD,e018391b1b1b1f07
datasets\GOOD\IMG-20250215-WA0048 (2) (1)-FdtjH0.jpg,GOOD,e018391b1b1b1f07
datasets\GOOD\IMG-20250215-WA0048 (2) (1).jpg,GOOD,e018391b1b1b1f07
datasets\GOOD\IMG-20250215-WA0048 (2)-2rscVv.jpg,GOOD,e018391b1b1b1f07
datasets\GOOD\IMG-20250215-WA0048 (2).jpg,GOOD,e018391b1b1b1f07
datasets\GOOD\IMG-20250215-WA0048 (3)-HyqE1x.jpg,GOOD,e018391b1b1b1f07
datasets\GOOD\IMG-20250215-WA0048 (3).jpg,GOOD,e018391b1b1b1f07
datasets\GOOD\IMG-20250215-WA0048-6RdTcd.jpg,GOOD,e018391b1b1b1f07
datasets\GOOD\IMG-20250215-WA0048.jpg,GOOD,e018391b1b1b1f07
datasets\GOOD\IMG-20250215-WA0049 (1) (1) (1)-Ep3AVq.jpg,GOOD,e058393919191910
datasets\GOOD\IMG-20250215-WA0049 (1) (1) (1).jpg,GOOD,e058393919191910
datasets\GOOD\IMG-20250215-WA0049 (1) (1)-qQXGSP.jpg,GOOD,e058393919191910
datasets\GOOD\IMG-20250215-WA0049 (1) (1).jpg,GOOD,e058393919191910
datasets\GOOD\IMG-20250215-WA0049 (1) (2)-TiHwR2.jpg,GOOD,e058393919191910
datasets\GOOD\IMG-20250215-WA0049 (1) (2).jpg,GOOD,e058393919191910
datasets\GOOD\IMG-20250215-WA0049 (1)-VFkzg0.jpg,GOOD,e058393919191910
datasets\GOOD\IMG-20250215-WA0049 (1).jpg,GOOD,e058393919191910
datasets\GOOD\IMG-20250215-WA0049 (2) (1)-CdZenS.jpg,GOOD,e058393919191910
datasets\GOOD\IMG-20250215-WA0049 (2) (1).jpg,GOOD,e058393919191910
datasets\GOOD\IMG-20250215-WA0049 (2)-Xu2LJu.jpg,GOOD,e058393919191910
datasets\GOOD\IMG-20250215-WA0049 (2).jpg,GOOD,e058393919191910
datasets\GOOD\IMG-20250215-WA0049 (3)-N29ykl.jpg,GOOD,e058393919191910
datasets\GOOD\IMG-20250215-WA0049 (3).jpg,GOOD,e058393919191910
datasets\GOOD\IMG-20250215-WA0049-cCK7Q9.jpg,GOOD,e058393919191910
datasets\GOOD\IMG-20250215-WA0049.jpg,GOOD,e058393919191910
datasets\GOOD\IMG-20250215-WA0050 (1) (1) (1)-3MVVyg.jpg,GOOD,1e9e9e1f1f1b1b03
datasets\GOOD\IMG-20250215-WA0050 (1) (1) (1).jpg,GOOD,1e9e9e1f1f1b1b03
datasets\GOOD\IMG-20250215-WA0050 (1) (1)-O9Smb2.jpg,GOOD,1e9e9e1f1f1b1b03
datasets\GOOD\IMG-20250215-WA0050 (1) (1).jpg,GOOD,1e9e9e1f1f1b1b03
datasets\GOOD\IMG-20250215-WA0050 (1) (2)-dEBVu6.jpg,GOOD,1e9e9e1f1f1b1b03
datasets\GOOD\IMG-20250215-WA0050 (1) (2).jpg,GOOD,1e9e9e1f1f1b1b03
datasets\GOOD\IMG-20250215-WA0050 (1)-aQNp57.jpg,GOOD,1e9e9e1f1f1b1b03
datasets\GOOD\IMG-20250215-WA0050 (1).jpg,GOOD,1e9e9e1f1f1b1b03
datasets\GOOD\IMG-20250215-WA0050 (2) (1)-G5N8nI.jpg,GOOD,1e9e9e1f1f1b1b03
datasets\GOOD\IMG-20250215-WA0050 (2) (1).jpg,GOOD,1e9e9e1f1f1b1b03
datasets\GOOD\IMG-20250215-WA0050 (2)-rRlI3Y.jpg,GOOD,1e9e9e1f1f1b1b03
datasets\GOOD\IMG-20250215-WA0050 (2).jpg,GOOD,1e9e9e1f1f1b1b03
datasets\GOOD\IMG-20250215-WA0050 (3)-Rfo3Dp.jpg,GOOD,1e9e9e1f1f1b1b03
datasets\GOOD\IMG-20250215-WA0050 (3).jpg,GOOD,1e9e9e1f1f1b1b03
datasets\GOOD\IMG-20250215-WA0050-hSU5CK.jpg,GOOD,1e9e9e1f1f1b1b03
datasets\GOOD\IMG-20250215-WA0050.jpg,GOOD,1e9e9e1f1f1b1b03
datasets\GOOD\IMG-20250215-WA0051 (1) (1) (1)-WuzwEu.jpg,GOOD,c0333b3b3b1b1b19
datasets\GOOD\IMG-20250215-WA0051 (1) (1) (1).jpg,GOOD,c0333b3b3b1b1b19
datasets\GOOD\IMG-20250215-WA0051 (1) (1)-bibgYk.jpg,GOOD,c0333b3b3b1b1b19
datasets\GOOD\IMG-20250215-WA0051 (1) (1).jpg,GOOD,c0333b3b3b1b1b19
datasets\GOOD\IMG-20250215-WA0051 (1) (2) (1).jpg,GOOD,c0333b3b3b1b1b19
datasets\GOOD\IMG-20250215-WA0051 (1) (2)-P0rAjH.jpg,GOOD,c0333b3b3b1b1b19
datasets\GOOD\IMG-20250215-WA0051 (1) (2).jpg,GOOD,c0333b3b3b1b1b19
datasets\GOOD\IMG-20250215-WA0051 (1) (3).jpg,GOOD,c0333b3b3b1b1b19
datasets\GOOD\IMG-20250215-WA0051 (1)-jKwniZ.jpg,GOOD,c0333b3b3b1b1b19
datasets\GOOD\IMG-20250215-WA0051 (1).jpg,GOOD,c0333b3b3b1b1b19
datasets\GOOD\IMG-20250215-WA0051 (2) (1) (1)-bvBM9o.jpg,GOOD,c0333b3b3b1b1b19
datasets\GOOD\IMG-20250215-WA0051 (2) (1) (1).jpg,GOOD,c0333b3b3b1b1b19
datasets\GOOD\IMG-20250215-WA0051 (2) (1)-IKuDEU.jpg,GOOD,c0333b3b3b1b1b19
datasets\GOOD\IMG-20250215-WA0051 (2) (1).jpg,GOOD,c0333b3b3b1b1b19
datasets\GOOD\IMG-20250215-WA0051 (2)-CYtXjz.jpg,GOOD,c0333b3b3b1b1b19
datasets\GOOD\IMG-20250215-WA0051 (2).jpg,GOOD,c0333b3b3b1b1b19
datasets\GOOD\IMG-20250215-WA0051 (3) (1)-YX1yxp.jpg,GOOD,c0333b3b3b1b1b19
datasets\GOOD\IMG-20250215-WA0051 (3) (1).jpg,GOOD,c0333b3b3b1b1b19
datasets\GOOD\IMG-20250215-WA0051 (3).jpg,GOOD,c0333b3b3b1b1b19
datasets\GOOD\IMG-20250215-WA0051 (4).jpg,GOOD,c0333b3b3b1b1b19
datasets\GOOD\IMG-20250215-WA0051-YIWLyd.jpg,GOOD,c0333b3b3b1b1b19
datasets\GOOD\IMG-20250215-WA0051.jpg,GOOD,c0333b3b3b1b1b19
datasets\GOOD\IMG-20250215-WA0052 (1) (1) (1) (1)-n1lx73.jpg,GOOD,80383b3b1f1f1f07
datasets\GOOD\IMG-20250215-WA0052 (1) (1) (1) (1).jpg,GOOD,80383b3b1f1f1f07
datasets\GOOD\IMG-20250215-WA0052 (1) (1) (1).jpg,GOOD,80383b3b1f1f1f07
datasets\GOOD\IMG-20250215-WA0052 (1) (1) (2).jpg,GOOD,80383b3b1f1f1f07
datasets\GOOD\IMG-20250215-WA0052 (1) (1)-KT2WDO.jpg,GOOD,80383b3b1f1f1f07
datasets\GOOD\IMG-20250215-WA0052 (1) (1)-mbTG3O.jpg,GOOD,80383b3b1f1f1f07
datasets\GOOD\IMG-20250215-WA0052 (1) (1).jpg,GOOD,80383b3b1f1f1f07
datasets\GOOD\IMG-20250215-WA0052 (1) (2)-m846vN.jpg,GOOD,80383b3b1f1f1f07
datasets\GOOD\IMG-20250215-WA0052 (1) (2).jpg,GOOD,80383b3b1f1f1f07
datasets\GOOD\IMG-20250215-WA0052 (1)-sqnH5N.jpg,GOOD,80383b3b1f1f1f07
datasets\GOOD\IMG-20250215-WA0052 (1).jpg,GOOD,80383b3b1f1f1f07
datasets\GOOD\IMG-20250215-WA0052 (2) (1)-9cpBzs.jpg,GOOD,80383b3b1f1f1f07
datasets\GOOD\IMG-20250215-WA0052 (2) (1).jpg,GOOD,80383b3b1f1f1f07
datasets\GOOD\IMG-20250215-WA0052 (2)-GMH8Iq.jpg,GOOD,80383b3b1f1f1f07
datasets\GOOD\IMG-20250215-WA0052 (2).jpg,GOOD,80383b3b1f1f1f07
datasets\GOOD\IMG-20250215-WA0052 (3)-U0dJUc.jpg,GOOD,80383b3b1f1f1f07
datasets\GOOD\IMG-20250215-WA0052 (3).jpg,GOOD,80383b3b1f1f1f07
datasets\GOOD\IMG-20250215-WA0052-gl7S2m.jpg,GOOD,80383b3b1f1f1f07
datasets\GOOD\IMG-20250215-WA0052.jpg,GOOD,80383b3b1f1f1f07
datasets\GOOD\IMG-20250215-WA0053 (1) (1) (1)-ZWBhUN.jpg,GOOD,1018181f1f1f1f1f
datasets\GOOD\IMG-20250215-WA0053 (1) (1) (1).jpg,GOOD,1018181f1f1f1f1f
datasets\GOOD\IMG-20250215-WA0053 (1) (1) (2).jpg,GOOD,1018181f1f1f1f1f
datasets\GOOD\IMG-20250215-WA0053 (1) (1)-8BdhEN.jpg,GOOD,1018181f1f1f1f1f
datasets\GOOD\IMG-20250215-WA0053 (1) (1).jpg,GOOD,1018181f1f1f1f1f
datasets\GOOD\IMG-20250215-WA0053 (1) (2) (1)-qTG7xd.jpg,GOOD,1018181f1f1f1f1f
datasets\GOOD\IMG-20250215-WA0053 (1) (2) (1).jpg,GOOD,1018181f1f1f1f1f
datasets\GOOD\IMG-20250215-WA0053 (1) (2)-gTK1PV.jpg,GOOD,1018181f1f1f1f1f
datasets\GOOD\IMG-20250215-WA0053 (1) (2).jpg,GOOD,1018181f1f1f1f1f
datasets\GOOD\IMG-20250215-WA0053 (1) (3)-Ct69Xe.jpg,GOOD,1018181f1f1f1f1f
datasets\GOOD\IMG-20250215-WA0053 (1) (3).jpg,GOOD,1018181f1f1f1f1f
datasets\GOOD\IMG-20250215-WA0053 (1)-nqUyT7.jpg,GOOD,1018181f1f1f1f1f
datasets\GOOD\IMG-20250215-WA0053 (1).jpg,GOOD,1018181f1f1f1f1f
datasets\GOOD\IMG-20250215-WA0053 (2)-Xwwwls.jpg,GOOD,1018181f1f1f1f1f
datasets\GOOD\IMG-20250215-WA0053 (2).jpg,GOOD,1018181f1f1f1f1f
datasets\GOOD\IMG-20250215-WA0053 (3).jpg,GOOD,1018181f1f1f1f1f
datasets\GOOD\IMG-20250215-WA0053-b211IL.jpg,GOOD,1018181f1f1f1f1f
datasets\GOOD\IMG-20250215-WA0053-pf70Po.jpg,GOOD,1018181f1f1f1f1f
datasets\GOOD\IMG-20250215-WA0053.jpg,GOOD,1018181f1f1f1f1f
datasets\GOOD\IMG-20250215-WA0054 (1) (1)-F309XW.jpg,GOOD,1038383b3f1f1f17
datasets\GOOD\IMG-20250215-WA0054 (1) (1).jpg,GOOD,1038383b3f1f1f17
datasets\GOOD\IMG-20250215-WA0054 (1) (2)-plNpYP.jpg,GOOD,1038383b3f1f1f17
datasets\GOOD\IMG-20250215-WA0054 (1) (2).jpg,GOOD,1038383b3f1f1f17
datasets\GOOD\IMG-20250215-WA0054 (1)-NUtalX.jpg,GOOD,1038383b3f1f1f17
datasets\GOOD\IMG-20250215-WA0054 (1).jpg,GOOD,1038383b3f1f1f17
datasets\GOOD\IMG-20250215-WA0054 (2) (1).jpg,GOOD,1038383b3f1f1f17
datasets\GOOD\IMG-20250215-WA0054 (2)-7906aJ.jpg,GOOD,1038383b3f1f1f17
datasets\GOOD\IMG-20250215-WA0054 (2).jpg,GOOD,1038383b3f1f1f17
datasets\GOOD\IMG-20250215-WA0054 (3)-8Ub4h3.jpg,GOOD,1038383b3f1f1f17
datasets\GOOD\IMG-20250215-WA0054 (3).jpg,GOOD,1038383b3f1f1f17
datasets\GOOD\IMG-20250215-WA0054.jpg,GOOD,1038383b3f1f1f17
datasets\GOOD\IMG-20250215-WA0055 (1) (1) (1)-My4kmh.jpg,GOOD,000c0c0f0f0f0f1f
datasets\GOOD\IMG-20250215-WA0055 (1) (1) (1).jpg,GOOD,000c0c0f0f0f0f1f
datasets\GOOD\IMG-20250215-WA0055 (1) (1)-jfNbK6.jpg,GOOD,000c0c0f0f0f0f1f
datasets\GOOD\IMG-20250215-WA0055 (1) (1)-NItyi4.jpg,GOOD,000c0c0f0f0f0f1f
datasets\GOOD\IMG-20250215-WA0055 (1) (1).jpg,GOOD,000c0c0f0f0f0f1f
datasets\GOOD\IMG-20250215-WA0055 (1) (2)-EroqXR.jpg,GOOD,000c0c0f0f0f0f1f
datasets\GOOD\IMG-20250215-WA0055 (1) (2).jpg,GOOD,000c0c0f0f0f0f1f
datasets\GOOD\IMG-20250215-WA0055 (1).jpg,GOOD,000c0c0f0f0f0f1f
datasets\GOOD\IMG-20250215-WA0055 (2).jpg,GOOD,000c0c0f0f0f0f1f
datasets\GOOD\IMG-20250215-WA0055 (3)-uOBsOc.jpg,GOOD,000c0c0f0f0f0f1f
datasets\GOOD\IMG-20250215-WA0055 (3).jpg,GOOD,000c0c0f0f0f0f1f
datasets\GOOD\IMG-20250215-WA0055-6rFNyK.jpg,GOOD,000c0c0f0f0f0f1f
datasets\GOOD\IMG-20250215-WA0055.jpg,GOOD,000c0c0f0f0f0f1f
datasets\GOOD\IMG-20250215-WA0057 (1) (1) (1)-5P93Mf.jpg,GOOD,f0b0387b3f370707
datasets\GOOD\IMG-20250215-WA0057 (1) (1) (1).jpg,GOOD,f0b0387b3f370707
datasets\GOOD\IMG-20250215-WA0057 (1) (1)-l8GMvp.jpg,GOOD,f0b0387b3f370707
datasets\GOOD\IMG-20250215-WA0057 (1) (1).jpg,GOOD,f0b0387b3f370707
datasets\GOOD\IMG-20250215-WA0057 (1).jpg,GOOD,f0b0387b3f370707
datasets\GOOD\IMG-20250215-WA0057 (2) (1)-Zs48qB.jpg,GOOD,f0b0387b3f370707
datasets\GOOD\IMG-20250215-WA0057 (2) (1).jpg,GOOD,f0b0387b3f370707
datasets\GOOD\IMG-20250215-WA0057 (2)-QVvgtF.jpg,GOOD,f0b0387b3f370707
datasets\GOOD\IMG-20250215-WA0057 (2).jpg,GOOD,f0b0387b3f370707
datasets\GOOD\IMG-20250215-WA0057 (3).jpg,GOOD,f0b0387b3f370707
datasets\GOOD\IMG-20250215-WA0057-DqyjhZ.jpg,GOOD,f0b0387b3f370707
datasets\GOOD\IMG-20250215-WA0057-zON5yR.jpg,GOOD,f0b0387b3f370707
datasets\GOOD\IMG-20250215-WA0057.jpg,GOOD,f0b0387b3f370707
datasets\GOOD\IMG-20250215-WA0058 (1) (1).jpg,GOOD,f9181d1f1f0f0707
datasets\GOOD\IMG-20250215-WA0058 (1) (2).jpg,GOOD,f9181d1f1f0f0707
datasets\GOOD\IMG-20250215-WA0058 (1)-94jHWs.jpg,GOOD,f9181d1f1f0f0707
datasets\GOOD\IMG-20250215-WA0058 (1)-Ww8nWf.jpg,GOOD,f9181d1f1f0f0707
datasets\GOOD\IMG-20250215-WA0058 (1).jpg,GOOD,f9181d1f1f0f0707
datasets\GOOD\IMG-20250215-WA0058 (2) (1).jpg,GOOD,f9181d1f1f0f0707
datasets\GOOD\IMG-20250215-WA0058 (2).jpg,GOOD,f9181d1f1f0f0707
datasets\GOOD\IMG-20250215-WA0058-dGYdLa.jpg,GOOD,f9181d1f1f0f0707
datasets\GOOD\IMG-20250215-WA0058.jpg,GOOD,f9181d1f1f0f0707
datasets\GOOD\IMG-20250215-WA0059 (1) (1) (1).jpg,GOOD,f81818191f1f1f0f
datasets\GOOD\IMG-20250215-WA0059 (1) (1)-ft5TWU.jpg,GOOD,f81818191f1f1f0f
datasets\GOOD\IMG-20250215-WA0059 (1) (1)-Q9Gpvn.jpg,GOOD,f81818191f1f1f0f
datasets\GOOD\IMG-20250215-WA0059 (1) (1).jpg,GOOD,f81818191f1f1f0f
datasets\GOOD\IMG-20250215-WA0059 (1)-Ohqxwb.jpg,GOOD,f81818191f1f1f0f
datasets\GOOD\IMG-20250215-WA0059 (1).jpg,GOOD,f81818191f1f1f0f
datasets\GOOD\IMG-20250215-WA0059 (2) (1)-cHG0IB.jpg,GOOD,f81818191f1f1f0f
datasets\GOOD\IMG-20250215-WA0059 (2) (1).jpg,GOOD,f81818191f1f1f0f
datasets\GOOD\IMG-20250215-WA0059 (2)-5Iinne.jpg,GOOD,f81818191f1f1f0f
datasets\GOOD\IMG-20250215-WA0059 (2).jpg,GOOD,f81818191f1f1f0f
datasets\GOOD\IMG-20250215-WA0059 (3).jpg,GOOD,f81818191f1f1f0f
datasets\GOOD\IMG-20250215-WA0059.jpg,GOOD,f81818191f1f1f0f
datasets\GOOD\IMG-20250215-WA0060 (1) (1) (1)-U8VrJj.jpg,GOOD,181c1c1f0f0f0f07
datasets\GOOD\IMG-20250215-WA0060 (1) (1) (1).jpg,GOOD,181c1c1f0f0f0f07
datasets\GOOD\IMG-20250215-WA0060 (1) (1)-tOUN0k.jpg,GOOD,181c1c1f0f0f0f07
datasets\GOOD\IMG-20250215-WA0060 (1) (1).jpg,GOOD,181c1c1f0f0f0f07
datasets\GOOD\IMG-20250215-WA0060 (1) (2)-IsoKmZ.jpg,GOOD,181c1c1f0f0f0f07
datasets\GOOD\IMG-20250215-WA0060 (1) (2).jpg,GOOD,181c1c1f0f0f0f07
datasets\GOOD\IMG-20250215-WA0060 (1)-ECUHuA.jpg,GOOD,181c1c1f0f0f0f07
datasets\GOOD\IMG-20250215-WA0060 (1).jpg,GOOD,181c1c1f0f0f0f07
datasets\GOOD\IMG-20250215-WA0060 (2) (1).jpg,GOOD,181c1c1f0f0f0f07
datasets\GOOD\IMG-20250215-WA0060 (2).jpg,GOOD,181c1c1f0f0f0f07
datasets\GOOD\IMG-20250215-WA0060.jpg,GOOD,181c1c1f0f0f0f07
datasets\GOOD\IMG-20250215-WA0061 (1) (1) (1).jpg,GOOD,9c181c1f1f1f0f0f
datasets\GOOD\IMG-20250215-WA0061 (1) (1)-6MAT7P.jpg,GOOD,9c181c1f1f1f0f0f
datasets\GOOD\IMG-20250215-WA0061 (1) (1).jpg,GOOD,9c181c1f1f1f0f0f
datasets\GOOD\IMG-20250215-WA0061 (1) (2)-qj7LUw.jpg,GOOD,9c181c1f1f1f0f0f
datasets\GOOD\IMG-20250215-WA0061 (1) (2).jpg,GOOD,9c181c1f1f1f0f0f
datasets\GOOD\IMG-20250215-WA0061 (1)-KsYnC9.jpg,GOOD,9c181c1f1f1f0f0f
datasets\GOOD\IMG-20250215-WA0061 (1).jpg,GOOD,9c181c1f1f1f0f0f
datasets\GOOD\IMG-20250215-WA0061 (2)-6yb9cn.jpg,GOOD,9c181c1f1f1f0f0f
datasets\GOOD\IMG-20250215-WA0061 (2)-C5PXaK.jpg,GOOD,9c181c1f1f1f0f0f
datasets\GOOD\IMG-20250215-WA0061 (2).jpg,GOOD,9c181c1f1f1f0f0f
datasets\GOOD\IMG-20250215-WA0061 (3)-M6YpSd.jpg,GOOD,9c181c1f1f1f0f0f
datasets\GOOD\IMG-20250215-WA0061 (3)-prNENC.jpg,GOOD,9c181c1f1f1f0f0f
datasets\GOOD\IMG-20250215-WA0061 (3).jpg,GOOD,9c181c1f1f1f0f0f
datasets\GOOD\IMG-20250215-WA0063 (1) (1) (1).jpg,GOOD,000f0f0f0f0f0f0f
datasets\GOOD\IMG-20250215-WA0063 (1) (2)-M1DOh4.jpg,GOOD,000f0f0f0f0f0f0f
datasets\GOOD\IMG-20250215-WA0063 (1) (2)-oIVr0d.jpg,GOOD,000f0f0f0f0f0f0f
datasets\GOOD\IMG-20250215-WA0063 (1) (2).jpg,GOOD,000f0f0f0f0f0f0f
datasets\GOOD\IMG-20250215-WA0063 (1)-5wulJI.jpg,GOOD,000f0f0f0f0f0f0f
datasets\GOOD\IMG-20250215-WA0063 (1).jpg,GOOD,000f0f0f0f0f0f0f
datasets\GOOD\IMG-20250215-WA0063 (2) (1)-kP2zrQ.jpg,GOOD,000f0f0f0f0f0f0f
datasets\GOOD\IMG-20250215-WA0063 (2) (1)-otcEjl.jpg,GOOD,000f0f0f0f0f0f0f
datasets\GOOD\IMG-20250215-WA0063 (2) (1).jpg,GOOD,000f0f0f0f0f0f0f
datasets\GOOD\IMG-20250215-WA0063 (2).jpg,GOOD,000f0f0f0f0f0f0f
datasets\GOOD\IMG-20250215-WA0063 (3).jpg,GOOD,000f0f0f0f0f0f0f
datasets\GOOD\IMG-20250215-WA0063-DxecJm.jpg,GOOD,000f0f0f0f0f0f0f
datasets\GOOD\IMG-20250215-WA0063.jpg,GOOD,000f0f0f0f0f0f0f
datasets\GOOD\IMG-20250215-WA0064 (1) (1) (1)-312WKn.jpg,GOOD,fe181c1d0f070707
datasets\GOOD\IMG-20250215-WA0064 (1) (1) (1).jpg,GOOD,fe181c1d0f070707
datasets\GOOD\IMG-20250215-WA0064 (1) (1).jpg,GOOD,fe181c1d0f070707
datasets\GOOD\IMG-20250215-WA0064 (1) (2).jpg,GOOD,fe181c1d0f070707
datasets\GOOD\IMG-20250215-WA0064 (1)-k3gNSa.jpg,GOOD,fe181c1d0f070707
datasets\GOOD\IMG-20250215-WA0064 (1).jpg,GOOD,fe181c1d0f070707
datasets\GOOD\IMG-20250215-WA0064 (2) (1)-LagdHW.jpg,GOOD,fe181c1d0f070707
datasets\GOOD\IMG-20250215-WA0064 (2) (1).jpg,GOOD,fe181c1d0f070707
datasets\GOOD\IMG-20250215-WA0064 (2)-UN8vrN.jpg,GOOD,fe181c1d0f070707
datasets\GOOD\IMG-20250215-WA0064 (2).jpg,GOOD,fe181c1d0f070707
datasets\GOOD\IMG-20250215-WA0064 (3)-G8XlyA.jpg,GOOD,fe181c1d0f070707
datasets\GOOD\IMG-20250215-WA0064 (3).jpg,GOOD,fe181c1d0f070707
datasets\GOOD\IMG-20250215-WA0065 (1) (1) (1)-j72Vz6.jpg,GOOD,9818181b1b1b0707
datasets\GOOD\IMG-20250215-WA0065 (1) (1) (1).jpg,GOOD,9818181b1b1b0707
datasets\GOOD\IMG-20250215-WA0065 (1) (1).jpg,GOOD,9818181b1b1b0707
datasets\GOOD\IMG-20250215-WA0065 (1) (2)-tEF9ht.jpg,GOOD,9818181b1b1b0707
datasets\GOOD\IMG-20250215-WA0065 (1) (2)-ydB8aD.jpg,GOOD,9818181b1b1b0707
datasets\GOOD\IMG-20250215-WA0065 (1) (2).jpg,GOOD,9818181b1b1b0707
datasets\GOOD\IMG-20250215-WA0065 (1)-F0y04P.jpg,GOOD,9818181b1b1b0707
datasets\GOOD\IMG-20250215-WA0065 (1).jpg,GOOD,9818181b1b1b0707
datasets\GOOD\IMG-20250215-WA0065 (2) (1).jpg,GOOD,9818181b1b1b0707
datasets\GOOD\IMG-20250215-WA0065 (2).jpg,GOOD,9818181b1b1b0707
datasets\GOOD\IMG-20250215-WA0065 (3)-4iYMo0.jpg,GOOD,9818181b1b1b0707
datasets\GOOD\IMG-20250215-WA0065 (3)-M9UL73.jpg,GOOD,9818181b1b1b0707
datasets\GOOD\IMG-20250215-WA0065 (3).jpg,GOOD,9818181b1b1b0707
datasets\GOOD\IMG-20250215-WA0066 (1) (1) (1)-OFSqZp.jpg,GOOD,9e181c1d1d1f0707
datasets\GOOD\IMG-20250215-WA0066 (1) (1) (1)-uvMsGw.jpg,GOOD,9e181c1d1d1f0707
datasets\GOOD\IMG-20250215-WA0066 (1) (1) (1).jpg,GOOD,9e181c1d1d1f0707
datasets\GOOD\IMG-20250215-WA0066 (1) (1).jpg,GOOD,9e181c1d1d1f0707
datasets\GOOD\IMG-20250215-WA0066 (1) (2)-aqN8BI.jpg,GOOD,9e181c1d1d1f0707
datasets\GOOD\IMG-20250215-WA0066 (1) (2)-btu5Q1.jpg,GOOD,9e181c1d1d1f0707
datasets\GOOD\IMG-20250215-WA0066 (1) (2).jpg,GOOD,9e181c1d1d1f0707
datasets\GOOD\IMG-20250215-WA0066 (2) (1).jpg,GOOD,9e181c1d1d1f0707
datasets\GOOD\IMG-20250215-WA0066.jpg,GOOD,9e181c1d1d1f0707
datasets\GOOD\IMG-20250215-WA0067 (1) (1).jpg,GOOD,0010181b1f1f1f0f
datasets\GOOD\IMG-20250215-WA0067 (1)-MKY5hN.jpg,GOOD,0010181b1f1f1f0f
datasets\GOOD\IMG-20250215-WA0067 (1).jpg,GOOD,0010181b1f1f1f0f
datasets\GOOD\IMG-20250215-WA0067 (2) (1)-nKbiLB.jpg,GOOD,0010181b1f1f1f0f
datasets\GOOD\IMG-20250215-WA0067 (2) (1).jpg,GOOD,0010181b1f1f1f0f
datasets\GOOD\IMG-20250215-WA0067 (2).jpg,GOOD,0010181b1f1f1f0f
datasets\GOOD\IMG-20250215-WA0067 (3)-t4dsWy.jpg,GOOD,0010181b1f1f1f0f
datasets\GOOD\IMG-20250215-WA0067 (3)-y2hGYq.jpg,GOOD,0010181b1f1f1f0f
datasets\GOOD\IMG-20250215-WA0067 (3).jpg,GOOD,0010181b1f1f1f0f
datasets\GOOD\IMG-20250215-WA0067.jpg,GOOD,0010181b1f1f1f0f
datasets\GOOD\IMG-20250215-WA0069 (1) (1).jpg,GOOD,0018181b1f1f1f1e
datasets\GOOD\IMG-20250215-WA0069 (1) (2)-DIeGD3.jpg,GOOD,0018181b1f1f1f1e
datasets\GOOD\IMG-20250215-WA0069 (1) (2)-NCEHfN.jpg,GOOD,0018181b1f1f1f1e
datasets\GOOD\IMG-20250215-WA0069 (1) (2).jpg,GOOD,0018181b1f1f1f1e
datasets\GOOD\IMG-20250215-WA0069 (1).jpg,GOOD,0018181b1f1f1f1e
datasets\GOOD\IMG-20250215-WA0069 (2) (1)-3BGWOY.jpg,GOOD,0018181b1f1f1f1e
datasets\GOOD\IMG-20250215-WA0069 (2) (1).jpg,GOOD,0018181b1f1f1f1e
datasets\GOOD\IMG-20250215-WA0069 (2).jpg,GOOD,0018181b1f1f1f1e
datasets\GOOD\IMG-20250215-WA0069 (3)-OlvqPY.jpg,GOOD,0018181b1f1f1f1e
datasets\GOOD\IMG-20250215-WA0069 (3).jpg,GOOD,0018181b1f1f1f1e
datasets\GOOD\IMG-20250215-WA0069-1df3N0.jpg,GOOD,0018181b1f1f1f1e
datasets\GOOD\IMG-20250215-WA0069.jpg,GOOD,0018181b1f1f1f1e
datasets\GOOD\IMG-20250215-WA0070 (1) (1).jpg,GOOD,080c1d0f0f0f1f1f
datasets\GOOD\IMG-20250215-WA0070 (1) (2).jpg,GOOD,080c1d0f0f0f1f1f
datasets\GOOD\IMG-20250215-WA0070 (1)-CWIoJt.jpg,GOOD,080c1d0f0f0f1f1f
datasets\GOOD\IMG-20250215-WA0070 (1)-JoYx2W.jpg,GOOD,080c1d0f0f0f1f1f
datasets\GOOD\IMG-20250215-WA0070 (1).jpg,GOOD,080c1d0f0f0f1f1f
datasets\GOOD\IMG-20250215-WA0070 (2) (1).jpg,GOOD,080c1d0f0f0f1f1f
datasets\GOOD\IMG-20250215-WA0070 (2)-gi648o.jpg,GOOD,080c1d0f0f0f1f1f
datasets\GOOD\IMG-20250215-WA0070 (2)-y5Yv59.jpg,GOOD,080c1d0f0f0f1f1f
datasets\GOOD\IMG-20250215-WA0070 (2).jpg,GOOD,080c1d0f0f0f1f1f
datasets\GOOD\IMG-20250215-WA0070 (3).jpg,GOOD,080c1d0f0f0f1f1f
datasets\GOOD\IMG-20250215-WA0070-723XX4.jpg,GOOD,080c1d0f0f0f1f1f
datasets\GOOD\IMG-20250215-WA0070.jpg,GOOD,080c1d0f0f0f1f1f
datasets\GOOD\IMG-20250215-WA0071 (1) (1)-8aWu8C.jpg,GOOD,181c1d1d1f1f1f0f
datasets\GOOD\IMG-20250215-WA0071 (1) (1)-R6rNQB.jpg,GOOD,181c1d1d1f1f1f0f
datasets\GOOD\IMG-20250215-WA0071 (1) (1).jpg,GOOD,181c1d1d1f1f1f0f
datasets\GOOD\IMG-20250215-WA0071 (1) (2).jpg,GOOD,181c1d1d1f1f1f0f
datasets\GOOD\IMG-20250215-WA0071 (1)-mEfy5y.jpg,GOOD,181c1d1d1f1f1f0f
datasets\GOOD\IMG-20250215-WA0071 (1).jpg,GOOD,181c1d1d1f1f1f0f
datasets\GOOD\IMG-20250215-WA0071 (2) (1).jpg,GOOD,181c1d1d1f1f1f0f
datasets\GOOD\IMG-20250215-WA0071 (2)-blDvJn.jpg,GOOD,181c1d1d1f1f1f0f
datasets\GOOD\IMG-20250215-WA0071 (2).jpg,GOOD,181c1d1d1f1f1f0f
datasets\GOOD\IMG-20250215-WA0071-R4yWxo.jpg,GOOD,181c1d1d1f1f1f0f
datasets\GOOD\IMG-20250215-WA0071.jpg,GOOD,181c1d1d1f1f1f0f
datasets\GOOD\IMG-20250215-WA0072 (1) (1) (1).jpg,GOOD,081d1d1d1f1f0f0f
datasets\GOOD\IMG-20250215-WA0072 (1) (1)-USQBrZ.jpg,GOOD,081d1d1d1f1f0f0f
datasets\GOOD\IMG-20250215-WA0072 (1) (1).jpg,GOOD,081d1d1d1f1f0f0f
datasets\GOOD\IMG-20250215-WA0072 (1) (2).jpg,GOOD,081d1d1d1f1f0f0f
datasets\GOOD\IMG-20250215-WA0072 (1).jpg,GOOD,081d1d1d1f1f0f0f
datasets\GOOD\IMG-20250215-WA0072 (2) (1).jpg,GOOD,081d1d1d1f1f0f0f
datasets\GOOD\IMG-20250215-WA0072 (2)-erVQcz.jpg,GOOD,081d1d1d1f1f0f0f
datasets\GOOD\IMG-20250215-WA0072 (2)-JqVzi6.jpg,GOOD,081d1d1d1f1f0f0f
datasets\GOOD\IMG-20250215-WA0072 (2).jpg,GOOD,081d1d1d1f1f0f0f
datasets\GOOD\IMG-20250215-WA0072.jpg,GOOD,081d1d1d1f1f0f0f
datasets\GOOD\IMG-20250215-WA0073 (1) (1) (1).jpg,GOOD,0d1b3f1f1f1b1f1f
datasets\GOOD\IMG-20250215-WA0073 (1) (1)-TkMGRs.jpg,GOOD,0d1b3f1f1f1b1f1f
datasets\GOOD\IMG-20250215-WA0073 (1) (1).jpg,GOOD,0d1b3f1f1f1b1f1f
datasets\GOOD\IMG-20250215-WA0073 (1) (2).jpg,GOOD,0d1b3f1f1f1b1f1f
datasets\GOOD\IMG-20250215-WA0073 (1)-4opwRb.jpg,GOOD,0d1b3f1f1f1b1f1f
datasets\GOOD\IMG-20250215-WA0073 (1).jpg,GOOD,0d1b3f1f1f1b1f1f
datasets\GOOD\IMG-20250215-WA0073 (2) (1).jpg,GOOD,0d1b3f1f1f1b1f1f
datasets\GOOD\IMG-20250215-WA0073 (2)-9eEK52.jpg,GOOD,0d1b3f1f1f1b1f1f
datasets\GOOD\IMG-20250215-WA0073 (2).jpg,GOOD,0d1b3f1f1f1b1f1f
datasets\GOOD\IMG-20250215-WA0073 (3).jpg,GOOD,0d1b3f1f1f1b1f1f
datasets\GOOD\IMG-20250215-WA0073-kBT0U6.jpg,GOOD,0d1b3f1f1f1b1f1f
datasets\GOOD\IMG-20250215-WA0073.jpg,GOOD,0d1b3f1f1f1b1f1f
datasets\GOOD\IMG-20250215-WA0074 (1) (1) (1)-tQBVsx.jpg,GOOD,ff303038381b0707
datasets\GOOD\IMG-20250215-WA0074 (1) (1) (1).jpg,GOOD,ff303038381b0707
datasets\GOOD\IMG-20250215-WA0074 (1) (1).jpg,GOOD,ff303038381b0707
datasets\GOOD\IMG-20250215-WA0074 (1)-lQ0D0j.jpg,GOOD,ff303038381b0707
datasets\GOOD\IMG-20250215-WA0074 (1)-zlh6kR.jpg,GOOD,ff303038381b0707
datasets\GOOD\IMG-20250215-WA0074 (1).jpg,GOOD,ff303038381b0707
datasets\GOOD\IMG-20250215-WA0074 (2)-01s3KN.jpg,GOOD,ff303038381b0707
datasets\GOOD\IMG-20250215-WA0074 (2)-wS9JiV.jpg,GOOD,ff303038381b0707
datasets\GOOD\IMG-20250215-WA0074 (2).jpg,GOOD,ff303038381b0707
datasets\GOOD\IMG-20250215-WA0074.jpg,GOOD,ff303038381b0707
datasets\GOOD\IMG-20250215-WA0075 (1) (1) (1)-8Ert1C.jpg,GOOD,ff1030313b3f3f07
datasets\GOOD\IMG-20250215-WA0075 (1) (1) (1).jpg,GOOD,ff1030313b3f3f07
datasets\GOOD\IMG-20250215-WA0075 (1) (1).jpg,GOOD,ff1030313b3f3f07
datasets\GOOD\IMG-20250215-WA0075 (1) (2)-0jyXUz.jpg,GOOD,ff1030313b3f3f07
datasets\GOOD\IMG-20250215-WA0075 (1) (2).jpg,GOOD,ff1030313b3f3f07
datasets\GOOD\IMG-20250215-WA0075 (1).jpg,GOOD,ff1030313b3f3f07
datasets\GOOD\IMG-20250215-WA0075 (2) (1).jpg,GOOD,ff1030313b3f3f07
datasets\GOOD\IMG-20250215-WA0075 (2).jpg,GOOD,ff1030313b3f3f07
datasets\GOOD\IMG-20250215-WA0075 (3).jpg,GOOD,ff1030313b3f3f07
datasets\GOOD\IMG-20250215-WA0075-3ionig.jpg,GOOD,ff1030313b3f3f07
datasets\GOOD\IMG-20250215-WA0075.jpg,GOOD,ff1030313b3f3f07
datasets\GOOD\IMG-20250215-WA0076 (1) (1) (1).jpg,GOOD,001a3b1f1f1f1f0f
datasets\GOOD\IMG-20250215-WA0076 (1) (1)-bCo7Nz.jpg,GOOD,001a3b1f1f1f1f0f
datasets\GOOD\IMG-20250215-WA0076 (1) (1).jpg,GOOD,001a3b1f1f1f1f0f
datasets\GOOD\IMG-20250215-WA0076 (1) (2).jpg,GOOD,001a3b1f1f1f1f0f
datasets\GOOD\IMG-20250215-WA0076 (1)-LwWtvA.jpg,GOOD,001a3b1f1f1f1f0f
datasets\GOOD\IMG-20250215-WA0076 (1).jpg,GOOD,001a3b1f1f1f1f0f
datasets\GOOD\IMG-20250215-WA0076 (2).jpg,GOOD,001a3b1f1f1f1f0f
datasets\GOOD\IMG-20250215-WA0076 (3).jpg,GOOD,001a3b1f1f1f1f0f
datasets\GOOD\IMG-20250215-WA0076-kHbv5n.jpg,GOOD,001a3b1f1f1f1f0f
datasets\GOOD\IMG-20250215-WA0076.jpg,GOOD,001a3b1f1f1f1f0f
datasets\GOOD\IMG-20250215-WA0077 (1) (1) (1).jpg,GOOD,f8d81c1c1d0f0707
datasets\GOOD\IMG-20250215-WA0077 (1) (1)-Fs3r8S.jpg,GOOD,f8d81c1c1d0f0707
datasets\GOOD\IMG-20250215-WA0077 (1) (1).jpg,GOOD,f8d81c1c1d0f0707
datasets\GOOD\IMG-20250215-WA0077 (1) (2).jpg,GOOD,f8d81c1c1d0f0707
datasets\GOOD\IMG-20250215-WA0077 (1)-EFskSX.jpg,GOOD,f8d81c1c1d0f0707
datasets\GOOD\IMG-20250215-WA0077 (1).jpg,GOOD,f8d81c1c1d0f0707
datasets\GOOD\IMG-20250215-WA0077 (2) (1).jpg,GOOD,f8d81c1c1d0f0707
datasets\GOOD\IMG-20250215-WA0077 (2).jpg,GOOD,f8d81c1c1d0f0707
datasets\GOOD\IMG-20250215-WA0077 (3).jpg,GOOD,f8d81c1c1d0f0707
datasets\GOOD\IMG-20250215-WA0077-P9Bs75.jpg,GOOD,f8d81c1c1d0f0707
datasets\GOOD\IMG-20250215-WA0077.jpg,GOOD,f8d81c1c1d0f0707
datasets\GOOD\IMG-20250215-WA0078 (1) (1) (1).jpg,GOOD,fb9c1c1c1d1b1f0f
datasets\GOOD\IMG-20250215-WA0078 (1) (1)-EhbJ6x.jpg,GOOD,fb9c1c1c1d1b1f0f
datasets\GOOD\IMG-20250215-WA0078 (1) (1).jpg,GOOD,fb9c1c1c1d1b1f0f
datasets\GOOD\IMG-20250215-WA0078 (1) (2)-VXV5Ak.jpg,GOOD,fb9c1c1c1d1b1f0f
datasets\GOOD\IMG-20250215-WA0078 (1) (2).jpg,GOOD,fb9c1c1c1d1b1f0f
datasets\GOOD\IMG-20250215-WA0078 (1).jpg,GOOD,fb9c1c1c1d1b1f0f
datasets\GOOD\IMG-20250215-WA0078 (2).jpg,GOOD,fb9c1c1c1d1b1f0f
datasets\GOOD\IMG-20250215-WA0078 (3)-RQz10L.jpg,GOOD,fb9c1c1c1d1b1f0f
datasets\GOOD\IMG-20250215-WA0078 (3).jpg,GOOD,fb9c1c1c1d1b1f0f
datasets\GOOD\IMG-20250215-WA0078.jpg,GOOD,fb9c1c1c1d1b1f0f
datasets\BAD\IMG-20250215-WA0000 (1) (1)-9h02Qh.jpg,BAD,ffffdf8f0f000000
datasets\BAD\IMG-20250215-WA0000 (1) (1)-b7kCjM.jpg,BAD,ffffdf8f0f000000
datasets\BAD\IMG-20250215-WA0000 (1) (1)-dm7Wbf.jpg,BAD,ffffdf8f0f000000
datasets\BAD\IMG-20250215-WA0000 (1) (1)-HzixcC.jpg,BAD,ffffdf8f0f000000
datasets\BAD\IMG-20250215-WA0000 (1) (1)-JkdvTx.jpg,BAD,ffffdf8f0f000000
datasets\BAD\IMG-20250215-WA0000 (1) (1)-jTAGgA.jpg,BAD,ffffdf8f0f000000
datasets\BAD\IMG-20250215-WA0000 (1) (1)-RYFeUj.jpg,BAD,ffffdf8f0f000000
datasets\BAD\IMG-20250215-WA0000 (1) (1)-smHt0Q.jpg,BAD,ffffdf8f0f000000
datasets\BAD\IMG-20250215-WA0000 (1) (1)-t7Cbwm.jpg,BAD,ffffdf8f0f000000
datasets\BAD\IMG-20250215-WA0000 (1) (1).jpg,BAD,ffffdf8f0f000000
datasets\BAD\IMG-20250215-WA0000 (1) (2).jpg,BAD,ffffdf8f0f000000
datasets\BAD\IMG-20250215-WA0000 (1)-3MgLbi.jpg,BAD,ffffdf8f0f000000
datasets\BAD\IMG-20250215-WA0000 (1)-6bdKlB.jpg,BAD,ffffdf8f0f000000
datasets\BAD\IMG-20250215-WA0000 (1)-GlR92U.jpg,BAD,ffffdf8f0f000000
datasets\BAD\IMG-20250215-WA0000 (1)-GSONie.jpg,BAD,ffffdf8f0f000000
datasets\BAD\IMG-20250215-WA0000 (1)-nRN15S.jpg,BAD,ffffdf8f0f000000
datasets\BAD\IMG-20250215-WA0000 (1)-OYn7gE.jpg,BAD,ffffdf8f0f000000
datasets\BAD\IMG-20250215-WA0000 (1)-TsF99P.jpg,BAD,ffffdf8f0f000000
datasets\BAD\IMG-20250215-WA0000 (1)-uqeDKy.jpg,BAD,ffffdf8f0f000000
datasets\BAD\IMG-20250215-WA0000 (1).jpg,BAD,ffffdf8f0f000000
datasets\BAD\IMG-20250215-WA0000 (2) (1)-pPWLTS.jpg,BAD,ffffdf8f0f000000
datasets\BAD\IMG-20250215-WA0000 (2) (1).jpg,BAD,ffffdf8f0f000000
datasets\BAD\IMG-20250215-WA0000 (2)-fjy4BU.jpg,BAD,ffffdf8f0f000000
datasets\BAD\IMG-20250215-WA0000 (2)-GiOQVo.jpg,BAD,ffffdf8f0f000000
datasets\BAD\IMG-20250215-WA0000 (2)-nobLkr.jpg,BAD,ffffdf8f0f000000
datasets\BAD\IMG-20250215-WA0000 (2)-tm5VzA.jpg,BAD,ffffdf8f0f000000
datasets\BAD\IMG-20250215-WA0000 (2)-TMgi7C.jpg,BAD,ffffdf8f0f000000
datasets\BAD\IMG-20250215-WA0000 (2)-WRU0Zk.jpg,BAD,ffffdf8f0f000000
datasets\BAD\IMG-20250215-WA0000 (2)-YjWwWy.jpg,BAD,ffffdf8f0f000000
datasets\BAD\IMG-20250215-WA0000 (2).jpg,BAD,ffffdf8f0f000000
datasets\BAD\IMG-20250215-WA0000 (3)-CegzU6.jpg,BAD,ffffdf8f0f000000
datasets\BAD\IMG-20250215-WA0000 (3).jpg,BAD,ffffdf8f0f000000
datasets\BAD\IMG-20250215-WA0000-EcVHnD.jpg,BAD,ffffdf8f0f000000
datasets\BAD\IMG-20250215-WA0000-ELnNs3.jpg,BAD,ffffdf8f0f000000
datasets\BAD\IMG-20250215-WA0000-epfQq5.jpg,BAD,ffffdf8f0f000000
datasets\BAD\IMG-20250215-WA0000-HRTh6t.jpg,BAD,ffffdf8f0f000000
datasets\BAD\IMG-20250215-WA0000-iiGPMO.jpg,BAD,ffffdf8f0f000000
datasets\BAD\IMG-20250215-WA0000-jlabR3.jpg,BAD,ffffdf8f0f000000
datasets\BAD\IMG-20250215-WA0000-pa45BX.jpg,BAD,ffffdf8f0f000000
datasets\BAD\IMG-20250215-WA0000-Pvjc10.jpg,BAD,ffffdf8f0f000000
datasets\BAD\IMG-20250215-WA0000-WKuX5c.jpg,BAD,ffffdf8f0f000000
datasets\BAD\IMG-20250215-WA0000.jpg,BAD,ffffdf8f0f000000
datasets\BAD\IMG-20250215-WA0001 (1) (1) (1)-1RPAkJ.jpg,BAD,00999f1f1f1f0701
datasets\BAD\IMG-20250215-WA0001 (1) (1) (1)-XbmfY0.jpg,BAD,00999f1f1f1f0701
datasets\BAD\IMG-20250215-WA0001 (1) (1) (1).jpg,BAD,00999f1f1f1f0701
datasets\BAD\IMG-20250215-WA0001 (1) (1)-244nP6.jpg,BAD,00999f1f1f1f0701
datasets\BAD\IMG-20250215-WA0001 (1) (1)-ajo7vO.jpg,BAD,00999f1f1f1f0701
datasets\BAD\IMG-20250215-WA0001 (1) (1)-AK7EOB.jpg,BAD,00999f1f1f1f0701
datasets\BAD\IMG-20250215-WA0001 (1) (1)-BT72GF.jpg,BAD,00999f1f1f1f0701
datasets\BAD\IMG-20250215-WA0001 (1) (1)-GM5nja.jpg,BAD,00999f1f1f1f0701
datasets\BAD\IMG-20250215-WA0001 (1) (1)-kwMF3P.jpg,BAD,00999f1f1f1f0701
datasets\BAD\IMG-20250215-WA0001 (1) (1)-qzeBUP.jpg,BAD,00999f1f1f1f0701
datasets\BAD\IMG-20250215-WA0001 (1) (1)-RHzXa2.jpg,BAD,00999f1f1f1f0701
datasets\BAD\IMG-20250215-WA0001 (1) (1)-smNZmW.jpg,BAD,00999f1f1f1f0701
datasets\BAD\IMG-20250215-WA0001 (1) (1).jpg,BAD,00999f1f1f1f0701
datasets\BAD\IMG-20250215-WA0001 (1)-4JWvMT.jpg,BAD,00999f1f1f1f0701
datasets\BAD\IMG-20250215-WA0001 (1)-9VfHby.jpg,BAD,00999f1f1f1f0701
datasets\BAD\IMG-20250215-WA0001 (1)-aQplQQ.jpg,BAD,00999f1f1f1f0701
datasets\BAD\IMG-20250215-WA0001 (1)-BaQokc.jpg,BAD,00999f1f1f1f0701
datasets\BAD\IMG-20250215-WA0001 (1)-BIdRnn.jpg,BAD,00999f1f1f1f0701
datasets\BAD\IMG-20250215-WA0001 (1)-oVWrIe.jpg,BAD,00999f1f1f1f0701
datasets\BAD\IMG-20250215-WA0001 (1)-PRkLNG.jpg,BAD,00999f1f1f1f0701
datasets\BAD\IMG-20250215-WA0001 (1)-Sj7qz7.jpg,BAD,00999f1f1f1f0701
datasets\BAD\IMG-20250215-WA0001 (1)-tXTxJB.jpg,BAD,00999f1f1f1f0701
datasets\BAD\IMG-20250215-WA0001 (1)-wufh4m.jpg,BAD,00999f1f1f1f0701
datasets\BAD\IMG-20250215-WA0001 (1).jpg,BAD,00999f1f1f1f0701
datasets\BAD\IMG-20250215-WA0001 (2)-1IuFIN.jpg,BAD,00999f1f1f1f0701
datasets\BAD\IMG-20250215-WA0001 (2)-3wlkmc.jpg,BAD,00999f1f1f1f0701
datasets\BAD\IMG-20250215-WA0001 (2)-6dXe70.jpg,BAD,00999f1f1f1f0701
datasets\BAD\IMG-20250215-WA0001 (2)-79Wy8c.jpg,BAD,00999f1f1f1f0701
datasets\BAD\IMG-20250215-WA0001 (2)-Bibhp8.jpg,BAD,00999f1f1f1f0701
datasets\BAD\IMG-20250215-WA0001 (2)-s15KfI.jpg,BAD,00999f1f1f1f0701
datasets\BAD\IMG-20250215-WA0001 (2)-tShIxT.jpg,BAD,00999f1f1f1f0701
datasets\BAD\IMG-20250215-WA0001 (2)-tXEr6d.jpg,BAD,00999f1f1f1f0701
datasets\BAD\IMG-20250215-WA0001 (2)-tYkEe0.jpg,BAD,00999f1f1f1f0701
datasets\BAD\IMG-20250215-WA0001 (2)-xRq4TB.jpg,BAD,00999f1f1f1f0701
datasets\BAD\IMG-20250215-WA0001 (2).jpg,BAD,00999f1f1f1f0701
datasets\BAD\IMG-20250215-WA0001-6tXVqa.jpg,BAD,00999f1f1f1f0701
datasets\BAD\IMG-20250215-WA0001-8yP5gi.jpg,BAD,00999f1f1f1f0701
datasets\BAD\IMG-20250215-WA0001-AGNwcY.jpg,BAD,00999f1f1f1f0701
datasets\BAD\IMG-20250215-WA0001-MOzxZa.jpg,BAD,00999f1f1f1f0701
datasets\BAD\IMG-20250215-WA0001-okIWK1.jpg,BAD,00999f1f1f1f0701
datasets\BAD\IMG-20250215-WA0001-OWIc2B.jpg,BAD,00999f1f1f1f0701
datasets\BAD\IMG-20250215-WA0001-pnd5t4.jpg,BAD,00999f1f1f1f0701
datasets\BAD\IMG-20250215-WA0001-qhSzqs.jpg,BAD,00999f1f1f1f0701
datasets\BAD\IMG-20250215-WA0001-qyZ1yl.jpg,BAD,00999f1f1f1f0701
datasets\BAD\IMG-20250215-WA0001-U1VMZg.jpg,BAD,00999f1f1f1f0701
datasets\BAD\IMG-20250215-WA0001.jpg,BAD,00999f1f1f1f0701
datasets\BAD\IMG-20250215-WA0002 (1)-5H80iS.jpg,BAD,ffffe0fdfef080e0
datasets\BAD\IMG-20250215-WA0002 (1)-84VuOc.jpg,BAD,ffffe0fdfef080e0
datasets\BAD\IMG-20250215-WA0002 (1)-8ErkPx.jpg,BAD,ffffe0fdfef080e0
datasets\BAD\IMG-20250215-WA0002 (1)-8YM7JU.jpg,BAD,ffffe0fdfef080e0
datasets\BAD\IMG-20250215-WA0002 (1)-JISNlZ.jpg,BAD,ffffe0fdfef080e0
datasets\BAD\IMG-20250215-WA0002 (1)-LrAxGF.jpg,BAD,ffffe0fdfef080e0
datasets\BAD\IMG-20250215-WA0002 (1)-oEUZGB.jpg,BAD,ffffe0fdfef080e0
datasets\BAD\IMG-20250215-WA0002 (1)-OTUlyY.jpg,BAD,ffffe0fdfef080e0
datasets\BAD\IMG-20250215-WA0002 (1)-SArsL2.jpg,BAD,ffffe0fdfef080e0
datasets\BAD\IMG-20250215-WA0002 (1)-XhQBEM.jpg,BAD,ffffe0fdfef080e0
datasets\BAD\IMG-20250215-WA0002 (1).jpg,BAD,ffffe0fdfef080e0
datasets\BAD\IMG-20250215-WA0002-5lWZEX.jpg,BAD,ffffe0fdfef080e0
datasets\BAD\IMG-20250215-WA0002-aKS1KU.jpg,BAD,ffffe0fdfef080e0
datasets\BAD\IMG-20250215-WA0002-CQ8p1F.jpg,BAD,ffffe0fdfef080e0
datasets\BAD\IMG-20250215-WA0002-Ml5t4W.jpg,BAD,ffffe0fdfef080e0
datasets\BAD\IMG-20250215-WA0002-QeNZBe.jpg,BAD,ffffe0fdfef080e0
datasets\BAD\IMG-20250215-WA0002-uHQnzW.jpg,BAD,ffffe0fdfef080e0
datasets\BAD\IMG-20250215-WA0002-uz4wj5.jpg,BAD,ffffe0fdfef080e0
datasets\BAD\IMG-20250215-WA0002-Wflqzw.jpg,BAD,ffffe0fdfef080e0
datasets\BAD\IMG-20250215-WA0002-WNYnz4.jpg,BAD,ffffe0fdfef080e0
datasets\BAD\IMG-20250215-WA0002-z10t3p.jpg,BAD,ffffe0fdfef080e0
datasets\BAD\IMG-20250215-WA0002.jpg,BAD,ffffe0fdfef080e0
datasets\BAD\IMG-20250215-WA0003 (1)-3mzzfY.jpg,BAD,c0f0f0f8f8b8b887
datasets\BAD\IMG-20250215-WA0003 (1)-9p5S5W.jpg,BAD,c0f0f0f8f8b8b887
datasets\BAD\IMG-20250215-WA0003 (1)-amwn5N.jpg,BAD,c0f0f0f8f8b8b887
datasets\BAD\IMG-20250215-WA0003 (1)-D4hZ8N.jpg,BAD,c0f0f0f8f8b8b887
datasets\BAD\IMG-20250215-WA0003 (1)-gKq2hS.jpg,BAD,c0f0f0f8f8b8b887
datasets\BAD\IMG-20250215-WA0003 (1)-ojoKp4.jpg,BAD,c0f0f0f8f8b8b887
datasets\BAD\IMG-20250215-WA0003 (1)-qw489i.jpg,BAD,c0f0f0f8f8b8b887
datasets\BAD\IMG-20250215-WA0003 (1)-uo6tKQ.jpg,BAD,c0f0f0f8f8b8b887
datasets\BAD\IMG-20250215-WA0003 (1)-vXjeGi.jpg,BAD,c0f0f0f8f8b8b887
datasets\BAD\IMG-20250215-WA0003 (1)-yfAuja.jpg,BAD,c0f0f0f8f8b8b887
datasets\BAD\IMG-20250215-WA0003 (1).jpg,BAD,c0f0f0f8f8b8b887
datasets\BAD\IMG-20250215-WA0003-3vYcMH.jpg,BAD,c0f0f0f8f8b8b887
datasets\BAD\IMG-20250215-WA0003-5psoof.jpg,BAD,c0f0f0f8f8b8b887
datasets\BAD\IMG-20250215-WA0003-60Swv0.jpg,BAD,c0f0f0f8f8b8b887
datasets\BAD\IMG-20250215-WA0003-eDZnFk.jpg,BAD,c0f0f0f8f8b8b887
datasets\BAD\IMG-20250215-WA0003-JCtqZM.jpg,BAD,c0f0f0f8f8b8b887
datasets\BAD\IMG-20250215-WA0003-Lqnk5N.jpg,BAD,c0f0f0f8f8b8b887
datasets\BAD\IMG-20250215-WA0003-mUaTqT.jpg,BAD,c0f0f0f8f8b8b887
datasets\BAD\IMG-20250215-WA0003-sN72lR.jpg,BAD,c0f0f0f8f8b8b887
datasets\BAD\IMG-20250215-WA0003-UAN6i2.jpg,BAD,c0f0f0f8f8b8b887
datasets\BAD\IMG-20250215-WA0003-XpQ4tQ.jpg,BAD,c0f0f0f8f8b8b887
datasets\BAD\IMG-20250215-WA0003.jpg,BAD,c0f0f0f8f8b8b887
datasets\BAD\IMG-20250215-WA0004 (1)-0EurcW.jpg,BAD,fff7383c3c1d0000
datasets\BAD\IMG-20250215-WA0004 (1)-4E81lo.jpg,BAD,fff7383c3c1d0000
datasets\BAD\IMG-20250215-WA0004 (1)-79Sp5Z.jpg,BAD,fff7383c3c1d0000
datasets\BAD\IMG-20250215-WA0004 (1)-aaZ9uN.jpg,BAD,fff7383c3c1d0000
datasets\BAD\IMG-20250215-WA0004 (1)-Efo89X.jpg,BAD,fff7383c3c1d0000
datasets\BAD\IMG-20250215-WA0004 (1)-Je0LcH.jpg,BAD,fff7383c3c1d0000
datasets\BAD\IMG-20250215-WA0004 (1)-QR4FGf.jpg,BAD,fff7383c3c1d0000
datasets\BAD\IMG-20250215-WA0004 (1)-VqTDFc.jpg,BAD,fff7383c3c1d0000
datasets\BAD\IMG-20250215-WA0004 (1)-Wy7jUS.jpg,BAD,fff7383c3c1d0000
datasets\BAD\IMG-20250215-WA0004 (1)-Y0SfHx.jpg,BAD,fff7383c3c1d0000
datasets\BAD\IMG-20250215-WA0004 (1).jpg,BAD,fff7383c3c1d0000
datasets\BAD\IMG-20250215-WA0004-D5l3aj.jpg,BAD,fff7383c3c1d0000
datasets\BAD\IMG-20250215-WA0004-g9h2K1.jpg,BAD,fff7383c3c1d0000
datasets\BAD\IMG-20250215-WA0004-Hu7F5k.jpg,BAD,fff7383c3c1d0000
datasets\BAD\IMG-20250215-WA0004-m2tXXe.jpg,BAD,fff7383c3c1d0000
datasets\BAD\IMG-20250215-WA0004-PB6XeQ.jpg,BAD,fff7383c3c1d0000
datasets\BAD\IMG-20250215-WA0004-qpPqlu.jpg,BAD,fff7383c3c1d0000
datasets\BAD\IMG-20250215-WA0004-tJHc9g.jpg,BAD,fff7383c3c1d0000
datasets\BAD\IMG-20250215-WA0004-ve3nvy.jpg,BAD,fff7383c3c1d0000
datasets\BAD\IMG-20250215-WA0004-WPnBAz.jpg,BAD,fff7383c3c1d0000
datasets\BAD\IMG-20250215-WA0004-xyapwy.jpg,BAD,fff7383c3c1d0000
datasets\BAD\IMG-20250215-WA0004.jpg,BAD,fff7383c3c1d0000
datasets\BAD\IMG-20250215-WA0005 (1)-0d3XzM.jpg,BAD,e39b1f1f1f1b1b01
datasets\BAD\IMG-20250215-WA0005 (1)-av4SCC.jpg,BAD,e39b1f1f1f1b1b01
datasets\BAD\IMG-20250215-WA0005 (1)-CggnzE.jpg,BAD,e39b1f1f1f1b1b01
datasets\BAD\IMG-20250215-WA0005 (1)-etWlFd.jpg,BAD,e39b1f1f1f1b1b01
datasets\BAD\IMG-20250215-WA0005 (1)-hTyZzN.jpg,BAD,e39b1f1f1f1b1b01
datasets\BAD\IMG-20250215-WA0005 (1)-O2PmpH.jpg,BAD,e39b1f1f1f1b1b01
datasets\BAD\IMG-20250215-WA0005 (1)-OpYjHl.jpg,BAD,e39b1f1f1f1b1b01
datasets\BAD\IMG-20250215-WA0005 (1)-rvNNVI.jpg,BAD,e39b1f1f1f1b1b01
datasets\BAD\IMG-20250215-WA0005 (1)-SoRaTG.jpg,BAD,e39b1f1f1f1b1b01
datasets\BAD\IMG-20250215-WA0005 (1)-t8mKvB.jpg,BAD,e39b1f1f1f1b1b01
datasets\BAD\IMG-20250215-WA0005 (1).jpg,BAD,e39b1f1f1f1b1b01
datasets\BAD\IMG-20250215-WA0005-3bHTKP.jpg,BAD,e39b1f1f1f1b1b01
datasets\BAD\IMG-20250215-WA0005-bJCjx3.jpg,BAD,e39b1f1f1f1b1b01
datasets\BAD\IMG-20250215-WA0005-BymQMR.jpg,BAD,e39b1f1f1f1b1b01
datasets\BAD\IMG-20250215-WA0005-LVTqTG.jpg,BAD,e39b1f1f1f1b1b01
datasets\BAD\IMG-20250215-WA0005-P87Rqw.jpg,BAD,e39b1f1f1f1b1b01
datasets\BAD\IMG-20250215-WA0005-QCaNT6.jpg,BAD,e39b1f1f1f1b1b01
datasets\BAD\IMG-20250215-WA0005-t2xJH3.jpg,BAD,e39b1f1f1f1b1b01
datasets\BAD\IMG-20250215-WA0005-Vag0G2.jpg,BAD,e39b1f1f1f1b1b01
datasets\BAD\IMG-20250215-WA0005-Yo4Wwp.jpg,BAD,e39b1f1f1f1b1b01
datasets\BAD\IMG-20250215-WA0005-YoYMuR.jpg,BAD,e39b1f1f1f1b1b01
datasets\BAD\IMG-20250215-WA0005.jpg,BAD,e39b1f1f1f1b1b01
datasets\BAD\IMG-20250215-WA0006 (1)-1iLupr.jpg,BAD,0058f8f8f8f8e9e1
datasets\BAD\IMG-20250215-WA0006 (1)-3MICP2.jpg,BAD,0058f8f8f8f8e9e1
datasets\BAD\IMG-20250215-WA0006 (1)-dyKA3g.jpg,BAD,0058f8f8f8f8e9e1
datasets\BAD\IMG-20250215-WA0006 (1)-ElXnGq.jpg,BAD,0058f8f8f8f8e9e1
datasets\BAD\IMG-20250215-WA0006 (1)-i391eq.jpg,BAD,0058f8f8f8f8e9e1
datasets\BAD\IMG-20250215-WA0006 (1)-jS3SBq.jpg,BAD,0058f8f8f8f8e9e1
datasets\BAD\IMG-20250215-WA0006 (1)-KYzlSW.jpg,BAD,0058f8f8f8f8e9e1
datasets\BAD\IMG-20250215-WA0006 (1)-SwDlyI.jpg,BAD,0058f8f8f8f8e9e1
datasets\BAD\IMG-20250215-WA0006 (1)-vRoCIY.jpg,BAD,0058f8f8f8f8e9e1
datasets\BAD\IMG-20250215-WA0006 (1)-vwnmSZ.jpg,BAD,0058f8f8f8f8e9e1
datasets\BAD\IMG-20250215-WA0006 (1).jpg,BAD,0058f8f8f8f8e9e1
datasets\BAD\IMG-20250215-WA0006-5YRUIE.jpg,BAD,0058f8f8f8f8e9e1
datasets\BAD\IMG-20250215-WA0006-6TKWpI.jpg,BAD,0058f8f8f8f8e9e1
datasets\BAD\IMG-20250215-WA0006-b9Oa8H.jpg,BAD,0058f8f8f8f8e9e1
datasets\BAD\IMG-20250215-WA0006-bT9UUO.jpg,BAD,0058f8f8f8f8e9e1
datasets\BAD\IMG-20250215-WA0006-HvBBGY.jpg,BAD,0058f8f8f8f8e9e1
datasets\BAD\IMG-20250215-WA0006-i4tfEe.jpg,BAD,0058f8f8f8f8e9e1
datasets\BAD\IMG-20250215-WA0006-Inc8dp.jpg,BAD,0058f8f8f8f8e9e1
datasets\BAD\IMG-20250215-WA0006-xOOHx6.jpg,BAD,0058f8f8f8f8e9e1
datasets\BAD\IMG-20250215-WA0006-YKuBCU.jpg,BAD,0058f8f8f8f8e9e1
datasets\BAD\IMG-20250215-WA0006-YPzwDf.jpg,BAD,0058f8f8f8f8e9e1
datasets\BAD\IMG-20250215-WA0006.jpg,BAD,0058f8f8f8f8e9e1
datasets\BAD\IMG-20250215-WA0007 (1)-5KhtkP.jpg,BAD,fffb0c0c00030706
datasets\BAD\IMG-20250215-WA0007 (1)-BDzFo8.jpg,BAD,fffb0c0c00030706
datasets\BAD\IMG-20250215-WA0007 (1)-ka8XTw.jpg,BAD,fffb0c0c00030706
datasets\BAD\IMG-20250215-WA0007 (1)-QcgoAW.jpg,BAD,fffb0c0c00030706
datasets\BAD\IMG-20250215-WA0007 (1)-shc5L9.jpg,BAD,fffb0c0c00030706
datasets\BAD\IMG-20250215-WA0007 (1)-UNOPgG.jpg,BAD,fffb0c0c00030706
datasets\BAD\IMG-20250215-WA0007 (1)-V8cOnu.jpg,BAD,fffb0c0c00030706
datasets\BAD\IMG-20250215-WA0007 (1)-VXjmZu.jpg,BAD,fffb0c0c00030706
datasets\BAD\IMG-20250215-WA0007 (1)-w6hGli.jpg,BAD,fffb0c0c00030706
datasets\BAD\IMG-20250215-WA0007 (1)-WKA8Wt.jpg,BAD,fffb0c0c00030706
datasets\BAD\IMG-20250215-WA0007 (1).jpg,BAD,fffb0c0c00030706
datasets\BAD\IMG-20250215-WA0007-CaaBZA.jpg,BAD,fffb0c0c00030706
datasets\BAD\IMG-20250215-WA0007-DQw7kL.jpg,BAD,fffb0c0c00030706
datasets\BAD\IMG-20250215-WA0007-hh5zwQ.jpg,BAD,fffb0c0c00030706
datasets\BAD\IMG-20250215-WA0007-qv1OV9.jpg,BAD,fffb0c0c00030706
datasets\BAD\IMG-20250215-WA0007-Tqkvp2.jpg,BAD,fffb0c0c00030706
datasets\BAD\IMG-20250215-WA0007-UBLLhI.jpg,BAD,fffb0c0c00030706
datasets\BAD\IMG-20250215-WA0007-voNd4m.jpg,BAD,fffb0c0c00030706
datasets\BAD\IMG-20250215-WA0007-Xlb8Ic.jpg,BAD,fffb0c0c00030706
datasets\BAD\IMG-20250215-WA0007-xljVAo.jpg,BAD,fffb0c0c00030706
datasets\BAD\IMG-20250215-WA0007-yHmZwt.jpg,BAD,fffb0c0c00030706
datasets\BAD\IMG-20250215-WA0007.jpg,BAD,fffb0c0c00030706
datasets\BAD\IMG-20250215-WA0008-5hJjgC.jpg,BAD,ff9c1e1c0301010f
datasets\BAD\IMG-20250215-WA0008-9TKXSa.jpg,BAD,ff9c1e1c0301010f
datasets\BAD\IMG-20250215-WA0008-by3OYz.jpg,BAD,ff9c1e1c0301010f
datasets\BAD\IMG-20250215-WA0008-Jfw9mZ.jpg,BAD,ff9c1e1c0301010f
datasets\BAD\IMG-20250215-WA0008-pIjNcn.jpg,BAD,ff9c1e1c0301010f
datasets\BAD\IMG-20250215-WA0008-QIECKP.jpg,BAD,ff9c1e1c0301010f
datasets\BAD\IMG-20250215-WA0008-R5vGNA.jpg,BAD,ff9c1e1c0301010f
datasets\BAD\IMG-20250215-WA0008-RfV2jd.jpg,BAD,ff9c1e1c0301010f
datasets\BAD\IMG-20250215-WA0008-rGiSJm.jpg,BAD,ff9c1e1c0301010f
datasets\BAD\IMG-20250215-WA0008-W4k1f3.jpg,BAD,ff9c1e1c0301010f
datasets\BAD\IMG-20250215-WA0008.jpg,BAD,ff9c1e1c0301010f
datasets\BAD\IMG-20250215-WA0009-10p9lE.jpg,BAD,ffff0c0c00030f07
datasets\BAD\IMG-20250215-WA0009-5uwPMi.jpg,BAD,ffff0c0c00030f07
datasets\BAD\IMG-20250215-WA0009-984DPu.jpg,BAD,ffff0c0c00030f07
datasets\BAD\IMG-20250215-WA0009-hEIbtm.jpg,BAD,ffff0c0c00030f07
datasets\BAD\IMG-20250215-WA0009-pxQ4Af.jpg,BAD,ffff0c0c00030f07
datasets\BAD\IMG-20250215-WA0009-QdB5tn.jpg,BAD,ffff0c0c00030f07
datasets\BAD\IMG-20250215-WA0009-xfVJlL.jpg,BAD,ffff0c0c00030f07
datasets\BAD\IMG-20250215-WA0009-xiJ231.jpg,BAD,ffff0c0c00030f07
datasets\BAD\IMG-20250215-WA0009-YltHtD.jpg,BAD,ffff0c0c00030f07
datasets\BAD\IMG-20250215-WA0009-ZVnqn1.jpg,BAD,ffff0c0c00030f07
datasets\BAD\IMG-20250215-WA0009.jpg,BAD,ffff0c0c00030f07
datasets\BAD\IMG-20250215-WA0010-FRSNBC.jpg,BAD,c0f0f0f8f8b8b887
datasets\BAD\IMG-20250215-WA0010-G1sy7e.jpg,BAD,c0f0f0f8f8b8b887
datasets\BAD\IMG-20250215-WA0010-gfVWzW.jpg,BAD,c0f0f0f8f8b8b887
datasets\BAD\IMG-20250215-WA0010-hinqJY.jpg,BAD,c0f0f0f8f8b8b887
datasets\BAD\IMG-20250215-WA0010-iH16aX.jpg,BAD,c0f0f0f8f8b8b887
datasets\BAD\IMG-20250215-WA0010-Lgie5R.jpg,BAD,c0f0f0f8f8b8b887
datasets\BAD\IMG-20250215-WA0010-nHYU9Y.jpg,BAD,c0f0f0f8f8b8b887
datasets\BAD\IMG-20250215-WA0010-onPDY7.jpg,BAD,c0f0f0f8f8b8b887
datasets\BAD\IMG-20250215-WA0010-qmhvl2.jpg,BAD,c0f0f0f8f8b8b887
datasets\BAD\IMG-20250215-WA0010-UmRV7T.jpg,BAD,c0f0f0f8f8b8b887
datasets\BAD\IMG-20250215-WA0010.jpg,BAD,c0f0f0f8f8b8b887
datasets\BAD\IMG-20250215-WA0011-1F06Mb.jpg,BAD,ff3c3d1c03030000
datasets\BAD\IMG-20250215-WA0011-4Sb2lB.jpg,BAD,ff3c3d1c03030000
datasets\BAD\IMG-20250215-WA0011-4ToYBY.jpg,BAD,ff3c3d1c03030000
datasets\BAD\IMG-20250215-WA0011-6xqGVv.jpg,BAD,ff3c3d1c03030000
datasets\BAD\IMG-20250215-WA0011-d1Zj6U.jpg,BAD,ff3c3d1c03030000
datasets\BAD\IMG-20250215-WA0011-jDt6bN.jpg,BAD,ff3c3d1c03030000
datasets\BAD\IMG-20250215-WA0011-LACezh.jpg,BAD,ff3c3d1c03030000
datasets\BAD\IMG-20250215-WA0011-UzsKsH.jpg,BAD,ff3c3d1c03030000
datasets\BAD\IMG-20250215-WA0011-WTwDQt.jpg,BAD,ff3c3d1c03030000
datasets\BAD\IMG-20250215-WA0011-XTatCI.jpg,BAD,ff3c3d1c03030000
datasets\BAD\IMG-20250215-WA0011.jpg,BAD,ff3c3d1c03030000
datasets\BAD\IMG-20250215-WA0012-0NtRyJ.jpg,BAD,ff3c3d1c03030100
datasets\BAD\IMG-20250215-WA0012-1AOvrX.jpg,BAD,ff3c3d1c03030100
datasets\BAD\IMG-20250215-WA0012-4MkvGz.jpg,BAD,ff3c3d1c03030100
datasets\BAD\IMG-20250215-WA0012-87Z6UC.jpg,BAD,ff3c3d1c03030100
datasets\BAD\IMG-20250215-WA0012-CEafmf.jpg,BAD,ff3c3d1c03030100
datasets\BAD\IMG-20250215-WA0012-HBtUAj.jpg,BAD,ff3c3d1c03030100
datasets\BAD\IMG-20250215-WA0012-qamFAJ.jpg,BAD,ff3c3d1c03030100
datasets\BAD\IMG-20250215-WA0012-vOLNut.jpg,BAD,ff3c3d1c03030100
datasets\BAD\IMG-20250215-WA0012-xq5dPY.jpg,BAD,ff3c3d1c03030100
datasets\BAD\IMG-20250215-WA0012-Z5N6LJ.jpg,BAD,ff3c3d1c03030100
datasets\BAD\IMG-20250215-WA0012.jpg,BAD,ff3c3d1c03030100
datasets\BAD\IMG-20250215-WA0013-5kbcRf.jpg,BAD,ffff9f0f0d010101
datasets\BAD\IMG-20250215-WA0013-8Spm3i.jpg,BAD,ffff9f0f0d010101
datasets\BAD\IMG-20250215-WA0013-az8Nyo.jpg,BAD,ffff9f0f0d010101
datasets\BAD\IMG-20250215-WA0013-gOAsVC.jpg,BAD,ffff9f0f0d010101
datasets\BAD\IMG-20250215-WA0013-iKbqJm.jpg,BAD,ffff9f0f0d010101
datasets\BAD\IMG-20250215-WA0013-pfJMCB.jpg,BAD,ffff9f0f0d010101
datasets\BAD\IMG-20250215-WA0013-Q5JcOu.jpg,BAD,ffff9f0f0d010101
datasets\BAD\IMG-20250215-WA0013-s4EPYc.jpg,BAD,ffff9f0f0d010101
datasets\BAD\IMG-20250215-WA0013-vyKfwX.jpg,BAD,ffff9f0f0d010101
datasets\BAD\IMG-20250215-WA0013-YZbARV.jpg,BAD,ffff9f0f0d010101
datasets\BAD\IMG-20250215-WA0013.jpg,BAD,ffff9f0f0d010101
datasets\BAD\IMG-20250215-WA0014-4eoVHJ.jpg,BAD,ffff9f0f0d010101
datasets\BAD\IMG-20250215-WA0014-51zbgi.jpg,BAD,ffff9f0f0d010101
datasets\BAD\IMG-20250215-WA0014-5lxcBw.jpg,BAD,ffff9f0f0d010101
datasets\BAD\IMG-20250215-WA0014-CVJQYQ.jpg,BAD,ffff9f0f0d010101
datasets\BAD\IMG-20250215-WA0014-fszZ3z.jpg,BAD,ffff9f0f0d010101
datasets\BAD\IMG-20250215-WA0014-IFoVFC.jpg,BAD,ffff9f0f0d010101
datasets\BAD\IMG-20250215-WA0014-J6u6HU.jpg,BAD,ffff9f0f0d010101
datasets\BAD\IMG-20250215-WA0014-OdcGme.jpg,BAD,ffff9f0f0d010101
datasets\BAD\IMG-20250215-WA0014-oHzXGb.jpg,BAD,ffff9f0f0d010101
datasets\BAD\IMG-20250215-WA0014-V8qV3o.jpg,BAD,ffff9f0f0d010101
datasets\BAD\IMG-20250215-WA0014.jpg,BAD,ffff9f0f0d010101
datasets\BAD\IMG-20250215-WA0015-BfnZ7E.jpg,BAD,ffff1f0f09010101
datasets\BAD\IMG-20250215-WA0015-bnKf3n.jpg,BAD,ffff1f0f09010101
datasets\BAD\IMG-20250215-WA0015-ltmwZP.jpg,BAD,ffff1f0f09010101
datasets\BAD\IMG-20250215-WA0015-PFKFQZ.jpg,BAD,ffff1f0f09010101
datasets\BAD\IMG-20250215-WA0015-Rtyoe2.jpg,BAD,ffff1f0f09010101
datasets\BAD\IMG-20250215-WA0015-suU7md.jpg,BAD,ffff1f0f09010101
datasets\BAD\IMG-20250215-WA0015-UTSlu8.jpg,BAD,ffff1f0f09010101
datasets\BAD\IMG-20250215-WA0015-wIO0Wr.jpg,BAD,ffff1f0f09010101
datasets\BAD\IMG-20250215-WA0015-yseUOY.jpg,BAD,ffff1f0f09010101
datasets\BAD\IMG-20250215-WA0015-zkehvo.jpg,BAD,ffff1f0f09010101
datasets\BAD\IMG-20250215-WA0015.jpg,BAD,ffff1f0f09010101
datasets\BAD\IMG-20250215-WA0016-4BZkkb.jpg,BAD,ffff9f0f0d000101
datasets\BAD\IMG-20250215-WA0016-7RoB03.jpg,BAD,ffff9f0f0d000101
datasets\BAD\IMG-20250215-WA0016-c8Rrxf.jpg,BAD,ffff9f0f0d000101
datasets\BAD\IMG-20250215-WA0016-elA5Ck.jpg,BAD,ffff9f0f0d000101
datasets\BAD\IMG-20250215-WA0016-jkrJPi.jpg,BAD,ffff9f0f0d000101
datasets\BAD\IMG-20250215-WA0016-LROjLz.jpg,BAD,ffff9f0f0d000101
datasets\BAD\IMG-20250215-WA0016-NJUZEF.jpg,BAD,ffff9f0f0d000101
datasets\BAD\IMG-20250215-WA0016-OSdtwP.jpg,BAD,ffff9f0f0d000101
datasets\BAD\IMG-20250215-WA0016-pplMhr.jpg,BAD,ffff9f0f0d000101
datasets\BAD\IMG-20250215-WA0016-qbbrHy.jpg,BAD,ffff9f0f0d000101
datasets\BAD\IMG-20250215-WA0016.jpg,BAD,ffff9f0f0d000101
datasets\BAD\IMG-20250215-WA0017-DBW5XO.jpg,BAD,ffbf1f0f0f0f0f00
datasets\BAD\IMG-20250215-WA0017-dLw0Xm.jpg,BAD,ffbf1f0f0f0f0f00
datasets\BAD\IMG-20250215-WA0017-ILqlq7.jpg,BAD,ffbf1f0f0f0f0f00
datasets\BAD\IMG-20250215-WA0017-nsJAIZ.jpg,BAD,ffbf1f0f0f0f0f00
datasets\BAD\IMG-20250215-WA0017-rkLdrN.jpg,BAD,ffbf1f0f0f0f0f00
datasets\BAD\IMG-20250215-WA0017-sgnOYI.jpg,BAD,ffbf1f0f0f0f0f00
datasets\BAD\IMG-20250215-WA0017-xZjUZ0.jpg,BAD,ffbf1f0f0f0f0f00
datasets\BAD\IMG-20250215-WA0017-Y9Z2Ms.jpg,BAD,ffbf1f0f0f0f0f00
datasets\BAD\IMG-20250215-WA0017-Yx9R8g.jpg,BAD,ffbf1f0f0f0f0f00
datasets\BAD\IMG-20250215-WA0017-Zqe8oz.jpg,BAD,ffbf1f0f0f0f0f00
datasets\BAD\IMG-20250215-WA0017.jpg,BAD,ffbf1f0f0f0f0f00
datasets\BAD\IMG-20250215-WA0018-5lDb2Y.jpg,BAD,ffbf1f0f0f0f0f00
datasets\BAD\IMG-20250215-WA0018-cz2uKd.jpg,BAD,ffbf1f0f0f0f0f00
datasets\BAD\IMG-20250215-WA0018-hgOexw.jpg,BAD,ffbf1f0f0f0f0f00
datasets\BAD\IMG-20250215-WA0018-OKqBYa.jpg,BAD,ffbf1f0f0f0f0f00
datasets\BAD\IMG-20250215-WA0018-PRJjOp.jpg,BAD,ffbf1f0f0f0f0f00
datasets\BAD\IMG-20250215-WA0018-U9bmhX.jpg,BAD,ffbf1f0f0f0f0f00
datasets\BAD\IMG-20250215-WA0018-UF9xgK.jpg,BAD,ffbf1f0f0f0f0f00
datasets\BAD\IMG-20250215-WA0018-UTUgnI.jpg,BAD,ffbf1f0f0f0f0f00
datasets\BAD\IMG-20250215-WA0018-VUMAMq.jpg,BAD,ffbf1f0f0f0f0f00
datasets\BAD\IMG-20250215-WA0018-VzqmAj.jpg,BAD,ffbf1f0f0f0f0f00
datasets\BAD\IMG-20250215-WA0018.jpg,BAD,ffbf1f0f0f0f0f00
datasets\BAD\IMG-20250215-WA0019-6yuMww.jpg,BAD,ffbf1f0f0f0f0f00
datasets\BAD\IMG-20250215-WA0019-bst0kt.jpg,BAD,ffbf1f0f0f0f0f00
datasets\BAD\IMG-20250215-WA0019-Fft6X0.jpg,BAD,ffbf1f0f0f0f0f00
datasets\BAD\IMG-20250215-WA0019-iPgXwI.jpg,BAD,ffbf1f0f0f0f0f00
datasets\BAD\IMG-20250215-WA0019-Kv8t8L.jpg,BAD,ffbf1f0f0f0f0f00
datasets\BAD\IMG-20250215-WA0019-mlEKWp.jpg,BAD,ffbf1f0f0f0f0f00
datasets\BAD\IMG-20250215-WA0019-ObBAEg.jpg,BAD,ffbf1f0f0f0f0f00
datasets\BAD\IMG-20250215-WA0019-SODsCl.jpg,BAD,ffbf1f0f0f0f0f00
datasets\BAD\IMG-20250215-WA0019-y09BRv.jpg,BAD,ffbf1f0f0f0f0f00
datasets\BAD\IMG-20250215-WA0019-YFKJqF.jpg,BAD,ffbf1f0f0f0f0f00
datasets\BAD\IMG-20250215-WA0019.jpg,BAD,ffbf1f0f0f0f0f00
datasets\BAD\IMG-20250215-WA0020-b7oqaD.jpg,BAD,fffefcf0f8f0c0c0
datasets\BAD\IMG-20250215-WA0020-D2wxN1.jpg,BAD,fffefcf0f8f0c0c0
datasets\BAD\IMG-20250215-WA0020-IlkrVQ.jpg,BAD,fffefcf0f8f0c0c0
datasets\BAD\IMG-20250215-WA0020-iQfE2b.jpg,BAD,fffefcf0f8f0c0c0
datasets\BAD\IMG-20250215-WA0020-k0SIif.jpg,BAD,fffefcf0f8f0c0c0
datasets\BAD\IMG-20250215-WA0020-l9eFlP.jpg,BAD,fffefcf0f8f0c0c0
datasets\BAD\IMG-20250215-WA0020-lHEC6b.jpg,BAD,fffefcf0f8f0c0c0
datasets\BAD\IMG-20250215-WA0020-NFelPZ.jpg,BAD,fffefcf0f8f0c0c0
datasets\BAD\IMG-20250215-WA0020-t69wgV.jpg,BAD,fffefcf0f8f0c0c0
datasets\BAD\IMG-20250215-WA0020-Zsy6qO.jpg,BAD,fffefcf0f8f0c0c0
datasets\BAD\IMG-20250215-WA0020.jpg,BAD,fffefcf0f8f0c0c0
datasets\BAD\IMG-20250215-WA0021-CneNpn.jpg,BAD,ffff9f9d1d090303
datasets\BAD\IMG-20250215-WA0021-G8c67Y.jpg,BAD,ffff9f9d1d090303
datasets\BAD\IMG-20250215-WA0021-iBpXvn.jpg,BAD,ffff9f9d1d090303
datasets\BAD\IMG-20250215-WA0021-IpBREf.jpg,BAD,ffff9f9d1d090303
datasets\BAD\IMG-20250215-WA0021-QDStcr.jpg,BAD,ffff9f9d1d090303
datasets\BAD\IMG-20250215-WA0021-QITD5Z.jpg,BAD,ffff9f9d1d090303
datasets\BAD\IMG-20250215-WA0021-sBCx7u.jpg,BAD,ffff9f9d1d090303
datasets\BAD\IMG-20250215-WA0021-SbssZj.jpg,BAD,ffff9f9d1d090303
datasets\BAD\IMG-20250215-WA0021-vg6Anr.jpg,BAD,ffff9f9d1d090303
datasets\BAD\IMG-20250215-WA0021-zpiV8x.jpg,BAD,ffff9f9d1d090303
datasets\BAD\IMG-20250215-WA0021.jpg,BAD,ffff9f9d1d090303
datasets\BAD\IMG-20250215-WA0022-3oVtnm.jpg,BAD,ffff9f9d0d090303
datasets\BAD\IMG-20250215-WA0022-AtHsIB.jpg,BAD,ffff9f9d0d090303
datasets\BAD\IMG-20250215-WA0022-clQzx2.jpg,BAD,ffff9f9d0d090303
datasets\BAD\IMG-20250215-WA0022-EKtUX4.jpg,BAD,ffff9f9d0d090303
datasets\BAD\IMG-20250215-WA0022-EoTyxh.jpg,BAD,ffff9f9d0d090303
datasets\BAD\IMG-20250215-WA0022-kBfm1I.jpg,BAD,ffff9f9d0d090303
datasets\BAD\IMG-20250215-WA0022-myxSV8.jpg,BAD,ffff9f9d0d090303
datasets\BAD\IMG-20250215-WA0022-pSEqrP.jpg,BAD,ffff9f9d0d090303
datasets\BAD\IMG-20250215-WA0022-tPHsFe.jpg,BAD,ffff9f9d0d090303
datasets\BAD\IMG-20250215-WA0022-Wd56tC.jpg,BAD,ffff9f9d0d090303
datasets\BAD\IMG-20250215-WA0022.jpg,BAD,ffff9f9d0d090303
datasets\BAD\IMG-20250215-WA0023-6SZaOL.jpg,BAD,ffffe1ffff9080e0
datasets\BAD\IMG-20250215-WA0023-BwTHTP.jpg,BAD,ffffe1ffff9080e0
datasets\BAD\IMG-20250215-WA0023-HFFIcc.jpg,BAD,ffffe1ffff9080e0
datasets\BAD\IMG-20250215-WA0023-kHbfQj.jpg,BAD,ffffe1ffff9080e0
datasets\BAD\IMG-20250215-WA0023-MdTxfv.jpg,BAD,ffffe1ffff9080e0
datasets\BAD\IMG-20250215-WA0023-mQJ37N.jpg,BAD,ffffe1ffff9080e0
datasets\BAD\IMG-20250215-WA0023-NciI7n.jpg,BAD,ffffe1ffff9080e0
datasets\BAD\IMG-20250215-WA0023-nNzh2o.jpg,BAD,ffffe1ffff9080e0
datasets\BAD\IMG-20250215-WA0023-Sb2uic.jpg,BAD,ffffe1ffff9080e0
datasets\BAD\IMG-20250215-WA0023-W9aYaC.jpg,BAD,ffffe1ffff9080e0
datasets\BAD\IMG-20250215-WA0023.jpg,BAD,ffffe1ffff9080e0
datasets\BAD\IMG-20250215-WA0024-c20HHA.jpg,BAD,ff9f9f9f1d1f1905
datasets\BAD\IMG-20250215-WA0024-DovzIi.jpg,BAD,ff9f9f9f1d1f1905
datasets\BAD\IMG-20250215-WA0024-JK173E.jpg,BAD,ff9f9f9f1d1f1905
datasets\BAD\IMG-20250215-WA0024-KhJ1gt.jpg,BAD,ff9f9f9f1d1f1905
datasets\BAD\IMG-20250215-WA0024-lPKGtG.jpg,BAD,ff9f9f9f1d1f1905
datasets\BAD\IMG-20250215-WA0024-Myl5vN.jpg,BAD,ff9f9f9f1d1f1905
datasets\BAD\IMG-20250215-WA0024-oZZ2fD.jpg,BAD,ff9f9f9f1d1f1905
datasets\BAD\IMG-20250215-WA0024-PY0SLA.jpg,BAD,ff9f9f9f1d1f1905
datasets\BAD\IMG-20250215-WA0024-QfWrMT.jpg,BAD,ff9f9f9f1d1f1905
datasets\BAD\IMG-20250215-WA0024-RxiEwu.jpg,BAD,ff9f9f9f1d1f1905
datasets\BAD\IMG-20250215-WA0024.jpg,BAD,ff9f9f9f1d1f1905
datasets\BAD\IMG-20250215-WA0025-0A77XY.jpg,BAD,ff9f9f9b1b1b110d
datasets\BAD\IMG-20250215-WA0025-8W3nLt.jpg,BAD,ff9f9f9b1b1b110d
datasets\BAD\IMG-20250215-WA0025-B9H90Q.jpg,BAD,ff9f9f9b1b1b110d
datasets\BAD\IMG-20250215-WA0025-ES38Qt.jpg,BAD,ff9f9f9b1b1b110d
datasets\BAD\IMG-20250215-WA0025-jzwfHQ.jpg,BAD,ff9f9f9b1b1b110d
datasets\BAD\IMG-20250215-WA0025-pECH6r.jpg,BAD,ff9f9f9b1b1b110d
datasets\BAD\IMG-20250215-WA0025-PNujAD.jpg,BAD,ff9f9f9b1b1b110d
datasets\BAD\IMG-20250215-WA0025-TbueDj.jpg,BAD,ff9f9f9b1b1b110d
datasets\BAD\IMG-20250215-WA0025-uyCOdC.jpg,BAD,ff9f9f9b1b1b110d
datasets\BAD\IMG-20250215-WA0025-ZdIc38.jpg,BAD,ff9f9f9b1b1b110d
datasets\BAD\IMG-20250215-WA0025.jpg,BAD,ff9f9f9b1b1b110d
datasets\BAD\IMG-20250215-WA0026-4cRIFl.jpg,BAD,ffdf9f9f1d1f1905
datasets\BAD\IMG-20250215-WA0026-a7ulgi.jpg,BAD,ffdf9f9f1d1f1905
datasets\BAD\IMG-20250215-WA0026-bmpylb.jpg,BAD,ffdf9f9f1d1f1905
datasets\BAD\IMG-20250215-WA0026-f0cVb1.jpg,BAD,ffdf9f9f1d1f1905
datasets\BAD\IMG-20250215-WA0026-irmeT6.jpg,BAD,ffdf9f9f1d1f1905
datasets\BAD\IMG-20250215-WA0026-J3DDAG.jpg,BAD,ffdf9f9f1d1f1905
datasets\BAD\IMG-20250215-WA0026-k8VjGo.jpg,BAD,ffdf9f9f1d1f1905
datasets\BAD\IMG-20250215-WA0026-mkRjsd.jpg,BAD,ffdf9f9f1d1f1905
datasets\BAD\IMG-20250215-WA0026-nl4N27.jpg,BAD,ffdf9f9f1d1f1905
datasets\BAD\IMG-20250215-WA0026-RCJOfG.jpg,BAD,ffdf9f9f1d1f1905
datasets\BAD\IMG-20250215-WA0026.jpg,BAD,ffdf9f9f1d1f1905
datasets\BAD\IMG-20250215-WA0027-1TGwFe.jpg,BAD,ffd81c1c0f070707
datasets\BAD\IMG-20250215-WA0027-539tEQ.jpg,BAD,ffd81c1c0f070707
datasets\BAD\IMG-20250215-WA0027-a0vBHF.jpg,BAD,ffd81c1c0f070707
datasets\BAD\IMG-20250215-WA0027-aOY03g.jpg,BAD,ffd81c1c0f070707
datasets\BAD\IMG-20250215-WA0027-brF86T.jpg,BAD,ffd81c1c0f070707
datasets\BAD\IMG-20250215-WA0027-DOqy81.jpg,BAD,ffd81c1c0f070707
datasets\BAD\IMG-20250215-WA0027-MnELmo.jpg,BAD,ffd81c1c0f070707
datasets\BAD\IMG-20250215-WA0027-psDdzm.jpg,BAD,ffd81c1c0f070707
datasets\BAD\IMG-20250215-WA0027-qlbu5U.jpg,BAD,ffd81c1c0f070707
datasets\BAD\IMG-20250215-WA0027-y5gzpp.jpg,BAD,ffd81c1c0f070707
datasets\BAD\IMG-20250215-WA0027.jpg,BAD,ffd81c1c0f070707
datasets\BAD\IMG-20250215-WA0028-5ekPxM.jpg,BAD,0e1f1f1f1f0f0a00
datasets\BAD\IMG-20250215-WA0028-ctwD6q.jpg,BAD,0e1f1f1f1f0f0a00
datasets\BAD\IMG-20250215-WA0028-FG22hr.jpg,BAD,0e1f1f1f1f0f0a00
datasets\BAD\IMG-20250215-WA0028-h52Yk7.jpg,BAD,0e1f1f1f1f0f0a00
datasets\BAD\IMG-20250215-WA0028-hA6WVL.jpg,BAD,0e1f1f1f1f0f0a00
datasets\BAD\IMG-20250215-WA0028-kZTpeQ.jpg,BAD,0e1f1f1f1f0f0a00
datasets\BAD\IMG-20250215-WA0028-NFy33Y.jpg,BAD,0e1f1f1f1f0f0a00
datasets\BAD\IMG-20250215-WA0028-Udq6op.jpg,BAD,0e1f1f1f1f0f0a00
datasets\BAD\IMG-20250215-WA0028-w5yFG5.jpg,BAD,0e1f1f1f1f0f0a00
datasets\BAD\IMG-20250215-WA0028-XTFQ5f.jpg,BAD,0e1f1f1f1f0f0a00
datasets\BAD\IMG-20250215-WA0028.jpg,BAD,0e1f1f1f1f0f0a00
datasets\BAD\IMG-20250215-WA0029-0W5YUM.jpg,BAD,00df3f1f1f1f0300
datasets\BAD\IMG-20250215-WA0029-8Z2GJC.jpg,BAD,00df3f1f1f1f0300
datasets\BAD\IMG-20250215-WA0029-fQqez8.jpg,BAD,00df3f1f1f1f0300
datasets\BAD\IMG-20250215-WA0029-iGvWjC.jpg,BAD,00df3f1f1f1f0300
datasets\BAD\IMG-20250215-WA0029-Juhyzk.jpg,BAD,00df3f1f1f1f0300
datasets\BAD\IMG-20250215-WA0029-KAD3hW.jpg,BAD,00df3f1f1f1f0300
datasets\BAD\IMG-20250215-WA0029-lNWAKk.jpg,BAD,00df3f1f1f1f0300
datasets\BAD\IMG-20250215-WA0029-NdIR8R.jpg,BAD,00df3f1f1f1f0300
datasets\BAD\IMG-20250215-WA0029-pua8bA.jpg,BAD,00df3f1f1f1f0300
datasets\BAD\IMG-20250215-WA0029-Y49F3K.jpg,BAD,00df3f1f1f1f0300
datasets\BAD\IMG-20250215-WA0029.jpg,BAD,00df3f1f1f1f0300
datasets\BAD\IMG-20250215-WA0031-7heivX.jpg,BAD,00911f1f1f1f0701
datasets\BAD\IMG-20250215-WA0031-As5cI1.jpg,BAD,00911f1f1f1f0701
datasets\BAD\IMG-20250215-WA0031-BK97AU.jpg,BAD,00911f1f1f1f0701
datasets\BAD\IMG-20250215-WA0031-D9ksAb.jpg,BAD,00911f1f1f1f0701
datasets\BAD\IMG-20250215-WA0031-DI7NvM.jpg,BAD,00911f1f1f1f0701
datasets\BAD\IMG-20250215-WA0031-g06hSB.jpg,BAD,00911f1f1f1f0701
datasets\BAD\IMG-20250215-WA0031-iulR2U.jpg,BAD,00911f1f1f1f0701
datasets\BAD\IMG-20250215-WA0031-LM8MRd.jpg,BAD,00911f1f1f1f0701
datasets\BAD\IMG-20250215-WA0031-PkUoBQ.jpg,BAD,00911f1f1f1f0701
datasets\BAD\IMG-20250215-WA0031-tQtcoG.jpg,BAD,00911f1f1f1f0701
datasets\BAD\IMG-20250215-WA0031.jpg,BAD,00911f1f1f1f0701
datasets\BAD\IMG-20250215-WA0032-9uXuM6.jpg,BAD,ffdc1c0c0f070307
datasets\BAD\IMG-20250215-WA0032-a6JlZ6.jpg,BAD,ffdc1c0c0f070307
datasets\BAD\IMG-20250215-WA0032-Asv7Z9.jpg,BAD,ffdc1c0c0f070307
datasets\BAD\IMG-20250215-WA0032-c7r4oG.jpg,BAD,ffdc1c0c0f070307
datasets\BAD\IMG-20250215-WA0032-EZ1SDA.jpg,BAD,ffdc1c0c0f070307
datasets\BAD\IMG-20250215-WA0032-GnvRLZ.jpg,BAD,ffdc1c0c0f070307
datasets\BAD\IMG-20250215-WA0032-oIrhPn.jpg,BAD,ffdc1c0c0f070307
datasets\BAD\IMG-20250215-WA0032-ql69aS.jpg,BAD,ffdc1c0c0f070307
datasets\BAD\IMG-20250215-WA0032-UlSnAd.jpg,BAD,ffdc1c0c0f070307
datasets\BAD\IMG-20250215-WA0032-wMjkgN.jpg,BAD,ffdc1c0c0f070307
datasets\BAD\IMG-20250215-WA0032.jpg,BAD,ffdc1c0c0f070307
datasets\BAD\IMG-20250215-WA0033-08SpcI.jpg,BAD,ffdc1c0c0f070303
datasets\BAD\IMG-20250215-WA0033-0uvdic.jpg,BAD,ffdc1c0c0f070303
datasets\BAD\IMG-20250215-WA0033-1KhaLL.jpg,BAD,ffdc1c0c0f070303
datasets\BAD\IMG-20250215-WA0033-IZ2xuT.jpg,BAD,ffdc1c0c0f070303
datasets\BAD\IMG-20250215-WA0033-jfewLE.jpg,BAD,ffdc1c0c0f070303
datasets\BAD\IMG-20250215-WA0033-KZjmMM.jpg,BAD,ffdc1c0c0f070303
datasets\BAD\IMG-20250215-WA0033-NAVhFv.jpg,BAD,ffdc1c0c0f070303
datasets\BAD\IMG-20250215-WA0033-pAGRHG.jpg,BAD,ffdc1c0c0f070303
datasets\BAD\IMG-20250215-WA0033-qvXrkK.jpg,BAD,ffdc1c0c0f070303
datasets\BAD\IMG-20250215-WA0033-V52myA.jpg,BAD,ffdc1c0c0f070303
datasets\BAD\IMG-20250215-WA0033.jpg,BAD,ffdc1c0c0f070303
datasets\BAD\IMG-20250215-WA0034-1NgbtK.jpg,BAD,90d89f3f1f030700
datasets\BAD\IMG-20250215-WA0034-32S7ab.jpg,BAD,90d89f3f1f030700
datasets\BAD\IMG-20250215-WA0034-4MmKGj.jpg,BAD,90d89f3f1f030700
datasets\BAD\IMG-20250215-WA0034-bLXnPX.jpg,BAD,90d89f3f1f030700
datasets\BAD\IMG-20250215-WA0034-Gttf3d.jpg,BAD,90d89f3f1f030700
datasets\BAD\IMG-20250215-WA0034-gYQRRa.jpg,BAD,90d89f3f1f030700
datasets\BAD\IMG-20250215-WA0034-hqcyCg.jpg,BAD,90d89f3f1f030700
datasets\BAD\IMG-20250215-WA0034-jYWbAr.jpg,BAD,90d89f3f1f030700
datasets\BAD\IMG-20250215-WA0034-Q8oI5x.jpg,BAD,90d89f3f1f030700
datasets\BAD\IMG-20250215-WA0034-vVxRXD.jpg,BAD,90d89f3f1f030700
datasets\BAD\IMG-20250215-WA0034.jpg,BAD,90d89f3f1f030700
datasets\BAD\IMG-20250215-WA0036-3Z9aq2.jpg,BAD,0301070f7f7fffff
datasets\BAD\IMG-20250215-WA0036-cKqAmX.jpg,BAD,0301070f7f7fffff
datasets\BAD\IMG-20250215-WA0036-cnwxB8.jpg,BAD,0301070f7f7fffff
datasets\BAD\IMG-20250215-WA0036-fzcgyL.jpg,BAD,0301070f7f7fffff
datasets\BAD\IMG-20250215-WA0036-I7wjGI.jpg,BAD,0301070f7f7fffff
datasets\BAD\IMG-20250215-WA0036-NRybJp.jpg,BAD,0301070f7f7fffff
datasets\BAD\IMG-20250215-WA0036-nytYER.jpg,BAD,0301070f7f7fffff
datasets\BAD\IMG-20250215-WA0036-qLXl2O.jpg,BAD,0301070f7f7fffff
datasets\BAD\IMG-20250215-WA0036-T75tct.jpg,BAD,0301070f7f7fffff
datasets\BAD\IMG-20250215-WA0036-zcCUIE.jpg,BAD,0301070f7f7fffff
datasets\BAD\IMG-20250215-WA0036.jpg,BAD,0301070f7f7fffff
datasets\BAD\IMG-20250215-WA0037-4mgGsV.jpg,BAD,0301070f7f7fffff
datasets\BAD\IMG-20250215-WA0037-7xCnJw.jpg,BAD,0301070f7f7fffff
datasets\BAD\IMG-20250215-WA0037-Ftwev3.jpg,BAD,0301070f7f7fffff
datasets\BAD\IMG-20250215-WA0037-HtGTkN.jpg,BAD,0301070f7f7fffff
datasets\BAD\IMG-20250215-WA0037-HWvj5o.jpg,BAD,0301070f7f7fffff
datasets\BAD\IMG-20250215-WA0037-MvRcRX.jpg,BAD,0301070f7f7fffff
datasets\BAD\IMG-20250215-WA0037-r9YvYS.jpg,BAD,0301070f7f7fffff
datasets\BAD\IMG-20250215-WA0037-tcP2iH.jpg,BAD,0301070f7f7fffff
datasets\BAD\IMG-20250215-WA0037-WF5l0f.jpg,BAD,0301070f7f7fffff
datasets\BAD\IMG-20250215-WA0037-wiJHEA.jpg,BAD,0301070f7f7fffff
datasets\BAD\IMG-20250215-WA0037.jpg,BAD,0301070f7f7fffff
datasets\BAD\IMG-20250215-WA0038-7e7rA0.jpg,BAD,0301070f7f7fffff
datasets\BAD\IMG-20250215-WA0038-cc4DBt.jpg,BAD,0301070f7f7fffff
datasets\BAD\IMG-20250215-WA0038-Err8vN.jpg,BAD,0301070f7f7fffff
datasets\BAD\IMG-20250215-WA0038-GpOv8l.jpg,BAD,0301070f7f7fffff
datasets\BAD\IMG-20250215-WA0038-J0MEWp.jpg,BAD,0301070f7f7fffff
datasets\BAD\IMG-20250215-WA0038-JPlK6r.jpg,BAD,0301070f7f7fffff
datasets\BAD\IMG-20250215-WA0038-KHIJF7.jpg,BAD,0301070f7f7fffff
datasets\BAD\IMG-20250215-WA0038-Nt4gmN.jpg,BAD,0301070f7f7fffff
datasets\BAD\IMG-20250215-WA0038-nwlSO3.jpg,BAD,0301070f7f7fffff
datasets\BAD\IMG-20250215-WA0038-s91X4D.jpg,BAD,0301070f7f7fffff
datasets\BAD\IMG-20250215-WA0038.jpg,BAD,0301070f7f7fffff
datasets\BAD\IMG-20250215-WA0039-BPyS9J.jpg,BAD,ffdf9f8f00010101
datasets\BAD\IMG-20250215-WA0039-cCuQec.jpg,BAD,ffdf9f8f00010101
datasets\BAD\IMG-20250215-WA0039-dHYZgn.jpg,BAD,ffdf9f8f00010101
datasets\BAD\IMG-20250215-WA0039-dTNCyd.jpg,BAD,ffdf9f8f00010101
datasets\BAD\IMG-20250215-WA0039-GAbgfh.jpg,BAD,ffdf9f8f00010101
datasets\BAD\IMG-20250215-WA0039-HwvFJ6.jpg,BAD,ffdf9f8f00010101
datasets\BAD\IMG-20250215-WA0039-Pm3hyP.jpg,BAD,ffdf9f8f00010101
datasets\BAD\IMG-20250215-WA0039-ToKEaq.jpg,BAD,ffdf9f8f00010101
datasets\BAD\IMG-20250215-WA0039-vxV7by.jpg,BAD,ffdf9f8f00010101
datasets\BAD\IMG-20250215-WA0039-xwpKiP.jpg,BAD,ffdf9f8f00010101
datasets\BAD\IMG-20250215-WA0039.jpg,BAD,ffdf9f8f00010101
