file,duplicate_of
datasets\GOOD\IMG-20250215-WA0040 (1) (1) (1).jpg,datasets\GOOD\IMG-20250215-WA0040 (1) (1) (1) (1).jpg
datasets\GOOD\IMG-20250215-WA0040 (1) (1)-LmTNOP.jpg,datasets\GOOD\IMG-20250215-WA0040 (1) (1) (1) (1).jpg
datasets\GOOD\IMG-20250215-WA0040 (1) (1).jpg,datasets\GOOD\IMG-20250215-WA0040 (1) (1) (1) (1).jpg
datasets\GOOD\IMG-20250215-WA0040 (1) (2) (1)-OLb0Rt.jpg,datasets\GOOD\IMG-20250215-WA0040 (1) (1) (1) (1).jpg
datasets\GOOD\IMG-20250215-WA0040 (1) (2) (1)-Qr9C9F.jpg,datasets\GOOD\IMG-20250215-WA0040 (1) (1) (1) (1).jpg
datasets\GOOD\IMG-20250215-WA0040 (1) (2) (1).jpg,datasets\GOOD\IMG-20250215-WA0040 (1) (1) (1) (1).jpg
datasets\GOOD\IMG-20250215-WA0040 (1) (2).jpg,datasets\GOOD\IMG-20250215-WA0040 (1) (1) (1) (1).jpg
datasets\GOOD\IMG-20250215-WA0040 (1) (3)-iOCKYe.jpg,datasets\GOOD\IMG-20250215-WA0040 (1) (1) (1) (1).jpg
datasets\GOOD\IMG-20250215-WA0040 (1) (3)-xauJ5U.jpg,datasets\GOOD\IMG-20250215-WA0040 (1) (1) (1) (1).jpg
datasets\GOOD\IMG-20250215-WA0040 (1) (3).jpg,datasets\GOOD\IMG-20250215-WA0040 (1) (1) (1) (1).jpg
datasets\GOOD\IMG-20250215-WA0040 (1).jpg,datasets\GOOD\IMG-20250215-WA0040 (1) (1) (1) (1).jpg
datasets\GOOD\IMG-20250215-WA0040 (2) (1) (1)-ewW6LQ.jpg,datasets\GOOD\IMG-20250215-WA0040 (1) (1) (1) (1).jpg
datasets\GOOD\IMG-20250215-WA0040 (2) (1) (1).jpg,datasets\GOOD\IMG-20250215-WA0040 (1) (1) (1) (1).jpg
datasets\GOOD\IMG-20250215-WA0040 (2) (1)-nDUhnR.jpg,datasets\GOOD\IMG-20250215-WA0040 (1) (1) (1) (1).jpg
datasets\GOOD\IMG-20250215-WA0040 (2) (1)-oS3Ayv.jpg,datasets\GOOD\IMG-20250215-WA0040 (1) (1) (1) (1).jpg
datasets\GOOD\IMG-20250215-WA0040 (2) (1).jpg,datasets\GOOD\IMG-20250215-WA0040 (1) (1) (1) (1).jpg
datasets\GOOD\IMG-20250215-WA0040 (2) (2).jpg,datasets\GOOD\IMG-20250215-WA0040 (1) (1) (1) (1).jpg
datasets\GOOD\IMG-20250215-WA0040 (2)-dKeL5Y.jpg,datasets\GOOD\IMG-20250215-WA0040 (1) (1) (1) (1).jpg
datasets\GOOD\IMG-20250215-WA0040 (2)-OxMhct.jpg,datasets\GOOD\IMG-20250215-WA0040 (1) (1) (1) (1).jpg
datasets\GOOD\IMG-20250215-WA0040 (2).jpg,datasets\GOOD\IMG-20250215-WA0040 (1) (1) (1) (1).jpg
datasets\GOOD\IMG-20250215-WA0040 (3)-7sBTsY.jpg,datasets\GOOD\IMG-20250215-WA0040 (1) (1) (1) (1).jpg
datasets\GOOD\IMG-20250215-WA0040 (3)-jEhr0O.jpg,datasets\GOOD\IMG-20250215-WA0040 (1) (1) (1) (1).jpg
datasets\GOOD\IMG-20250215-WA0040 (3).jpg,datasets\GOOD\IMG-20250215-WA0040 (1) (1) (1) (1).jpg
datasets\GOOD\IMG-20250215-WA0040-KEjgys.jpg,datasets\GOOD\IMG-20250215-WA0040 (1) (1) (1) (1).jpg
datasets\GOOD\IMG-20250215-WA0040-u7KB5L.jpg,datasets\GOOD\IMG-20250215-WA0040 (1) (1) (1) (1).jpg
datasets\GOOD\IMG-20250215-WA0040.jpg,datasets\GOOD\IMG-20250215-WA0040 (1) (1) (1) (1).jpg
datasets\GOOD\IMG-20250215-WA0041 (1) (1) (1)-zTmJni.jpg,datasets\GOOD\IMG-20250215-WA0041 (1) (1) (1)-XMyFGq.jpg
datasets\GOOD\IMG-20250215-WA0041 (1) (1) (1).jpg,datasets\GOOD\IMG-20250215-WA0041 (1) (1) (1)-XMyFGq.jpg
datasets\GOOD\IMG-20250215-WA0041 (1) (1)-QRPyNx.jpg,datasets\GOOD\IMG-20250215-WA0041 (1) (1) (1)-XMyFGq.jpg
datasets\GOOD\IMG-20250215-WA0041 (1) (1)-rTs5DK.jpg,datasets\GOOD\IMG-20250215-WA0041 (1) (1) (1)-XMyFGq.jpg
datasets\GOOD\IMG-20250215-WA0041 (1) (1).jpg,datasets\GOOD\IMG-20250215-WA0041 (1) (1) (1)-XMyFGq.jpg
datasets\GOOD\IMG-20250215-WA0041 (1) (2)-ClvXkk.jpg,datasets\GOOD\IMG-20250215-WA0041 (1) (1) (1)-XMyFGq.jpg
datasets\GOOD\IMG-20250215-WA0041 (1) (2)-WkAUHw.jpg,datasets\GOOD\IMG-20250215-WA0041 (1) (1) (1)-XMyFGq.jpg
datasets\GOOD\IMG-20250215-WA0041 (1) (2).jpg,datasets\GOOD\IMG-20250215-WA0041 (1) (1) (1)-XMyFGq.jpg
datasets\GOOD\IMG-20250215-WA0041 (1)-pgdiwY.jpg,datasets\GOOD\IMG-20250215-WA0041 (1) (1) (1)-XMyFGq.jpg
datasets\GOOD\IMG-20250215-WA0041 (1)-T0SdyG.jpg,datasets\GOOD\IMG-20250215-WA0041 (1) (1) (1)-XMyFGq.jpg
datasets\GOOD\IMG-20250215-WA0041 (1).jpg,datasets\GOOD\IMG-20250215-WA0041 (1) (1) (1)-XMyFGq.jpg
datasets\GOOD\IMG-20250215-WA0041 (2) (1) (1).jpg,datasets\GOOD\IMG-20250215-WA0041 (1) (1) (1)-XMyFGq.jpg
datasets\GOOD\IMG-20250215-WA0041 (2) (1)-6wrR0U.jpg,datasets\GOOD\IMG-20250215-WA0041 (1) (1) (1)-XMyFGq.jpg
datasets\GOOD\IMG-20250215-WA0041 (2) (1)-Hhkwsg.jpg,datasets\GOOD\IMG-20250215-WA0041 (1) (1) (1)-XMyFGq.jpg
datasets\GOOD\IMG-20250215-WA0041 (2) (1)-XHNIgK.jpg,datasets\GOOD\IMG-20250215-WA0041 (1) (1) (1)-XMyFGq.jpg
datasets\GOOD\IMG-20250215-WA0041 (2) (1).jpg,datasets\GOOD\IMG-20250215-WA0041 (1) (1) (1)-XMyFGq.jpg
datasets\GOOD\IMG-20250215-WA0041 (2)-j8B3Si.jpg,datasets\GOOD\IMG-20250215-WA0041 (1) (1) (1)-XMyFGq.jpg
datasets\GOOD\IMG-20250215-WA0041 (2)-JtEXjV.jpg,datasets\GOOD\IMG-20250215-WA0041 (1) (1) (1)-XMyFGq.jpg
datasets\GOOD\IMG-20250215-WA0041 (2)-x5ubnf.jpg,datasets\GOOD\IMG-20250215-WA0041 (1) (1) (1)-XMyFGq.jpg
datasets\GOOD\IMG-20250215-WA0041 (2).jpg,datasets\GOOD\IMG-20250215-WA0041 (1) (1) (1)-XMyFGq.jpg
datasets\GOOD\IMG-20250215-WA0041 (3)-rLcfBH.jpg,datasets\GOOD\IMG-20250215-WA0041 (1) (1) (1)-XMyFGq.jpg
datasets\GOOD\IMG-20250215-WA0041 (3).jpg,datasets\GOOD\IMG-20250215-WA0041 (1) (1) (1)-XMyFGq.jpg
datasets\GOOD\IMG-20250215-WA0041-MeoOQn.jpg,datasets\GOOD\IMG-20250215-WA0041 (1) (1) (1)-XMyFGq.jpg
datasets\GOOD\IMG-20250215-WA0041.jpg,datasets\GOOD\IMG-20250215-WA0041 (1) (1) (1)-XMyFGq.jpg
datasets\GOOD\IMG-20250215-WA0042 (1) (1) (1).jpg,datasets\GOOD\IMG-20250215-WA0042 (1) (1) (1)-PDLjJl.jpg
datasets\GOOD\IMG-20250215-WA0042 (1) (1)-C6dIfZ.jpg,datasets\GOOD\IMG-20250215-WA0042 (1) (1) (1)-PDLjJl.jpg
datasets\GOOD\IMG-20250215-WA0042 (1) (1).jpg,datasets\GOOD\IMG-20250215-WA0042 (1) (1) (1)-PDLjJl.jpg
datasets\GOOD\IMG-20250215-WA0042 (1) (2)-1ak3Py.jpg,datasets\GOOD\IMG-20250215-WA0042 (1) (1) (1)-PDLjJl.jpg
datasets\GOOD\IMG-20250215-WA0042 (1) (2).jpg,datasets\GOOD\IMG-20250215-WA0042 (1) (1) (1)-PDLjJl.jpg
datasets\GOOD\IMG-20250215-WA0042 (1)-Z5kmKT.jpg,datasets\GOOD\IMG-20250215-WA0042 (1) (1) (1)-PDLjJl.jpg
datasets\GOOD\IMG-20250215-WA0042 (1).jpg,datasets\GOOD\IMG-20250215-WA0042 (1) (1) (1)-PDLjJl.jpg
datasets\GOOD\IMG-20250215-WA0042 (2) (1)-cOyGZG.jpg,datasets\GOOD\IMG-20250215-WA0042 (1) (1) (1)-PDLjJl.jpg
datasets\GOOD\IMG-20250215-WA0042 (2) (1).jpg,datasets\GOOD\IMG-20250215-WA0042 (1) (1) (1)-PDLjJl.jpg
datasets\GOOD\IMG-20250215-WA0042 (2)-ILKvB7.jpg,datasets\GOOD\IMG-20250215-WA0042 (1) (1) (1)-PDLjJl.jpg
datasets\GOOD\IMG-20250215-WA0042 (2).jpg,datasets\GOOD\IMG-20250215-WA0042 (1) (1) (1)-PDLjJl.jpg
datasets\GOOD\IMG-20250215-WA0042 (3)-TKhi98.jpg,datasets\GOOD\IMG-20250215-WA0042 (1) (1) (1)-PDLjJl.jpg
datasets\GOOD\IMG-20250215-WA0042 (3).jpg,datasets\GOOD\IMG-20250215-WA0042 (1) (1) (1)-PDLjJl.jpg
datasets\GOOD\IMG-20250215-WA0042-8qJeQ3.jpg,datasets\GOOD\IMG-20250215-WA0042 (1) (1) (1)-PDLjJl.jpg
datasets\GOOD\IMG-20250215-WA0042.jpg,datasets\GOOD\IMG-20250215-WA0042 (1) (1) (1)-PDLjJl.jpg
datasets\GOOD\IMG-20250215-WA0043 (1) (1) (1).jpg,datasets\GOOD\IMG-20250215-WA0043 (1) (1) (1)-bPeVId.jpg
datasets\GOOD\IMG-20250215-WA0043 (1) (1)-W0fcUZ.jpg,datasets\GOOD\IMG-20250215-WA0043 (1) (1) (1)-bPeVId.jpg
datasets\GOOD\IMG-20250215-WA0043 (1) (1).jpg,datasets\GOOD\IMG-20250215-WA0043 (1) (1) (1)-bPeVId.jpg
datasets\GOOD\IMG-20250215-WA0043 (1) (2)-LQbF23.jpg,datasets\GOOD\IMG-20250215-WA0043 (1) (1) (1)-bPeVId.jpg
datasets\GOOD\IMG-20250215-WA0043 (1) (2).jpg,datasets\GOOD\IMG-20250215-WA0043 (1) (1) (1)-bPeVId.jpg
datasets\GOOD\IMG-20250215-WA0043 (1)-NIm8Fh.jpg,datasets\GOOD\IMG-20250215-WA0043 (1) (1) (1)-bPeVId.jpg
datasets\GOOD\IMG-20250215-WA0043 (1).jpg,datasets\GOOD\IMG-20250215-WA0043 (1) (1) (1)-bPeVId.jpg
datasets\GOOD\IMG-20250215-WA0043 (2) (1)-evXqe4.jpg,datasets\GOOD\IMG-20250215-WA0043 (1) (1) (1)-bPeVId.jpg
datasets\GOOD\IMG-20250215-WA0043 (2) (1).jpg,datasets\GOOD\IMG-20250215-WA0043 (1) (1) (1)-bPeVId.jpg
datasets\GOOD\IMG-20250215-WA0043 (2)-inqzty.jpg,datasets\GOOD\IMG-20250215-WA0043 (1) (1) (1)-bPeVId.jpg
datasets\GOOD\IMG-20250215-WA0043 (2).jpg,datasets\GOOD\IMG-20250215-WA0043 (1) (1) (1)-bPeVId.jpg
datasets\GOOD\IMG-20250215-WA0043 (3)-QyLXKa.jpg,datasets\GOOD\IMG-20250215-WA0043 (1) (1) (1)-bPeVId.jpg
datasets\GOOD\IMG-20250215-WA0043 (3).jpg,datasets\GOOD\IMG-20250215-WA0043 (1) (1) (1)-bPeVId.jpg
datasets\GOOD\IMG-20250215-WA0043-anazyH.jpg,datasets\GOOD\IMG-20250215-WA0043 (1) (1) (1)-bPeVId.jpg
datasets\GOOD\IMG-20250215-WA0043.jpg,datasets\GOOD\IMG-20250215-WA0043 (1) (1) (1)-bPeVId.jpg
datasets\GOOD\IMG-20250215-WA0044 (1) (1) (1).jpg,datasets\GOOD\IMG-20250215-WA0044 (1) (1) (1)-nwwa0M.jpg
datasets\GOOD\IMG-20250215-WA0044 (1) (1)-rR4pqN.jpg,datasets\GOOD\IMG-20250215-WA0044 (1) (1) (1)-nwwa0M.jpg
datasets\GOOD\IMG-20250215-WA0044 (1) (1).jpg,datasets\GOOD\IMG-20250215-WA0044 (1) (1) (1)-nwwa0M.jpg
datasets\GOOD\IMG-20250215-WA0044 (1) (2)-S5C3CK.jpg,datasets\GOOD\IMG-20250215-WA0044 (1) (1) (1)-nwwa0M.jpg
datasets\GOOD\IMG-20250215-WA0044 (1) (2).jpg,datasets\GOOD\IMG-20250215-WA0044 (1) (1) (1)-nwwa0M.jpg
datasets\GOOD\IMG-20250215-WA0044 (1)-lY83DT.jpg,datasets\GOOD\IMG-20250215-WA0044 (1) (1) (1)-nwwa0M.jpg
datasets\GOOD\IMG-20250215-WA0044 (1).jpg,datasets\GOOD\IMG-20250215-WA0044 (1) (1) (1)-nwwa0M.jpg
datasets\GOOD\IMG-20250215-WA0044 (2) (1)-yYMdBp.jpg,datasets\GOOD\IMG-20250215-WA0044 (1) (1) (1)-nwwa0M.jpg
datasets\GOOD\IMG-20250215-WA0044 (2) (1).jpg,datasets\GOOD\IMG-20250215-WA0044 (1) (1) (1)-nwwa0M.jpg
datasets\GOOD\IMG-20250215-WA0044 (2)-Q0qepl.jpg,datasets\GOOD\IMG-20250215-WA0044 (1) (1) (1)-nwwa0M.jpg
datasets\GOOD\IMG-20250215-WA0044 (2).jpg,datasets\GOOD\IMG-20250215-WA0044 (1) (1) (1)-nwwa0M.jpg
datasets\GOOD\IMG-20250215-WA0044 (3)-yAe8kz.jpg,datasets\GOOD\IMG-20250215-WA0044 (1) (1) (1)-nwwa0M.jpg
datasets\GOOD\IMG-20250215-WA0044 (3).jpg,datasets\GOOD\IMG-20250215-WA0044 (1) (1) (1)-nwwa0M.jpg
datasets\GOOD\IMG-20250215-WA0044-gjlzMz.jpg,datasets\GOOD\IMG-20250215-WA0044 (1) (1) (1)-nwwa0M.jpg
datasets\GOOD\IMG-20250215-WA0044.jpg,datasets\GOOD\IMG-20250215-WA0044 (1) (1) (1)-nwwa0M.jpg
datasets\GOOD\IMG-20250215-WA0045 (1) (1) (1).jpg,datasets\GOOD\IMG-20250215-WA0045 (1) (1) (1)-ugD5e2.jpg
datasets\GOOD\IMG-20250215-WA0045 (1) (1)-SZqzwH.jpg,datasets\GOOD\IMG-20250215-WA0045 (1) (1) (1)-ugD5e2.jpg
datasets\GOOD\IMG-20250215-WA0045 (1) (1).jpg,datasets\GOOD\IMG-20250215-WA0045 (1) (1) (1)-ugD5e2.jpg
datasets\GOOD\IMG-20250215-WA0045 (1) (2)-m6NPUO.jpg,datasets\GOOD\IMG-20250215-WA0045 (1) (1) (1)-ugD5e2.jpg
datasets\GOOD\IMG-20250215-WA0045 (1) (2).jpg,datasets\GOOD\IMG-20250215-WA0045 (1) (1) (1)-ugD5e2.jpg
datasets\GOOD\IMG-20250215-WA0045 (1)-XgqoCz.jpg,datasets\GOOD\IMG-20250215-WA0045 (1) (1) (1)-ugD5e2.jpg
datasets\GOOD\IMG-20250215-WA0045 (1).jpg,datasets\GOOD\IMG-20250215-WA0045 (1) (1) (1)-ugD5e2.jpg
datasets\GOOD\IMG-20250215-WA0045 (2) (1) (1)-vVC3tD.jpg,datasets\GOOD\IMG-20250215-WA0045 (1) (1) (1)-ugD5e2.jpg
datasets\GOOD\IMG-20250215-WA0045 (2) (1) (1).jpg,datasets\GOOD\IMG-20250215-WA0045 (1) (1) (1)-ugD5e2.jpg
datasets\GOOD\IMG-20250215-WA0045 (2) (1)-8lWjsF.jpg,datasets\GOOD\IMG-20250215-WA0045 (1) (1) (1)-ugD5e2.jpg
datasets\GOOD\IMG-20250215-WA0045 (2) (1).jpg,datasets\GOOD\IMG-20250215-WA0045 (1) (1) (1)-ugD5e2.jpg
datasets\GOOD\IMG-20250215-WA0045 (2) (2)-jMffnr.jpg,datasets\GOOD\IMG-20250215-WA0045 (1) (1) (1)-ugD5e2.jpg
datasets\GOOD\IMG-20250215-WA0045 (2) (2).jpg,datasets\GOOD\IMG-20250215-WA0045 (1) (1) (1)-ugD5e2.jpg
datasets\GOOD\IMG-20250215-WA0045 (2)-TUHw44.jpg,datasets\GOOD\IMG-20250215-WA0045 (1) (1) (1)-ugD5e2.jpg
datasets\GOOD\IMG-20250215-WA0045 (2).jpg,datasets\GOOD\IMG-20250215-WA0045 (1) (1) (1)-ugD5e2.jpg
datasets\GOOD\IMG-20250215-WA0045 (3) (1)-M8Q6Ye.jpg,datasets\GOOD\IMG-20250215-WA0045 (1) (1) (1)-ugD5e2.jpg
datasets\GOOD\IMG-20250215-WA0045 (3) (1).jpg,datasets\GOOD\IMG-20250215-WA0045 (1) (1) (1)-ugD5e2.jpg
datasets\GOOD\IMG-20250215-WA0045 (3)-U330jx.jpg,datasets\GOOD\IMG-20250215-WA0045 (1) (1) (1)-ugD5e2.jpg
datasets\GOOD\IMG-20250215-WA0045 (3).jpg,datasets\GOOD\IMG-20250215-WA0045 (1) (1) (1)-ugD5e2.jpg
datasets\GOOD\IMG-20250215-WA0045 (4)-1pEQJK.jpg,datasets\GOOD\IMG-20250215-WA0045 (1) (1) (1)-ugD5e2.jpg
datasets\GOOD\IMG-20250215-WA0045 (4).jpg,datasets\GOOD\IMG-20250215-WA0045 (1) (1) (1)-ugD5e2.jpg
datasets\GOOD\IMG-20250215-WA0045-FFOaPf.jpg,datasets\GOOD\IMG-20250215-WA0045 (1) (1) (1)-ugD5e2.jpg
datasets\GOOD\IMG-20250215-WA0045.jpg,datasets\GOOD\IMG-20250215-WA0045 (1) (1) (1)-ugD5e2.jpg
datasets\GOOD\IMG-20250215-WA0046 (1) (1) (1).jpg,datasets\GOOD\IMG-20250215-WA0046 (1) (1) (1)-rluuvF.jpg
datasets\GOOD\IMG-20250215-WA0046 (1) (1)-TeLDpR.jpg,datasets\GOOD\IMG-20250215-WA0046 (1) (1) (1)-rluuvF.jpg
datasets\GOOD\IMG-20250215-WA0046 (1) (1).jpg,datasets\GOOD\IMG-20250215-WA0046 (1) (1) (1)-rluuvF.jpg
datasets\GOOD\IMG-20250215-WA0046 (1) (2)-smdx6C.jpg,datasets\GOOD\IMG-20250215-WA0046 (1) (1) (1)-rluuvF.jpg
datasets\GOOD\IMG-20250215-WA0046 (1) (2).jpg,datasets\GOOD\IMG-20250215-WA0046 (1) (1) (1)-rluuvF.jpg
datasets\GOOD\IMG-20250215-WA0046 (1)-mqHbqQ.jpg,datasets\GOOD\IMG-20250215-WA0046 (1) (1) (1)-rluuvF.jpg
datasets\GOOD\IMG-20250215-WA0046 (1).jpg,datasets\GOOD\IMG-20250215-WA0046 (1) (1) (1)-rluuvF.jpg
datasets\GOOD\IMG-20250215-WA0046 (2) (1)-mulQrr.jpg,datasets\GOOD\IMG-20250215-WA0046 (1) (1) (1)-rluuvF.jpg
datasets\GOOD\IMG-20250215-WA0046 (2) (1).jpg,datasets\GOOD\IMG-20250215-WA0046 (1) (1) (1)-rluuvF.jpg
datasets\GOOD\IMG-20250215-WA0046 (2)-B1Iq5c.jpg,datasets\GOOD\IMG-20250215-WA0046 (1) (1) (1)-rluuvF.jpg
datasets\GOOD\IMG-20250215-WA0046 (2).jpg,datasets\GOOD\IMG-20250215-WA0046 (1) (1) (1)-rluuvF.jpg
datasets\GOOD\IMG-20250215-WA0046 (3)-PIIb2l.jpg,datasets\GOOD\IMG-20250215-WA0046 (1) (1) (1)-rluuvF.jpg
datasets\GOOD\IMG-20250215-WA0046 (3).jpg,datasets\GOOD\IMG-20250215-WA0046 (1) (1) (1)-rluuvF.jpg
datasets\GOOD\IMG-20250215-WA0046-sDmGtG.jpg,datasets\GOOD\IMG-20250215-WA0046 (1) (1) (1)-rluuvF.jpg
datasets\GOOD\IMG-20250215-WA0046.jpg,datasets\GOOD\IMG-20250215-WA0046 (1) (1) (1)-rluuvF.jpg
datasets\GOOD\IMG-20250215-WA0047 (1) (1) (1)-fpNMfF.jpg,datasets\GOOD\IMG-20250215-WA0047 (1) (1) (1)-CVtap7.jpg
datasets\GOOD\IMG-20250215-WA0047 (1) (1) (1).jpg,datasets\GOOD\IMG-20250215-WA0047 (1) (1) (1)-CVtap7.jpg
datasets\GOOD\IMG-20250215-WA0047 (1) (1)-fbaLaR.jpg,datasets\GOOD\IMG-20250215-WA0047 (1) (1) (1)-CVtap7.jpg
datasets\GOOD\IMG-20250215-WA0047 (1) (1).jpg,datasets\GOOD\IMG-20250215-WA0047 (1) (1) (1)-CVtap7.jpg
datasets\GOOD\IMG-20250215-WA0047 (1) (2) (1)-nDYn63.jpg,datasets\GOOD\IMG-20250215-WA0047 (1) (1) (1)-CVtap7.jpg
datasets\GOOD\IMG-20250215-WA0047 (1) (2) (1).jpg,datasets\GOOD\IMG-20250215-WA0047 (1) (1) (1)-CVtap7.jpg
datasets\GOOD\IMG-20250215-WA0047 (1) (2)-zkORf6.jpg,datasets\GOOD\IMG-20250215-WA0047 (1) (1) (1)-CVtap7.jpg
datasets\GOOD\IMG-20250215-WA0047 (1) (2).jpg,datasets\GOOD\IMG-20250215-WA0047 (1) (1) (1)-CVtap7.jpg
datasets\GOOD\IMG-20250215-WA0047 (1)-fyjiAs.jpg,datasets\GOOD\IMG-20250215-WA0047 (1) (1) (1)-CVtap7.jpg
datasets\GOOD\IMG-20250215-WA0047 (1)-lkDIZB.jpg,datasets\GOOD\IMG-20250215-WA0047 (1) (1) (1)-CVtap7.jpg
datasets\GOOD\IMG-20250215-WA0047 (1)-MQFL7a.jpg,datasets\GOOD\IMG-20250215-WA0047 (1) (1) (1)-CVtap7.jpg
datasets\GOOD\IMG-20250215-WA0047 (1).jpg,datasets\GOOD\IMG-20250215-WA0047 (1) (1) (1)-CVtap7.jpg
datasets\GOOD\IMG-20250215-WA0047 (2) (1)-j0in1y.jpg,datasets\GOOD\IMG-20250215-WA0047 (1) (1) (1)-CVtap7.jpg
datasets\GOOD\IMG-20250215-WA0047 (2) (1).jpg,datasets\GOOD\IMG-20250215-WA0047 (1) (1) (1)-CVtap7.jpg
datasets\GOOD\IMG-20250215-WA0047 (2) (2).jpg,datasets\GOOD\IMG-20250215-WA0047 (1) (1) (1)-CVtap7.jpg
datasets\GOOD\IMG-20250215-WA0047 (2)-XZivTG.jpg,datasets\GOOD\IMG-20250215-WA0047 (1) (1) (1)-CVtap7.jpg
datasets\GOOD\IMG-20250215-WA0047 (2).jpg,datasets\GOOD\IMG-20250215-WA0047 (1) (1) (1)-CVtap7.jpg
datasets\GOOD\IMG-20250215-WA0047 (3)-etIogW.jpg,datasets\GOOD\IMG-20250215-WA0047 (1) (1) (1)-CVtap7.jpg
datasets\GOOD\IMG-20250215-WA0047 (3)-iKHaB9.jpg,datasets\GOOD\IMG-20250215-WA0047 (1) (1) (1)-CVtap7.jpg
datasets\GOOD\IMG-20250215-WA0047 (3)-ODZLoa.jpg,datasets\GOOD\IMG-20250215-WA0047 (1) (1) (1)-CVtap7.jpg
datasets\GOOD\IMG-20250215-WA0047 (3).jpg,datasets\GOOD\IMG-20250215-WA0047 (1) (1) (1)-CVtap7.jpg
datasets\GOOD\IMG-20250215-WA0047-C4kFfl.jpg,datasets\GOOD\IMG-20250215-WA0047 (1) (1) (1)-CVtap7.jpg
datasets\GOOD\IMG-20250215-WA0047-MqGMzY.jpg,datasets\GOOD\IMG-20250215-WA0047 (1) (1) (1)-CVtap7.jpg
datasets\GOOD\IMG-20250215-WA0047-WkJVmE.jpg,datasets\GOOD\IMG-20250215-WA0047 (1) (1) (1)-CVtap7.jpg
datasets\GOOD\IMG-20250215-WA0047.jpg,datasets\GOOD\IMG-20250215-WA0047 (1) (1) (1)-CVtap7.jpg
datasets\GOOD\IMG-20250215-WA0048 (1) (1) (1)-VGredb.jpg,datasets\GOOD\IMG-20250215-WA0048 (1) (1) (1)-nqBEhA.jpg
datasets\GOOD\IMG-20250215-WA0048 (1) (1) (1).jpg,datasets\GOOD\IMG-20250215-WA0048 (1) (1) (1)-nqBEhA.jpg
datasets\GOOD\IMG-20250215-WA0048 (1) (1) (2).jpg,datasets\GOOD\IMG-20250215-WA0048 (1) (1) (1)-nqBEhA.jpg
datasets\GOOD\IMG-20250215-WA0048 (1) (1)-CMXEku.jpg,datasets\GOOD\IMG-20250215-WA0048 (1) (1) (1)-nqBEhA.jpg
datasets\GOOD\IMG-20250215-WA0048 (1) (1)-O6Mmox.jpg,datasets\GOOD\IMG-20250215-WA0048 (1) (1) (1)-nqBEhA.jpg
datasets\GOOD\IMG-20250215-WA0048 (1) (1).jpg,datasets\GOOD\IMG-20250215-WA0048 (1) (1) (1)-nqBEhA.jpg
datasets\GOOD\IMG-20250215-WA0048 (1) (2)-qtVdaS.jpg,datasets\GOOD\IMG-20250215-WA0048 (1) (1) (1)-nqBEhA.jpg
datasets\GOOD\IMG-20250215-WA0048 (1) (2).jpg,datasets\GOOD\IMG-20250215-WA0048 (1) (1) (1)-nqBEhA.jpg
datasets\GOOD\IMG-20250215-WA0048 (1)-ldk3co.jpg,datasets\GOOD\IMG-20250215-WA0048 (1) (1) (1)-nqBEhA.jpg
datasets\GOOD\IMG-20250215-WA0048 (1).jpg,datasets\GOOD\IMG-20250215-WA0048 (1) (1) (1)-nqBEhA.jpg
datasets\GOOD\IMG-20250215-WA0048 (2) (1)-FdtjH0.jpg,datasets\GOOD\IMG-20250215-WA0048 (1) (1) (1)-nqBEhA.jpg
datasets\GOOD\IMG-20250215-WA0048 (2) (1).jpg,datasets\GOOD\IMG-20250215-WA0048 (1) (1) (1)-nqBEhA.jpg
datasets\GOOD\IMG-20250215-WA0048 (2)-2rscVv.jpg,datasets\GOOD\IMG-20250215-WA0048 (1) (1) (1)-nqBEhA.jpg
datasets\GOOD\IMG-20250215-WA0048 (2).jpg,datasets\GOOD\IMG-20250215-WA0048 (1) (1) (1)-nqBEhA.jpg
datasets\GOOD\IMG-20250215-WA0048 (3)-HyqE1x.jpg,datasets\GOOD\IMG-20250215-WA0048 (1) (1) (1)-nqBEhA.jpg
datasets\GOOD\IMG-20250215-WA0048 (3).jpg,datasets\GOOD\IMG-20250215-WA0048 (1) (1) (1)-nqBEhA.jpg
datasets\GOOD\IMG-20250215-WA0048-6RdTcd.jpg,datasets\GOOD\IMG-20250215-WA0048 (1) (1) (1)-nqBEhA.jpg
datasets\GOOD\IMG-20250215-WA0048.jpg,datasets\GOOD\IMG-20250215-WA0048 (1) (1) (1)-nqBEhA.jpg
datasets\GOOD\IMG-20250215-WA0049 (1) (1) (1).jpg,datasets\GOOD\IMG-20250215-WA0049 (1) (1) (1)-Ep3AVq.jpg
datasets\GOOD\IMG-20250215-WA0049 (1) (1)-qQXGSP.jpg,datasets\GOOD\IMG-20250215-WA0049 (1) (1) (1)-Ep3AVq.jpg
datasets\GOOD\IMG-20250215-WA0049 (1) (1).jpg,datasets\GOOD\IMG-20250215-WA0049 (1) (1) (1)-Ep3AVq.jpg
datasets\GOOD\IMG-20250215-WA0049 (1) (2)-TiHwR2.jpg,datasets\GOOD\IMG-20250215-WA0049 (1) (1) (1)-Ep3AVq.jpg
datasets\GOOD\IMG-20250215-WA0049 (1) (2).jpg,datasets\GOOD\IMG-20250215-WA0049 (1) (1) (1)-Ep3AVq.jpg
datasets\GOOD\IMG-20250215-WA0049 (1)-VFkzg0.jpg,datasets\GOOD\IMG-20250215-WA0049 (1) (1) (1)-Ep3AVq.jpg
datasets\GOOD\IMG-20250215-WA0049 (1).jpg,datasets\GOOD\IMG-20250215-WA0049 (1) (1) (1)-Ep3AVq.jpg
datasets\GOOD\IMG-20250215-WA0049 (2) (1)-CdZenS.jpg,datasets\GOOD\IMG-20250215-WA0049 (1) (1) (1)-Ep3AVq.jpg
datasets\GOOD\IMG-20250215-WA0049 (2) (1).jpg,datasets\GOOD\IMG-20250215-WA0049 (1) (1) (1)-Ep3AVq.jpg
datasets\GOOD\IMG-20250215-WA0049 (2)-Xu2LJu.jpg,datasets\GOOD\IMG-20250215-WA0049 (1) (1) (1)-Ep3AVq.jpg
datasets\GOOD\IMG-20250215-WA0049 (2).jpg,datasets\GOOD\IMG-20250215-WA0049 (1) (1) (1)-Ep3AVq.jpg
datasets\GOOD\IMG-20250215-WA0049 (3)-N29ykl.jpg,datasets\GOOD\IMG-20250215-WA0049 (1) (1) (1)-Ep3AVq.jpg
datasets\GOOD\IMG-20250215-WA0049 (3).jpg,datasets\GOOD\IMG-20250215-WA0049 (1) (1) (1)-Ep3AVq.jpg
datasets\GOOD\IMG-20250215-WA0049-cCK7Q9.jpg,datasets\GOOD\IMG-20250215-WA0049 (1) (1) (1)-Ep3AVq.jpg
datasets\GOOD\IMG-20250215-WA0049.jpg,datasets\GOOD\IMG-20250215-WA0049 (1) (1) (1)-Ep3AVq.jpg
datasets\GOOD\IMG-20250215-WA0050 (1) (1) (1).jpg,datasets\GOOD\IMG-20250215-WA0050 (1) (1) (1)-3MVVyg.jpg
datasets\GOOD\IMG-20250215-WA0050 (1) (1)-O9Smb2.jpg,datasets\GOOD\IMG-20250215-WA0050 (1) (1) (1)-3MVVyg.jpg
datasets\GOOD\IMG-20250215-WA0050 (1) (1).jpg,datasets\GOOD\IMG-20250215-WA0050 (1) (1) (1)-3MVVyg.jpg
datasets\GOOD\IMG-20250215-WA0050 (1) (2)-dEBVu6.jpg,datasets\GOOD\IMG-20250215-WA0050 (1) (1) (1)-3MVVyg.jpg
datasets\GOOD\IMG-20250215-WA0050 (1) (2).jpg,datasets\GOOD\IMG-20250215-WA0050 (1) (1) (1)-3MVVyg.jpg
datasets\GOOD\IMG-20250215-WA0050 (1)-aQNp57.jpg,datasets\GOOD\IMG-20250215-WA0050 (1) (1) (1)-3MVVyg.jpg
datasets\GOOD\IMG-20250215-WA0050 (1).jpg,datasets\GOOD\IMG-20250215-WA0050 (1) (1) (1)-3MVVyg.jpg
datasets\GOOD\IMG-20250215-WA0050 (2) (1)-G5N8nI.jpg,datasets\GOOD\IMG-20250215-WA0050 (1) (1) (1)-3MVVyg.jpg
datasets\GOOD\IMG-20250215-WA0050 (2) (1).jpg,datasets\GOOD\IMG-20250215-WA0050 (1) (1) (1)-3MVVyg.jpg
datasets\GOOD\IMG-20250215-WA0050 (2)-rRlI3Y.jpg,datasets\GOOD\IMG-20250215-WA0050 (1) (1) (1)-3MVVyg.jpg
datasets\GOOD\IMG-20250215-WA0050 (2).jpg,datasets\GOOD\IMG-20250215-WA0050 (1) (1) (1)-3MVVyg.jpg
datasets\GOOD\IMG-20250215-WA0050 (3)-Rfo3Dp.jpg,datasets\GOOD\IMG-20250215-WA0050 (1) (1) (1)-3MVVyg.jpg
datasets\GOOD\IMG-20250215-WA0050 (3).jpg,datasets\GOOD\IMG-20250215-WA0050 (1) (1) (1)-3MVVyg.jpg
datasets\GOOD\IMG-20250215-WA0050-hSU5CK.jpg,datasets\GOOD\IMG-20250215-WA0050 (1) (1) (1)-3MVVyg.jpg
datasets\GOOD\IMG-20250215-WA0050.jpg,datasets\GOOD\IMG-20250215-WA0050 (1) (1) (1)-3MVVyg.jpg
datasets\GOOD\IMG-20250215-WA0051 (1) (1) (1).jpg,datasets\GOOD\IMG-20250215-WA0051 (1) (1) (1)-WuzwEu.jpg
datasets\GOOD\IMG-20250215-WA0051 (1) (1)-bibgYk.jpg,datasets\GOOD\IMG-20250215-WA0051 (1) (1) (1)-WuzwEu.jpg
datasets\GOOD\IMG-20250215-WA0051 (1) (1).jpg,datasets\GOOD\IMG-20250215-WA0051 (1) (1) (1)-WuzwEu.jpg
datasets\GOOD\IMG-20250215-WA0051 (1) (2) (1).jpg,datasets\GOOD\IMG-20250215-WA0051 (1) (1) (1)-WuzwEu.jpg
datasets\GOOD\IMG-20250215-WA0051 (1) (2)-P0rAjH.jpg,datasets\GOOD\IMG-20250215-WA0051 (1) (1) (1)-WuzwEu.jpg
datasets\GOOD\IMG-20250215-WA0051 (1) (2).jpg,datasets\GOOD\IMG-20250215-WA0051 (1) (1) (1)-WuzwEu.jpg
datasets\GOOD\IMG-20250215-WA0051 (1) (3).jpg,datasets\GOOD\IMG-20250215-WA0051 (1) (1) (1)-WuzwEu.jpg
datasets\GOOD\IMG-20250215-WA0051 (1)-jKwniZ.jpg,datasets\GOOD\IMG-20250215-WA0051 (1) (1) (1)-WuzwEu.jpg
datasets\GOOD\IMG-20250215-WA0051 (1).jpg,datasets\GOOD\IMG-20250215-WA0051 (1) (1) (1)-WuzwEu.jpg
datasets\GOOD\IMG-20250215-WA0051 (2) (1) (1)-bvBM9o.jpg,datasets\GOOD\IMG-20250215-WA0051 (1) (1) (1)-WuzwEu.jpg
datasets\GOOD\IMG-20250215-WA0051 (2) (1) (1).jpg,datasets\GOOD\IMG-20250215-WA0051 (1) (1) (1)-WuzwEu.jpg
datasets\GOOD\IMG-20250215-WA0051 (2) (1)-IKuDEU.jpg,datasets\GOOD\IMG-20250215-WA0051 (1) (1) (1)-WuzwEu.jpg
datasets\GOOD\IMG-20250215-WA0051 (2) (1).jpg,datasets\GOOD\IMG-20250215-WA0051 (1) (1) (1)-WuzwEu.jpg
datasets\GOOD\IMG-20250215-WA0051 (2)-CYtXjz.jpg,datasets\GOOD\IMG-20250215-WA0051 (1) (1) (1)-WuzwEu.jpg
datasets\GOOD\IMG-20250215-WA0051 (2).jpg,datasets\GOOD\IMG-20250215-WA0051 (1) (1) (1)-WuzwEu.jpg
datasets\GOOD\IMG-20250215-WA0051 (3) (1)-YX1yxp.jpg,datasets\GOOD\IMG-20250215-WA0051 (1) (1) (1)-WuzwEu.jpg
datasets\GOOD\IMG-20250215-WA0051 (3) (1).jpg,datasets\GOOD\IMG-20250215-WA0051 (1) (1) (1)-WuzwEu.jpg
datasets\GOOD\IMG-20250215-WA0051 (3).jpg,datasets\GOOD\IMG-20250215-WA0051 (1) (1) (1)-WuzwEu.jpg
datasets\GOOD\IMG-20250215-WA0051 (4).jpg,datasets\GOOD\IMG-20250215-WA0051 (1) (1) (1)-WuzwEu.jpg
datasets\GOOD\IMG-20250215-WA0051-YIWLyd.jpg,datasets\GOOD\IMG-20250215-WA0051 (1) (1) (1)-WuzwEu.jpg
datasets\GOOD\IMG-20250215-WA0051.jpg,datasets\GOOD\IMG-20250215-WA0051 (1) (1) (1)-WuzwEu.jpg
datasets\GOOD\IMG-20250215-WA0052 (1) (1) (1) (1).jpg,datasets\GOOD\IMG-20250215-WA0052 (1) (1) (1) (1)-n1lx73.jpg
datasets\GOOD\IMG-20250215-WA0052 (1) (1) (1).jpg,datasets\GOOD\IMG-20250215-WA0052 (1) (1) (1) (1)-n1lx73.jpg
datasets\GOOD\IMG-20250215-WA0052 (1) (1) (2).jpg,datasets\GOOD\IMG-20250215-WA0052 (1) (1) (1) (1)-n1lx73.jpg
datasets\GOOD\IMG-20250215-WA0052 (1) (1)-KT2WDO.jpg,datasets\GOOD\IMG-20250215-WA0052 (1) (1) (1) (1)-n1lx73.jpg
datasets\GOOD\IMG-20250215-WA0052 (1) (1)-mbTG3O.jpg,datasets\GOOD\IMG-20250215-WA0052 (1) (1) (1) (1)-n1lx73.jpg
datasets\GOOD\IMG-20250215-WA0052 (1) (1).jpg,datasets\GOOD\IMG-20250215-WA0052 (1) (1) (1) (1)-n1lx73.jpg
datasets\GOOD\IMG-20250215-WA0052 (1) (2)-m846vN.jpg,datasets\GOOD\IMG-20250215-WA0052 (1) (1) (1) (1)-n1lx73.jpg
datasets\GOOD\IMG-20250215-WA0052 (1) (2).jpg,datasets\GOOD\IMG-20250215-WA0052 (1) (1) (1) (1)-n1lx73.jpg
datasets\GOOD\IMG-20250215-WA0052 (1)-sqnH5N.jpg,datasets\GOOD\IMG-20250215-WA0052 (1) (1) (1) (1)-n1lx73.jpg
datasets\GOOD\IMG-20250215-WA0052 (1).jpg,datasets\GOOD\IMG-20250215-WA0052 (1) (1) (1) (1)-n1lx73.jpg
datasets\GOOD\IMG-20250215-WA0052 (2) (1)-9cpBzs.jpg,datasets\GOOD\IMG-20250215-WA0052 (1) (1) (1) (1)-n1lx73.jpg
datasets\GOOD\IMG-20250215-WA0052 (2) (1).jpg,datasets\GOOD\IMG-20250215-WA0052 (1) (1) (1) (1)-n1lx73.jpg
datasets\GOOD\IMG-20250215-WA0052 (2)-GMH8Iq.jpg,datasets\GOOD\IMG-20250215-WA0052 (1) (1) (1) (1)-n1lx73.jpg
datasets\GOOD\IMG-20250215-WA0052 (2).jpg,datasets\GOOD\IMG-20250215-WA0052 (1) (1) (1) (1)-n1lx73.jpg
datasets\GOOD\IMG-20250215-WA0052 (3)-U0dJUc.jpg,datasets\GOOD\IMG-20250215-WA0052 (1) (1) (1) (1)-n1lx73.jpg
datasets\GOOD\IMG-20250215-WA0052 (3).jpg,datasets\GOOD\IMG-20250215-WA0052 (1) (1) (1) (1)-n1lx73.jpg
datasets\GOOD\IMG-20250215-WA0052-gl7S2m.jpg,datasets\GOOD\IMG-20250215-WA0052 (1) (1) (1) (1)-n1lx73.jpg
datasets\GOOD\IMG-20250215-WA0052.jpg,datasets\GOOD\IMG-20250215-WA0052 (1) (1) (1) (1)-n1lx73.jpg
datasets\GOOD\IMG-20250215-WA0053 (1) (1) (1).jpg,datasets\GOOD\IMG-20250215-WA0053 (1) (1) (1)-ZWBhUN.jpg
datasets\GOOD\IMG-20250215-WA0053 (1) (1) (2).jpg,datasets\GOOD\IMG-20250215-WA0053 (1) (1) (1)-ZWBhUN.jpg
datasets\GOOD\IMG-20250215-WA0053 (1) (1)-8BdhEN.jpg,datasets\GOOD\IMG-20250215-WA0053 (1) (1) (1)-ZWBhUN.jpg
datasets\GOOD\IMG-20250215-WA0053 (1) (1).jpg,datasets\GOOD\IMG-20250215-WA0053 (1) (1) (1)-ZWBhUN.jpg
datasets\GOOD\IMG-20250215-WA0053 (1) (2) (1)-qTG7xd.jpg,datasets\GOOD\IMG-20250215-WA0053 (1) (1) (1)-ZWBhUN.jpg
datasets\GOOD\IMG-20250215-WA0053 (1) (2) (1).jpg,datasets\GOOD\IMG-20250215-WA0053 (1) (1) (1)-ZWBhUN.jpg
datasets\GOOD\IMG-20250215-WA0053 (1) (2)-gTK1PV.jpg,datasets\GOOD\IMG-20250215-WA0053 (1) (1) (1)-ZWBhUN.jpg
datasets\GOOD\IMG-20250215-WA0053 (1) (2).jpg,datasets\GOOD\IMG-20250215-WA0053 (1) (1) (1)-ZWBhUN.jpg
datasets\GOOD\IMG-20250215-WA0053 (1) (3)-Ct69Xe.jpg,datasets\GOOD\IMG-20250215-WA0053 (1) (1) (1)-ZWBhUN.jpg
datasets\GOOD\IMG-20250215-WA0053 (1) (3).jpg,datasets\GOOD\IMG-20250215-WA0053 (1) (1) (1)-ZWBhUN.jpg
datasets\GOOD\IMG-20250215-WA0053 (1)-nqUyT7.jpg,datasets\GOOD\IMG-20250215-WA0053 (1) (1) (1)-ZWBhUN.jpg
datasets\GOOD\IMG-20250215-WA0053 (1).jpg,datasets\GOOD\IMG-20250215-WA0053 (1) (1) (1)-ZWBhUN.jpg
datasets\GOOD\IMG-20250215-WA0053 (2)-Xwwwls.jpg,datasets\GOOD\IMG-20250215-WA0053 (1) (1) (1)-ZWBhUN.jpg
datasets\GOOD\IMG-20250215-WA0053 (2).jpg,datasets\GOOD\IMG-20250215-WA0053 (1) (1) (1)-ZWBhUN.jpg
datasets\GOOD\IMG-20250215-WA0053 (3).jpg,datasets\GOOD\IMG-20250215-WA0053 (1) (1) (1)-ZWBhUN.jpg
datasets\GOOD\IMG-20250215-WA0053-b211IL.jpg,datasets\GOOD\IMG-20250215-WA0053 (1) (1) (1)-ZWBhUN.jpg
datasets\GOOD\IMG-20250215-WA0053-pf70Po.jpg,datasets\GOOD\IMG-20250215-WA0053 (1) (1) (1)-ZWBhUN.jpg
datasets\GOOD\IMG-20250215-WA0053.jpg,datasets\GOOD\IMG-20250215-WA0053 (1) (1) (1)-ZWBhUN.jpg
datasets\GOOD\IMG-20250215-WA0054 (1) (1).jpg,datasets\GOOD\IMG-20250215-WA0054 (1) (1)-F309XW.jpg
datasets\GOOD\IMG-20250215-WA0054 (1) (2)-plNpYP.jpg,datasets\GOOD\IMG-20250215-WA0054 (1) (1)-F309XW.jpg
datasets\GOOD\IMG-20250215-WA0054 (1) (2).jpg,datasets\GOOD\IMG-20250215-WA0054 (1) (1)-F309XW.jpg
datasets\GOOD\IMG-20250215-WA0054 (1)-NUtalX.jpg,datasets\GOOD\IMG-20250215-WA0054 (1) (1)-F309XW.jpg
datasets\GOOD\IMG-20250215-WA0054 (1).jpg,datasets\GOOD\IMG-20250215-WA0054 (1) (1)-F309XW.jpg
datasets\GOOD\IMG-20250215-WA0054 (2) (1).jpg,datasets\GOOD\IMG-20250215-WA0054 (1) (1)-F309XW.jpg
datasets\GOOD\IMG-20250215-WA0054 (2)-7906aJ.jpg,datasets\GOOD\IMG-20250215-WA0054 (1) (1)-F309XW.jpg
datasets\GOOD\IMG-20250215-WA0054 (2).jpg,datasets\GOOD\IMG-20250215-WA0054 (1) (1)-F309XW.jpg
datasets\GOOD\IMG-20250215-WA0054 (3)-8Ub4h3.jpg,datasets\GOOD\IMG-20250215-WA0054 (1) (1)-F309XW.jpg
datasets\GOOD\IMG-20250215-WA0054 (3).jpg,datasets\GOOD\IMG-20250215-WA0054 (1) (1)-F309XW.jpg
datasets\GOOD\IMG-20250215-WA0054.jpg,datasets\GOOD\IMG-20250215-WA0054 (1) (1)-F309XW.jpg
datasets\GOOD\IMG-20250215-WA0055 (1) (1) (1).jpg,datasets\GOOD\IMG-20250215-WA0055 (1) (1) (1)-My4kmh.jpg
datasets\GOOD\IMG-20250215-WA0055 (1) (1)-jfNbK6.jpg,datasets\GOOD\IMG-20250215-WA0055 (1) (1) (1)-My4kmh.jpg
datasets\GOOD\IMG-20250215-WA0055 (1) (1)-NItyi4.jpg,datasets\GOOD\IMG-20250215-WA0055 (1) (1) (1)-My4kmh.jpg
datasets\GOOD\IMG-20250215-WA0055 (1) (1).jpg,datasets\GOOD\IMG-20250215-WA0055 (1) (1) (1)-My4kmh.jpg
datasets\GOOD\IMG-20250215-WA0055 (1) (2)-EroqXR.jpg,datasets\GOOD\IMG-20250215-WA0055 (1) (1) (1)-My4kmh.jpg
datasets\GOOD\IMG-20250215-WA0055 (1) (2).jpg,datasets\GOOD\IMG-20250215-WA0055 (1) (1) (1)-My4kmh.jpg
datasets\GOOD\IMG-20250215-WA0055 (1).jpg,datasets\GOOD\IMG-20250215-WA0055 (1) (1) (1)-My4kmh.jpg
datasets\GOOD\IMG-20250215-WA0055 (2).jpg,datasets\GOOD\IMG-20250215-WA0055 (1) (1) (1)-My4kmh.jpg
datasets\GOOD\IMG-20250215-WA0055 (3)-uOBsOc.jpg,datasets\GOOD\IMG-20250215-WA0055 (1) (1) (1)-My4kmh.jpg
datasets\GOOD\IMG-20250215-WA0055 (3).jpg,datasets\GOOD\IMG-20250215-WA0055 (1) (1) (1)-My4kmh.jpg
datasets\GOOD\IMG-20250215-WA0055-6rFNyK.jpg,datasets\GOOD\IMG-20250215-WA0055 (1) (1) (1)-My4kmh.jpg
datasets\GOOD\IMG-20250215-WA0055.jpg,datasets\GOOD\IMG-20250215-WA0055 (1) (1) (1)-My4kmh.jpg
datasets\GOOD\IMG-20250215-WA0057 (1) (1) (1).jpg,datasets\GOOD\IMG-20250215-WA0057 (1) (1) (1)-5P93Mf.jpg
datasets\GOOD\IMG-20250215-WA0057 (1) (1)-l8GMvp.jpg,datasets\GOOD\IMG-20250215-WA0057 (1) (1) (1)-5P93Mf.jpg
datasets\GOOD\IMG-20250215-WA0057 (1) (1).jpg,datasets\GOOD\IMG-20250215-WA0057 (1) (1) (1)-5P93Mf.jpg
datasets\GOOD\IMG-20250215-WA0057 (1).jpg,datasets\GOOD\IMG-20250215-WA0057 (1) (1) (1)-5P93Mf.jpg
datasets\GOOD\IMG-20250215-WA0057 (2) (1)-Zs48qB.jpg,datasets\GOOD\IMG-20250215-WA0057 (1) (1) (1)-5P93Mf.jpg
datasets\GOOD\IMG-20250215-WA0057 (2) (1).jpg,datasets\GOOD\IMG-20250215-WA0057 (1) (1) (1)-5P93Mf.jpg
datasets\GOOD\IMG-20250215-WA0057 (2)-QVvgtF.jpg,datasets\GOOD\IMG-20250215-WA0057 (1) (1) (1)-5P93Mf.jpg
datasets\GOOD\IMG-20250215-WA0057 (2).jpg,datasets\GOOD\IMG-20250215-WA0057 (1) (1) (1)-5P93Mf.jpg
datasets\GOOD\IMG-20250215-WA0057 (3).jpg,datasets\GOOD\IMG-20250215-WA0057 (1) (1) (1)-5P93Mf.jpg
datasets\GOOD\IMG-20250215-WA0057-DqyjhZ.jpg,datasets\GOOD\IMG-20250215-WA0057 (1) (1) (1)-5P93Mf.jpg
datasets\GOOD\IMG-20250215-WA0057-zON5yR.jpg,datasets\GOOD\IMG-20250215-WA0057 (1) (1) (1)-5P93Mf.jpg
datasets\GOOD\IMG-20250215-WA0057.jpg,datasets\GOOD\IMG-20250215-WA0057 (1) (1) (1)-5P93Mf.jpg
datasets\GOOD\IMG-20250215-WA0058 (1) (2).jpg,datasets\GOOD\IMG-20250215-WA0058 (1) (1).jpg
datasets\GOOD\IMG-20250215-WA0058 (1)-94jHWs.jpg,datasets\GOOD\IMG-20250215-WA0058 (1) (1).jpg
datasets\GOOD\IMG-20250215-WA0058 (1)-Ww8nWf.jpg,datasets\GOOD\IMG-20250215-WA0058 (1) (1).jpg
datasets\GOOD\IMG-20250215-WA0058 (1).jpg,datasets\GOOD\IMG-20250215-WA0058 (1) (1).jpg
datasets\GOOD\IMG-20250215-WA0058 (2) (1).jpg,datasets\GOOD\IMG-20250215-WA0058 (1) (1).jpg
datasets\GOOD\IMG-20250215-WA0058 (2).jpg,datasets\GOOD\IMG-20250215-WA0058 (1) (1).jpg
datasets\GOOD\IMG-20250215-WA0058-dGYdLa.jpg,datasets\GOOD\IMG-20250215-WA0058 (1) (1).jpg
datasets\GOOD\IMG-20250215-WA0058.jpg,datasets\GOOD\IMG-20250215-WA0058 (1) (1).jpg
datasets\GOOD\IMG-20250215-WA0059 (1) (1)-ft5TWU.jpg,datasets\GOOD\IMG-20250215-WA0059 (1) (1) (1).jpg
datasets\GOOD\IMG-20250215-WA0059 (1) (1)-Q9Gpvn.jpg,datasets\GOOD\IMG-20250215-WA0059 (1) (1) (1).jpg
datasets\GOOD\IMG-20250215-WA0059 (1) (1).jpg,datasets\GOOD\IMG-20250215-WA0059 (1) (1) (1).jpg
datasets\GOOD\IMG-20250215-WA0059 (1)-Ohqxwb.jpg,datasets\GOOD\IMG-20250215-WA0059 (1) (1) (1).jpg
datasets\GOOD\IMG-20250215-WA0059 (1).jpg,datasets\GOOD\IMG-20250215-WA0059 (1) (1) (1).jpg
datasets\GOOD\IMG-20250215-WA0059 (2) (1)-cHG0IB.jpg,datasets\GOOD\IMG-20250215-WA0059 (1) (1) (1).jpg
datasets\GOOD\IMG-20250215-WA0059 (2) (1).jpg,datasets\GOOD\IMG-20250215-WA0059 (1) (1) (1).jpg
datasets\GOOD\IMG-20250215-WA0059 (2)-5Iinne.jpg,datasets\GOOD\IMG-20250215-WA0059 (1) (1) (1).jpg
datasets\GOOD\IMG-20250215-WA0059 (2).jpg,datasets\GOOD\IMG-20250215-WA0059 (1) (1) (1).jpg
datasets\GOOD\IMG-20250215-WA0059 (3).jpg,datasets\GOOD\IMG-20250215-WA0059 (1) (1) (1).jpg
datasets\GOOD\IMG-20250215-WA0059.jpg,datasets\GOOD\IMG-20250215-WA0059 (1) (1) (1).jpg
datasets\GOOD\IMG-20250215-WA0060 (1) (1) (1).jpg,datasets\GOOD\IMG-20250215-WA0060 (1) (1) (1)-U8VrJj.jpg
datasets\GOOD\IMG-20250215-WA0060 (1) (1)-tOUN0k.jpg,datasets\GOOD\IMG-20250215-WA0060 (1) (1) (1)-U8VrJj.jpg
datasets\GOOD\IMG-20250215-WA0060 (1) (1).jpg,datasets\GOOD\IMG-20250215-WA0060 (1) (1) (1)-U8VrJj.jpg
datasets\GOOD\IMG-20250215-WA0060 (1) (2)-IsoKmZ.jpg,datasets\GOOD\IMG-20250215-WA0060 (1) (1) (1)-U8VrJj.jpg
datasets\GOOD\IMG-20250215-WA0060 (1) (2).jpg,datasets\GOOD\IMG-20250215-WA0060 (1) (1) (1)-U8VrJj.jpg
datasets\GOOD\IMG-20250215-WA0060 (1)-ECUHuA.jpg,datasets\GOOD\IMG-20250215-WA0060 (1) (1) (1)-U8VrJj.jpg
datasets\GOOD\IMG-20250215-WA0060 (1).jpg,datasets\GOOD\IMG-20250215-WA0060 (1) (1) (1)-U8VrJj.jpg
datasets\GOOD\IMG-20250215-WA0060 (2) (1).jpg,datasets\GOOD\IMG-20250215-WA0060 (1) (1) (1)-U8VrJj.jpg
datasets\GOOD\IMG-20250215-WA0060 (2).jpg,datasets\GOOD\IMG-20250215-WA0060 (1) (1) (1)-U8VrJj.jpg
datasets\GOOD\IMG-20250215-WA0060.jpg,datasets\GOOD\IMG-20250215-WA0060 (1) (1) (1)-U8VrJj.jpg
datasets\GOOD\IMG-20250215-WA0061 (1) (1)-6MAT7P.jpg,datasets\GOOD\IMG-20250215-WA0061 (1) (1) (1).jpg
datasets\GOOD\IMG-20250215-WA0061 (1) (1).jpg,datasets\GOOD\IMG-20250215-WA0061 (1) (1) (1).jpg
datasets\GOOD\IMG-20250215-WA0061 (1) (2)-qj7LUw.jpg,datasets\GOOD\IMG-20250215-WA0061 (1) (1) (1).jpg
datasets\GOOD\IMG-20250215-WA0061 (1) (2).jpg,datasets\GOOD\IMG-20250215-WA0061 (1) (1) (1).jpg
datasets\GOOD\IMG-20250215-WA0061 (1)-KsYnC9.jpg,datasets\GOOD\IMG-20250215-WA0061 (1) (1) (1).jpg
datasets\GOOD\IMG-20250215-WA0061 (1).jpg,datasets\GOOD\IMG-20250215-WA0061 (1) (1) (1).jpg
datasets\GOOD\IMG-20250215-WA0061 (2)-6yb9cn.jpg,datasets\GOOD\IMG-20250215-WA0061 (1) (1) (1).jpg
datasets\GOOD\IMG-20250215-WA0061 (2)-C5PXaK.jpg,datasets\GOOD\IMG-20250215-WA0061 (1) (1) (1).jpg
datasets\GOOD\IMG-20250215-WA0061 (2).jpg,datasets\GOOD\IMG-20250215-WA0061 (1) (1) (1).jpg
datasets\GOOD\IMG-20250215-WA0061 (3)-M6YpSd.jpg,datasets\GOOD\IMG-20250215-WA0061 (1) (1) (1).jpg
datasets\GOOD\IMG-20250215-WA0061 (3)-prNENC.jpg,datasets\GOOD\IMG-20250215-WA0061 (1) (1) (1).jpg
datasets\GOOD\IMG-20250215-WA0061 (3).jpg,datasets\GOOD\IMG-20250215-WA0061 (1) (1) (1).jpg
datasets\GOOD\IMG-20250215-WA0063 (1) (2)-M1DOh4.jpg,datasets\GOOD\IMG-20250215-WA0063 (1) (1) (1).jpg
datasets\GOOD\IMG-20250215-WA0063 (1) (2)-oIVr0d.jpg,datasets\GOOD\IMG-20250215-WA0063 (1) (1) (1).jpg
datasets\GOOD\IMG-20250215-WA0063 (1) (2).jpg,datasets\GOOD\IMG-20250215-WA0063 (1) (1) (1).jpg
datasets\GOOD\IMG-20250215-WA0063 (1)-5wulJI.jpg,datasets\GOOD\IMG-20250215-WA0063 (1) (1) (1).jpg
datasets\GOOD\IMG-20250215-WA0063 (1).jpg,datasets\GOOD\IMG-20250215-WA0063 (1) (1) (1).jpg
datasets\GOOD\IMG-20250215-WA0063 (2) (1)-kP2zrQ.jpg,datasets\GOOD\IMG-20250215-WA0063 (1) (1) (1).jpg
datasets\GOOD\IMG-20250215-WA0063 (2) (1)-otcEjl.jpg,datasets\GOOD\IMG-20250215-WA0063 (1) (1) (1).jpg
datasets\GOOD\IMG-20250215-WA0063 (2) (1).jpg,datasets\GOOD\IMG-20250215-WA0063 (1) (1) (1).jpg
datasets\GOOD\IMG-20250215-WA0063 (2).jpg,datasets\GOOD\IMG-20250215-WA0063 (1) (1) (1).jpg
datasets\GOOD\IMG-20250215-WA0063 (3).jpg,datasets\GOOD\IMG-20250215-WA0063 (1) (1) (1).jpg
datasets\GOOD\IMG-20250215-WA0063-DxecJm.jpg,datasets\GOOD\IMG-20250215-WA0063 (1) (1) (1).jpg
datasets\GOOD\IMG-20250215-WA0063.jpg,datasets\GOOD\IMG-20250215-WA0063 (1) (1) (1).jpg
datasets\GOOD\IMG-20250215-WA0064 (1) (1) (1).jpg,datasets\GOOD\IMG-20250215-WA0064 (1) (1) (1)-312WKn.jpg
datasets\GOOD\IMG-20250215-WA0064 (1) (1).jpg,datasets\GOOD\IMG-20250215-WA0064 (1) (1) (1)-312WKn.jpg
datasets\GOOD\IMG-20250215-WA0064 (1) (2).jpg,datasets\GOOD\IMG-20250215-WA0064 (1) (1) (1)-312WKn.jpg
datasets\GOOD\IMG-20250215-WA0064 (1)-k3gNSa.jpg,datasets\GOOD\IMG-20250215-WA0064 (1) (1) (1)-312WKn.jpg
datasets\GOOD\IMG-20250215-WA0064 (1).jpg,datasets\GOOD\IMG-20250215-WA0064 (1) (1) (1)-312WKn.jpg
datasets\GOOD\IMG-20250215-WA0064 (2) (1)-LagdHW.jpg,datasets\GOOD\IMG-20250215-WA0064 (1) (1) (1)-312WKn.jpg
datasets\GOOD\IMG-20250215-WA0064 (2) (1).jpg,datasets\GOOD\IMG-20250215-WA0064 (1) (1) (1)-312WKn.jpg
datasets\GOOD\IMG-20250215-WA0064 (2)-UN8vrN.jpg,datasets\GOOD\IMG-20250215-WA0064 (1) (1) (1)-312WKn.jpg
datasets\GOOD\IMG-20250215-WA0064 (2).jpg,datasets\GOOD\IMG-20250215-WA0064 (1) (1) (1)-312WKn.jpg
datasets\GOOD\IMG-20250215-WA0064 (3)-G8XlyA.jpg,datasets\GOOD\IMG-20250215-WA0064 (1) (1) (1)-312WKn.jpg
datasets\GOOD\IMG-20250215-WA0064 (3).jpg,datasets\GOOD\IMG-20250215-WA0064 (1) (1) (1)-312WKn.jpg
datasets\GOOD\IMG-20250215-WA0065 (1) (1) (1).jpg,datasets\GOOD\IMG-20250215-WA0065 (1) (1) (1)-j72Vz6.jpg
datasets\GOOD\IMG-20250215-WA0065 (1) (1).jpg,datasets\GOOD\IMG-20250215-WA0065 (1) (1) (1)-j72Vz6.jpg
datasets\GOOD\IMG-20250215-WA0065 (1) (2)-tEF9ht.jpg,datasets\GOOD\IMG-20250215-WA0065 (1) (1) (1)-j72Vz6.jpg
datasets\GOOD\IMG-20250215-WA0065 (1) (2)-ydB8aD.jpg,datasets\GOOD\IMG-20250215-WA0065 (1) (1) (1)-j72Vz6.jpg
datasets\GOOD\IMG-20250215-WA0065 (1) (2).jpg,datasets\GOOD\IMG-20250215-WA0065 (1) (1) (1)-j72Vz6.jpg
datasets\GOOD\IMG-20250215-WA0065 (1)-F0y04P.jpg,datasets\GOOD\IMG-20250215-WA0065 (1) (1) (1)-j72Vz6.jpg
datasets\GOOD\IMG-20250215-WA0065 (1).jpg,datasets\GOOD\IMG-20250215-WA0065 (1) (1) (1)-j72Vz6.jpg
datasets\GOOD\IMG-20250215-WA0065 (2) (1).jpg,datasets\GOOD\IMG-20250215-WA0065 (1) (1) (1)-j72Vz6.jpg
datasets\GOOD\IMG-20250215-WA0065 (2).jpg,datasets\GOOD\IMG-20250215-WA0065 (1) (1) (1)-j72Vz6.jpg
datasets\GOOD\IMG-20250215-WA0065 (3)-4iYMo0.jpg,datasets\GOOD\IMG-20250215-WA0065 (1) (1) (1)-j72Vz6.jpg
datasets\GOOD\IMG-20250215-WA0065 (3)-M9UL73.jpg,datasets\GOOD\IMG-20250215-WA0065 (1) (1) (1)-j72Vz6.jpg
datasets\GOOD\IMG-20250215-WA0065 (3).jpg,datasets\GOOD\IMG-20250215-WA0065 (1) (1) (1)-j72Vz6.jpg
datasets\GOOD\IMG-20250215-WA0066 (1) (1) (1)-uvMsGw.jpg,datasets\GOOD\IMG-20250215-WA0066 (1) (1) (1)-OFSqZp.jpg
datasets\GOOD\IMG-20250215-WA0066 (1) (1) (1).jpg,datasets\GOOD\IMG-20250215-WA0066 (1) (1) (1)-OFSqZp.jpg
datasets\GOOD\IMG-20250215-WA0066 (1) (1).jpg,datasets\GOOD\IMG-20250215-WA0066 (1) (1) (1)-OFSqZp.jpg
datasets\GOOD\IMG-20250215-WA0066 (1) (2)-aqN8BI.jpg,datasets\GOOD\IMG-20250215-WA0066 (1) (1) (1)-OFSqZp.jpg
datasets\GOOD\IMG-20250215-WA0066 (1) (2)-btu5Q1.jpg,datasets\GOOD\IMG-20250215-WA0066 (1) (1) (1)-OFSqZp.jpg
datasets\GOOD\IMG-20250215-WA0066 (1) (2).jpg,datasets\GOOD\IMG-20250215-WA0066 (1) (1) (1)-OFSqZp.jpg
datasets\GOOD\IMG-20250215-WA0066 (2) (1).jpg,datasets\GOOD\IMG-20250215-WA0066 (1) (1) (1)-OFSqZp.jpg
datasets\GOOD\IMG-20250215-WA0066.jpg,datasets\GOOD\IMG-20250215-WA0066 (1) (1) (1)-OFSqZp.jpg
datasets\GOOD\IMG-20250215-WA0067 (1)-MKY5hN.jpg,datasets\GOOD\IMG-20250215-WA0067 (1) (1).jpg
datasets\GOOD\IMG-20250215-WA0067 (1).jpg,datasets\GOOD\IMG-20250215-WA0067 (1) (1).jpg
datasets\GOOD\IMG-20250215-WA0067 (2) (1)-nKbiLB.jpg,datasets\GOOD\IMG-20250215-WA0067 (1) (1).jpg
datasets\GOOD\IMG-20250215-WA0067 (2) (1).jpg,datasets\GOOD\IMG-20250215-WA0067 (1) (1).jpg
datasets\GOOD\IMG-20250215-WA0067 (2).jpg,datasets\GOOD\IMG-20250215-WA0067 (1) (1).jpg
datasets\GOOD\IMG-20250215-WA0067 (3)-t4dsWy.jpg,datasets\GOOD\IMG-20250215-WA0067 (1) (1).jpg
datasets\GOOD\IMG-20250215-WA0067 (3)-y2hGYq.jpg,datasets\GOOD\IMG-20250215-WA0067 (1) (1).jpg
datasets\GOOD\IMG-20250215-WA0067 (3).jpg,datasets\GOOD\IMG-20250215-WA0067 (1) (1).jpg
datasets\GOOD\IMG-20250215-WA0067.jpg,datasets\GOOD\IMG-20250215-WA0067 (1) (1).jpg
datasets\GOOD\IMG-20250215-WA0069 (1) (2)-DIeGD3.jpg,datasets\GOOD\IMG-20250215-WA0069 (1) (1).jpg
datasets\GOOD\IMG-20250215-WA0069 (1) (2)-NCEHfN.jpg,datasets\GOOD\IMG-20250215-WA0069 (1) (1).jpg
datasets\GOOD\IMG-20250215-WA0069 (1) (2).jpg,datasets\GOOD\IMG-20250215-WA0069 (1) (1).jpg
datasets\GOOD\IMG-20250215-WA0069 (1).jpg,datasets\GOOD\IMG-20250215-WA0069 (1) (1).jpg
datasets\GOOD\IMG-20250215-WA0069 (2) (1)-3BGWOY.jpg,datasets\GOOD\IMG-20250215-WA0069 (1) (1).jpg
datasets\GOOD\IMG-20250215-WA0069 (2) (1).jpg,datasets\GOOD\IMG-20250215-WA0069 (1) (1).jpg
datasets\GOOD\IMG-20250215-WA0069 (2).jpg,datasets\GOOD\IMG-20250215-WA0069 (1) (1).jpg
datasets\GOOD\IMG-20250215-WA0069 (3)-OlvqPY.jpg,datasets\GOOD\IMG-20250215-WA0069 (1) (1).jpg
datasets\GOOD\IMG-20250215-WA0069 (3).jpg,datasets\GOOD\IMG-20250215-WA0069 (1) (1).jpg
datasets\GOOD\IMG-20250215-WA0069-1df3N0.jpg,datasets\GOOD\IMG-20250215-WA0069 (1) (1).jpg
datasets\GOOD\IMG-20250215-WA0069.jpg,datasets\GOOD\IMG-20250215-WA0069 (1) (1).jpg
datasets\GOOD\IMG-20250215-WA0070 (1) (2).jpg,datasets\GOOD\IMG-20250215-WA0070 (1) (1).jpg
datasets\GOOD\IMG-20250215-WA0070 (1)-CWIoJt.jpg,datasets\GOOD\IMG-20250215-WA0070 (1) (1).jpg
datasets\GOOD\IMG-20250215-WA0070 (1)-JoYx2W.jpg,datasets\GOOD\IMG-20250215-WA0070 (1) (1).jpg
datasets\GOOD\IMG-20250215-WA0070 (1).jpg,datasets\GOOD\IMG-20250215-WA0070 (1) (1).jpg
datasets\GOOD\IMG-20250215-WA0070 (2) (1).jpg,datasets\GOOD\IMG-20250215-WA0070 (1) (1).jpg
datasets\GOOD\IMG-20250215-WA0070 (2)-gi648o.jpg,datasets\GOOD\IMG-20250215-WA0070 (1) (1).jpg
datasets\GOOD\IMG-20250215-WA0070 (2)-y5Yv59.jpg,datasets\GOOD\IMG-20250215-WA0070 (1) (1).jpg
datasets\GOOD\IMG-20250215-WA0070 (2).jpg,datasets\GOOD\IMG-20250215-WA0070 (1) (1).jpg
datasets\GOOD\IMG-20250215-WA0070 (3).jpg,datasets\GOOD\IMG-20250215-WA0070 (1) (1).jpg
datasets\GOOD\IMG-20250215-WA0070-723XX4.jpg,datasets\GOOD\IMG-20250215-WA0070 (1) (1).jpg
datasets\GOOD\IMG-20250215-WA0070.jpg,datasets\GOOD\IMG-20250215-WA0070 (1) (1).jpg
datasets\GOOD\IMG-20250215-WA0071 (1) (1)-R6rNQB.jpg,datasets\GOOD\IMG-20250215-WA0071 (1) (1)-8aWu8C.jpg
datasets\GOOD\IMG-20250215-WA0071 (1) (1).jpg,datasets\GOOD\IMG-20250215-WA0071 (1) (1)-8aWu8C.jpg
datasets\GOOD\IMG-20250215-WA0071 (1) (2).jpg,datasets\GOOD\IMG-20250215-WA0071 (1) (1)-8aWu8C.jpg
datasets\GOOD\IMG-20250215-WA0071 (1)-mEfy5y.jpg,datasets\GOOD\IMG-20250215-WA0071 (1) (1)-8aWu8C.jpg
datasets\GOOD\IMG-20250215-WA0071 (1).jpg,datasets\GOOD\IMG-20250215-WA0071 (1) (1)-8aWu8C.jpg
datasets\GOOD\IMG-20250215-WA0071 (2) (1).jpg,datasets\GOOD\IMG-20250215-WA0071 (1) (1)-8aWu8C.jpg
datasets\GOOD\IMG-20250215-WA0071 (2)-blDvJn.jpg,datasets\GOOD\IMG-20250215-WA0071 (1) (1)-8aWu8C.jpg
datasets\GOOD\IMG-20250215-WA0071 (2).jpg,datasets\GOOD\IMG-20250215-WA0071 (1) (1)-8aWu8C.jpg
datasets\GOOD\IMG-20250215-WA0071-R4yWxo.jpg,datasets\GOOD\IMG-20250215-WA0071 (1) (1)-8aWu8C.jpg
datasets\GOOD\IMG-20250215-WA0071.jpg,datasets\GOOD\IMG-20250215-WA0071 (1) (1)-8aWu8C.jpg
datasets\GOOD\IMG-20250215-WA0072 (1) (1)-USQBrZ.jpg,datasets\GOOD\IMG-20250215-WA0072 (1) (1) (1).jpg
datasets\GOOD\IMG-20250215-WA0072 (1) (1).jpg,datasets\GOOD\IMG-20250215-WA0072 (1) (1) (1).jpg
datasets\GOOD\IMG-20250215-WA0072 (1) (2).jpg,datasets\GOOD\IMG-20250215-WA0072 (1) (1) (1).jpg
datasets\GOOD\IMG-20250215-WA0072 (1).jpg,datasets\GOOD\IMG-20250215-WA0072 (1) (1) (1).jpg
datasets\GOOD\IMG-20250215-WA0072 (2) (1).jpg,datasets\GOOD\IMG-20250215-WA0072 (1) (1) (1).jpg
datasets\GOOD\IMG-20250215-WA0072 (2)-erVQcz.jpg,datasets\GOOD\IMG-20250215-WA0072 (1) (1) (1).jpg
datasets\GOOD\IMG-20250215-WA0072 (2)-JqVzi6.jpg,datasets\GOOD\IMG-20250215-WA0072 (1) (1) (1).jpg
datasets\GOOD\IMG-20250215-WA0072 (2).jpg,datasets\GOOD\IMG-20250215-WA0072 (1) (1) (1).jpg
datasets\GOOD\IMG-20250215-WA0072.jpg,datasets\GOOD\IMG-20250215-WA0072 (1) (1) (1).jpg
datasets\GOOD\IMG-20250215-WA0073 (1) (1)-TkMGRs.jpg,datasets\GOOD\IMG-20250215-WA0073 (1) (1) (1).jpg
datasets\GOOD\IMG-20250215-WA0073 (1) (1).jpg,datasets\GOOD\IMG-20250215-WA0073 (1) (1) (1).jpg
datasets\GOOD\IMG-20250215-WA0073 (1) (2).jpg,datasets\GOOD\IMG-20250215-WA0073 (1) (1) (1).jpg
datasets\GOOD\IMG-20250215-WA0073 (1)-4opwRb.jpg,datasets\GOOD\IMG-20250215-WA0073 (1) (1) (1).jpg
datasets\GOOD\IMG-20250215-WA0073 (1).jpg,datasets\GOOD\IMG-20250215-WA0073 (1) (1) (1).jpg
datasets\GOOD\IMG-20250215-WA0073 (2) (1).jpg,datasets\GOOD\IMG-20250215-WA0073 (1) (1) (1).jpg
datasets\GOOD\IMG-20250215-WA0073 (2)-9eEK52.jpg,datasets\GOOD\IMG-20250215-WA0073 (1) (1) (1).jpg
datasets\GOOD\IMG-20250215-WA0073 (2).jpg,datasets\GOOD\IMG-20250215-WA0073 (1) (1) (1).jpg
datasets\GOOD\IMG-20250215-WA0073 (3).jpg,datasets\GOOD\IMG-20250215-WA0073 (1) (1) (1).jpg
datasets\GOOD\IMG-20250215-WA0073-kBT0U6.jpg,datasets\GOOD\IMG-20250215-WA0073 (1) (1) (1).jpg
datasets\GOOD\IMG-20250215-WA0073.jpg,datasets\GOOD\IMG-20250215-WA0073 (1) (1) (1).jpg
datasets\GOOD\IMG-20250215-WA0074 (1) (1) (1).jpg,datasets\GOOD\IMG-20250215-WA0074 (1) (1) (1)-tQBVsx.jpg
datasets\GOOD\IMG-20250215-WA0074 (1) (1).jpg,datasets\GOOD\IMG-20250215-WA0074 (1) (1) (1)-tQBVsx.jpg
datasets\GOOD\IMG-20250215-WA0074 (1)-lQ0D0j.jpg,datasets\GOOD\IMG-20250215-WA0074 (1) (1) (1)-tQBVsx.jpg
datasets\GOOD\IMG-20250215-WA0074 (1)-zlh6kR.jpg,datasets\GOOD\IMG-20250215-WA0074 (1) (1) (1)-tQBVsx.jpg
datasets\GOOD\IMG-20250215-WA0074 (1).jpg,datasets\GOOD\IMG-20250215-WA0074 (1) (1) (1)-tQBVsx.jpg
datasets\GOOD\IMG-20250215-WA0074 (2)-01s3KN.jpg,datasets\GOOD\IMG-20250215-WA0074 (1) (1) (1)-tQBVsx.jpg
datasets\GOOD\IMG-20250215-WA0074 (2)-wS9JiV.jpg,datasets\GOOD\IMG-20250215-WA0074 (1) (1) (1)-tQBVsx.jpg
datasets\GOOD\IMG-20250215-WA0074 (2).jpg,datasets\GOOD\IMG-20250215-WA0074 (1) (1) (1)-tQBVsx.jpg
datasets\GOOD\IMG-20250215-WA0074.jpg,datasets\GOOD\IMG-20250215-WA0074 (1) (1) (1)-tQBVsx.jpg
datasets\GOOD\IMG-20250215-WA0075 (1) (1) (1).jpg,datasets\GOOD\IMG-20250215-WA0075 (1) (1) (1)-8Ert1C.jpg
datasets\GOOD\IMG-20250215-WA0075 (1) (1).jpg,datasets\GOOD\IMG-20250215-WA0075 (1) (1) (1)-8Ert1C.jpg
datasets\GOOD\IMG-20250215-WA0075 (1) (2)-0jyXUz.jpg,datasets\GOOD\IMG-20250215-WA0075 (1) (1) (1)-8Ert1C.jpg
datasets\GOOD\IMG-20250215-WA0075 (1) (2).jpg,datasets\GOOD\IMG-20250215-WA0075 (1) (1) (1)-8Ert1C.jpg
datasets\GOOD\IMG-20250215-WA0075 (1).jpg,datasets\GOOD\IMG-20250215-WA0075 (1) (1) (1)-8Ert1C.jpg
datasets\GOOD\IMG-20250215-WA0075 (2) (1).jpg,datasets\GOOD\IMG-20250215-WA0075 (1) (1) (1)-8Ert1C.jpg
datasets\GOOD\IMG-20250215-WA0075 (2).jpg,datasets\GOOD\IMG-20250215-WA0075 (1) (1) (1)-8Ert1C.jpg
datasets\GOOD\IMG-20250215-WA0075 (3).jpg,datasets\GOOD\IMG-20250215-WA0075 (1) (1) (1)-8Ert1C.jpg
datasets\GOOD\IMG-20250215-WA0075-3ionig.jpg,datasets\GOOD\IMG-20250215-WA0075 (1) (1) (1)-8Ert1C.jpg
datasets\GOOD\IMG-20250215-WA0075.jpg,datasets\GOOD\IMG-20250215-WA0075 (1) (1) (1)-8Ert1C.jpg
datasets\GOOD\IMG-20250215-WA0076 (1) (1)-bCo7Nz.jpg,datasets\GOOD\IMG-20250215-WA0076 (1) (1) (1).jpg
datasets\GOOD\IMG-20250215-WA0076 (1) (1).jpg,datasets\GOOD\IMG-20250215-WA0076 (1) (1) (1).jpg
datasets\GOOD\IMG-20250215-WA0076 (1) (2).jpg,datasets\GOOD\IMG-20250215-WA0076 (1) (1) (1).jpg
datasets\GOOD\IMG-20250215-WA0076 (1)-LwWtvA.jpg,datasets\GOOD\IMG-20250215-WA0076 (1) (1) (1).jpg
datasets\GOOD\IMG-20250215-WA0076 (1).jpg,datasets\GOOD\IMG-20250215-WA0076 (1) (1) (1).jpg
datasets\GOOD\IMG-20250215-WA0076 (2).jpg,datasets\GOOD\IMG-20250215-WA0076 (1) (1) (1).jpg
datasets\GOOD\IMG-20250215-WA0076 (3).jpg,datasets\GOOD\IMG-20250215-WA0076 (1) (1) (1).jpg
datasets\GOOD\IMG-20250215-WA0076-kHbv5n.jpg,datasets\GOOD\IMG-20250215-WA0076 (1) (1) (1).jpg
datasets\GOOD\IMG-20250215-WA0076.jpg,datasets\GOOD\IMG-20250215-WA0076 (1) (1) (1).jpg
datasets\GOOD\IMG-20250215-WA0077 (1) (1)-Fs3r8S.jpg,datasets\GOOD\IMG-20250215-WA0077 (1) (1) (1).jpg
datasets\GOOD\IMG-20250215-WA0077 (1) (1).jpg,datasets\GOOD\IMG-20250215-WA0077 (1) (1) (1).jpg
datasets\GOOD\IMG-20250215-WA0077 (1) (2).jpg,datasets\GOOD\IMG-20250215-WA0077 (1) (1) (1).jpg
datasets\GOOD\IMG-20250215-WA0077 (1)-EFskSX.jpg,datasets\GOOD\IMG-20250215-WA0077 (1) (1) (1).jpg
datasets\GOOD\IMG-20250215-WA0077 (1).jpg,datasets\GOOD\IMG-20250215-WA0077 (1) (1) (1).jpg
datasets\GOOD\IMG-20250215-WA0077 (2) (1).jpg,datasets\GOOD\IMG-20250215-WA0077 (1) (1) (1).jpg
datasets\GOOD\IMG-20250215-WA0077 (2).jpg,datasets\GOOD\IMG-20250215-WA0077 (1) (1) (1).jpg
datasets\GOOD\IMG-20250215-WA0077 (3).jpg,datasets\GOOD\IMG-20250215-WA0077 (1) (1) (1).jpg
datasets\GOOD\IMG-20250215-WA0077-P9Bs75.jpg,datasets\GOOD\IMG-20250215-WA0077 (1) (1) (1).jpg
datasets\GOOD\IMG-20250215-WA0077.jpg,datasets\GOOD\IMG-20250215-WA0077 (1) (1) (1).jpg
datasets\GOOD\IMG-20250215-WA0078 (1) (1)-EhbJ6x.jpg,datasets\GOOD\IMG-20250215-WA0078 (1) (1) (1).jpg
datasets\GOOD\IMG-20250215-WA0078 (1) (1).jpg,datasets\GOOD\IMG-20250215-WA0078 (1) (1) (1).jpg
datasets\GOOD\IMG-20250215-WA0078 (1) (2) copy.jpg,datasets\GOOD\IMG-20250215-WA0078 (1) (1) (1).jpg
datasets\GOOD\IMG-20250215-WA0078 (1) (2)-VXV5Ak.jpg,datasets\GOOD\IMG-20250215-WA0078 (1) (1) (1).jpg
datasets\GOOD\IMG-20250215-WA0078 (1) (2).jpg,datasets\GOOD\IMG-20250215-WA0078 (1) (1) (1).jpg
datasets\GOOD\IMG-20250215-WA0078 (1).jpg,datasets\GOOD\IMG-20250215-WA0078 (1) (1) (1).jpg
datasets\GOOD\IMG-20250215-WA0078 (2).jpg,datasets\GOOD\IMG-20250215-WA0078 (1) (1) (1).jpg
datasets\GOOD\IMG-20250215-WA0078 (3)-RQz10L.jpg,datasets\GOOD\IMG-20250215-WA0078 (1) (1) (1).jpg
datasets\GOOD\IMG-20250215-WA0078 (3).jpg,datasets\GOOD\IMG-20250215-WA0078 (1) (1) (1).jpg
datasets\GOOD\IMG-20250215-WA0078.jpg,datasets\GOOD\IMG-20250215-WA0078 (1) (1) (1).jpg
datasets\BAD\IMG-20250215-WA0000 (1) (1)-b7kCjM.jpg,datasets\BAD\IMG-20250215-WA0000 (1) (1)-b7kCjM copy.jpg
datasets\BAD\IMG-20250215-WA0000 (1) (1)-dm7Wbf.jpg,datasets\BAD\IMG-20250215-WA0000 (1) (1)-b7kCjM copy.jpg
datasets\BAD\IMG-20250215-WA0000 (1) (1)-HzixcC.jpg,datasets\BAD\IMG-20250215-WA0000 (1) (1)-b7kCjM copy.jpg
datasets\BAD\IMG-20250215-WA0000 (1) (1)-JkdvTx.jpg,datasets\BAD\IMG-20250215-WA0000 (1) (1)-b7kCjM copy.jpg
datasets\BAD\IMG-20250215-WA0000 (1) (1)-jTAGgA.jpg,datasets\BAD\IMG-20250215-WA0000 (1) (1)-b7kCjM copy.jpg
datasets\BAD\IMG-20250215-WA0000 (1) (1)-RYFeUj.jpg,datasets\BAD\IMG-20250215-WA0000 (1) (1)-b7kCjM copy.jpg
datasets\BAD\IMG-20250215-WA0000 (1) (1)-smHt0Q.jpg,datasets\BAD\IMG-20250215-WA0000 (1) (1)-b7kCjM copy.jpg
datasets\BAD\IMG-20250215-WA0000 (1) (1)-t7Cbwm.jpg,datasets\BAD\IMG-20250215-WA0000 (1) (1)-b7kCjM copy.jpg
datasets\BAD\IMG-20250215-WA0000 (1) (1).jpg,datasets\BAD\IMG-20250215-WA0000 (1) (1)-b7kCjM copy.jpg
datasets\BAD\IMG-20250215-WA0000 (1) (2).jpg,datasets\BAD\IMG-20250215-WA0000 (1) (1)-b7kCjM copy.jpg
datasets\BAD\IMG-20250215-WA0000 (1)-3MgLbi.jpg,datasets\BAD\IMG-20250215-WA0000 (1) (1)-b7kCjM copy.jpg
datasets\BAD\IMG-20250215-WA0000 (1)-6bdKlB.jpg,datasets\BAD\IMG-20250215-WA0000 (1) (1)-b7kCjM copy.jpg
datasets\BAD\IMG-20250215-WA0000 (1)-GlR92U.jpg,datasets\BAD\IMG-20250215-WA0000 (1) (1)-b7kCjM copy.jpg
datasets\BAD\IMG-20250215-WA0000 (1)-GSONie.jpg,datasets\BAD\IMG-20250215-WA0000 (1) (1)-b7kCjM copy.jpg
datasets\BAD\IMG-20250215-WA0000 (1)-nRN15S.jpg,datasets\BAD\IMG-20250215-WA0000 (1) (1)-b7kCjM copy.jpg
datasets\BAD\IMG-20250215-WA0000 (1)-OYn7gE.jpg,datasets\BAD\IMG-20250215-WA0000 (1) (1)-b7kCjM copy.jpg
datasets\BAD\IMG-20250215-WA0000 (1)-TsF99P.jpg,datasets\BAD\IMG-20250215-WA0000 (1) (1)-b7kCjM copy.jpg
datasets\BAD\IMG-20250215-WA0000 (1)-uqeDKy.jpg,datasets\BAD\IMG-20250215-WA0000 (1) (1)-b7kCjM copy.jpg
datasets\BAD\IMG-20250215-WA0000 (1).jpg,datasets\BAD\IMG-20250215-WA0000 (1) (1)-b7kCjM copy.jpg
datasets\BAD\IMG-20250215-WA0000 (2) (1)-pPWLTS.jpg,datasets\BAD\IMG-20250215-WA0000 (1) (1)-b7kCjM copy.jpg
datasets\BAD\IMG-20250215-WA0000 (2) (1).jpg,datasets\BAD\IMG-20250215-WA0000 (1) (1)-b7kCjM copy.jpg
datasets\BAD\IMG-20250215-WA0000 (2)-fjy4BU.jpg,datasets\BAD\IMG-20250215-WA0000 (1) (1)-b7kCjM copy.jpg
datasets\BAD\IMG-20250215-WA0000 (2)-GiOQVo.jpg,datasets\BAD\IMG-20250215-WA0000 (1) (1)-b7kCjM copy.jpg
datasets\BAD\IMG-20250215-WA0000 (2)-nobLkr.jpg,datasets\BAD\IMG-20250215-WA0000 (1) (1)-b7kCjM copy.jpg
datasets\BAD\IMG-20250215-WA0000 (2)-tm5VzA.jpg,datasets\BAD\IMG-20250215-WA0000 (1) (1)-b7kCjM copy.jpg
datasets\BAD\IMG-20250215-WA0000 (2)-TMgi7C.jpg,datasets\BAD\IMG-20250215-WA0000 (1) (1)-b7kCjM copy.jpg
datasets\BAD\IMG-20250215-WA0000 (2)-WRU0Zk.jpg,datasets\BAD\IMG-20250215-WA0000 (1) (1)-b7kCjM copy.jpg
datasets\BAD\IMG-20250215-WA0000 (2)-YjWwWy.jpg,datasets\BAD\IMG-20250215-WA0000 (1) (1)-b7kCjM copy.jpg
datasets\BAD\IMG-20250215-WA0000 (2).jpg,datasets\BAD\IMG-20250215-WA0000 (1) (1)-b7kCjM copy.jpg
datasets\BAD\IMG-20250215-WA0000 (3)-CegzU6.jpg,datasets\BAD\IMG-20250215-WA0000 (1) (1)-b7kCjM copy.jpg
datasets\BAD\IMG-20250215-WA0000 (3).jpg,datasets\BAD\IMG-20250215-WA0000 (1) (1)-b7kCjM copy.jpg
datasets\BAD\IMG-20250215-WA0000-EcVHnD.jpg,datasets\BAD\IMG-20250215-WA0000 (1) (1)-b7kCjM copy.jpg
datasets\BAD\IMG-20250215-WA0000-ELnNs3.jpg,datasets\BAD\IMG-20250215-WA0000 (1) (1)-b7kCjM copy.jpg
datasets\BAD\IMG-20250215-WA0000-epfQq5.jpg,datasets\BAD\IMG-20250215-WA0000 (1) (1)-b7kCjM copy.jpg
datasets\BAD\IMG-20250215-WA0000-HRTh6t.jpg,datasets\BAD\IMG-20250215-WA0000 (1) (1)-b7kCjM copy.jpg
datasets\BAD\IMG-20250215-WA0000-iiGPMO.jpg,datasets\BAD\IMG-20250215-WA0000 (1) (1)-b7kCjM copy.jpg
datasets\BAD\IMG-20250215-WA0000-jlabR3.jpg,datasets\BAD\IMG-20250215-WA0000 (1) (1)-b7kCjM copy.jpg
datasets\BAD\IMG-20250215-WA0000-pa45BX.jpg,datasets\BAD\IMG-20250215-WA0000 (1) (1)-b7kCjM copy.jpg
datasets\BAD\IMG-20250215-WA0000-Pvjc10.jpg,datasets\BAD\IMG-20250215-WA0000 (1) (1)-b7kCjM copy.jpg
datasets\BAD\IMG-20250215-WA0000-WKuX5c.jpg,datasets\BAD\IMG-20250215-WA0000 (1) (1)-b7kCjM copy.jpg
datasets\BAD\IMG-20250215-WA0000.jpg,datasets\BAD\IMG-20250215-WA0000 (1) (1)-b7kCjM copy.jpg
datasets\BAD\IMG-20250215-WA0001 (1) (1) (1)-XbmfY0.jpg,datasets\BAD\IMG-20250215-WA0001 (1) (1) (1)-1RPAkJ.jpg
datasets\BAD\IMG-20250215-WA0001 (1) (1) (1).jpg,datasets\BAD\IMG-20250215-WA0001 (1) (1) (1)-1RPAkJ.jpg
datasets\BAD\IMG-20250215-WA0001 (1) (1)-244nP6.jpg,datasets\BAD\IMG-20250215-WA0001 (1) (1) (1)-1RPAkJ.jpg
datasets\BAD\IMG-20250215-WA0001 (1) (1)-ajo7vO.jpg,datasets\BAD\IMG-20250215-WA0001 (1) (1) (1)-1RPAkJ.jpg
datasets\BAD\IMG-20250215-WA0001 (1) (1)-AK7EOB.jpg,datasets\BAD\IMG-20250215-WA0001 (1) (1) (1)-1RPAkJ.jpg
datasets\BAD\IMG-20250215-WA0001 (1) (1)-BT72GF.jpg,datasets\BAD\IMG-20250215-WA0001 (1) (1) (1)-1RPAkJ.jpg
datasets\BAD\IMG-20250215-WA0001 (1) (1)-GM5nja.jpg,datasets\BAD\IMG-20250215-WA0001 (1) (1) (1)-1RPAkJ.jpg
datasets\BAD\IMG-20250215-WA0001 (1) (1)-kwMF3P.jpg,datasets\BAD\IMG-20250215-WA0001 (1) (1) (1)-1RPAkJ.jpg
datasets\BAD\IMG-20250215-WA0001 (1) (1)-qzeBUP.jpg,datasets\BAD\IMG-20250215-WA0001 (1) (1) (1)-1RPAkJ.jpg
datasets\BAD\IMG-20250215-WA0001 (1) (1)-RHzXa2.jpg,datasets\BAD\IMG-20250215-WA0001 (1) (1) (1)-1RPAkJ.jpg
datasets\BAD\IMG-20250215-WA0001 (1) (1)-smNZmW.jpg,datasets\BAD\IMG-20250215-WA0001 (1) (1) (1)-1RPAkJ.jpg
datasets\BAD\IMG-20250215-WA0001 (1) (1).jpg,datasets\BAD\IMG-20250215-WA0001 (1) (1) (1)-1RPAkJ.jpg
datasets\BAD\IMG-20250215-WA0001 (1)-4JWvMT.jpg,datasets\BAD\IMG-20250215-WA0001 (1) (1) (1)-1RPAkJ.jpg
datasets\BAD\IMG-20250215-WA0001 (1)-9VfHby.jpg,datasets\BAD\IMG-20250215-WA0001 (1) (1) (1)-1RPAkJ.jpg
datasets\BAD\IMG-20250215-WA0001 (1)-aQplQQ.jpg,datasets\BAD\IMG-20250215-WA0001 (1) (1) (1)-1RPAkJ.jpg
datasets\BAD\IMG-20250215-WA0001 (1)-BaQokc.jpg,datasets\BAD\IMG-20250215-WA0001 (1) (1) (1)-1RPAkJ.jpg
datasets\BAD\IMG-20250215-WA0001 (1)-BIdRnn.jpg,datasets\BAD\IMG-20250215-WA0001 (1) (1) (1)-1RPAkJ.jpg
datasets\BAD\IMG-20250215-WA0001 (1)-oVWrIe.jpg,datasets\BAD\IMG-20250215-WA0001 (1) (1) (1)-1RPAkJ.jpg
datasets\BAD\IMG-20250215-WA0001 (1)-PRkLNG.jpg,datasets\BAD\IMG-20250215-WA0001 (1) (1) (1)-1RPAkJ.jpg
datasets\BAD\IMG-20250215-WA0001 (1)-Sj7qz7.jpg,datasets\BAD\IMG-20250215-WA0001 (1) (1) (1)-1RPAkJ.jpg
datasets\BAD\IMG-20250215-WA0001 (1)-tXTxJB.jpg,datasets\BAD\IMG-20250215-WA0001 (1) (1) (1)-1RPAkJ.jpg
datasets\BAD\IMG-20250215-WA0001 (1)-wufh4m.jpg,datasets\BAD\IMG-20250215-WA0001 (1) (1) (1)-1RPAkJ.jpg
datasets\BAD\IMG-20250215-WA0001 (1).jpg,datasets\BAD\IMG-20250215-WA0001 (1) (1) (1)-1RPAkJ.jpg
datasets\BAD\IMG-20250215-WA0001 (2)-1IuFIN.jpg,datasets\BAD\IMG-20250215-WA0001 (1) (1) (1)-1RPAkJ.jpg
datasets\BAD\IMG-20250215-WA0001 (2)-3wlkmc.jpg,datasets\BAD\IMG-20250215-WA0001 (1) (1) (1)-1RPAkJ.jpg
datasets\BAD\IMG-20250215-WA0001 (2)-6dXe70.jpg,datasets\BAD\IMG-20250215-WA0001 (1) (1) (1)-1RPAkJ.jpg
datasets\BAD\IMG-20250215-WA0001 (2)-79Wy8c.jpg,datasets\BAD\IMG-20250215-WA0001 (1) (1) (1)-1RPAkJ.jpg
datasets\BAD\IMG-20250215-WA0001 (2)-Bibhp8.jpg,datasets\BAD\IMG-20250215-WA0001 (1) (1) (1)-1RPAkJ.jpg
datasets\BAD\IMG-20250215-WA0001 (2)-s15KfI.jpg,datasets\BAD\IMG-20250215-WA0001 (1) (1) (1)-1RPAkJ.jpg
datasets\BAD\IMG-20250215-WA0001 (2)-tShIxT.jpg,datasets\BAD\IMG-20250215-WA0001 (1) (1) (1)-1RPAkJ.jpg
datasets\BAD\IMG-20250215-WA0001 (2)-tXEr6d.jpg,datasets\BAD\IMG-20250215-WA0001 (1) (1) (1)-1RPAkJ.jpg
datasets\BAD\IMG-20250215-WA0001 (2)-tYkEe0.jpg,datasets\BAD\IMG-20250215-WA0001 (1) (1) (1)-1RPAkJ.jpg
datasets\BAD\IMG-20250215-WA0001 (2)-xRq4TB.jpg,datasets\BAD\IMG-20250215-WA0001 (1) (1) (1)-1RPAkJ.jpg
datasets\BAD\IMG-20250215-WA0001 (2).jpg,datasets\BAD\IMG-20250215-WA0001 (1) (1) (1)-1RPAkJ.jpg
datasets\BAD\IMG-20250215-WA0001-6tXVqa.jpg,datasets\BAD\IMG-20250215-WA0001 (1) (1) (1)-1RPAkJ.jpg
datasets\BAD\IMG-20250215-WA0001-8yP5gi.jpg,datasets\BAD\IMG-20250215-WA0001 (1) (1) (1)-1RPAkJ.jpg
datasets\BAD\IMG-20250215-WA0001-AGNwcY.jpg,datasets\BAD\IMG-20250215-WA0001 (1) (1) (1)-1RPAkJ.jpg
datasets\BAD\IMG-20250215-WA0001-MOzxZa.jpg,datasets\BAD\IMG-20250215-WA0001 (1) (1) (1)-1RPAkJ.jpg
datasets\BAD\IMG-20250215-WA0001-okIWK1.jpg,datasets\BAD\IMG-20250215-WA0001 (1) (1) (1)-1RPAkJ.jpg
datasets\BAD\IMG-20250215-WA0001-OWIc2B.jpg,datasets\BAD\IMG-20250215-WA0001 (1) (1) (1)-1RPAkJ.jpg
datasets\BAD\IMG-20250215-WA0001-pnd5t4.jpg,datasets\BAD\IMG-20250215-WA0001 (1) (1) (1)-1RPAkJ.jpg
datasets\BAD\IMG-20250215-WA0001-qhSzqs.jpg,datasets\BAD\IMG-20250215-WA0001 (1) (1) (1)-1RPAkJ.jpg
datasets\BAD\IMG-20250215-WA0001-qyZ1yl.jpg,datasets\BAD\IMG-20250215-WA0001 (1) (1) (1)-1RPAkJ.jpg
datasets\BAD\IMG-20250215-WA0001-U1VMZg.jpg,datasets\BAD\IMG-20250215-WA0001 (1) (1) (1)-1RPAkJ.jpg
datasets\BAD\IMG-20250215-WA0001.jpg,datasets\BAD\IMG-20250215-WA0001 (1) (1) (1)-1RPAkJ.jpg
datasets\BAD\IMG-20250215-WA0002 (1)-84VuOc.jpg,datasets\BAD\IMG-20250215-WA0002 (1)-5H80iS.jpg
datasets\BAD\IMG-20250215-WA0002 (1)-8ErkPx.jpg,datasets\BAD\IMG-20250215-WA0002 (1)-5H80iS.jpg
datasets\BAD\IMG-20250215-WA0002 (1)-8YM7JU.jpg,datasets\BAD\IMG-20250215-WA0002 (1)-5H80iS.jpg
datasets\BAD\IMG-20250215-WA0002 (1)-JISNlZ.jpg,datasets\BAD\IMG-20250215-WA0002 (1)-5H80iS.jpg
datasets\BAD\IMG-20250215-WA0002 (1)-LrAxGF.jpg,datasets\BAD\IMG-20250215-WA0002 (1)-5H80iS.jpg
datasets\BAD\IMG-20250215-WA0002 (1)-oEUZGB.jpg,datasets\BAD\IMG-20250215-WA0002 (1)-5H80iS.jpg
datasets\BAD\IMG-20250215-WA0002 (1)-OTUlyY.jpg,datasets\BAD\IMG-20250215-WA0002 (1)-5H80iS.jpg
datasets\BAD\IMG-20250215-WA0002 (1)-SArsL2.jpg,datasets\BAD\IMG-20250215-WA0002 (1)-5H80iS.jpg
datasets\BAD\IMG-20250215-WA0002 (1)-XhQBEM.jpg,datasets\BAD\IMG-20250215-WA0002 (1)-5H80iS.jpg
datasets\BAD\IMG-20250215-WA0002 (1).jpg,datasets\BAD\IMG-20250215-WA0002 (1)-5H80iS.jpg
datasets\BAD\IMG-20250215-WA0002-5lWZEX.jpg,datasets\BAD\IMG-20250215-WA0002 (1)-5H80iS.jpg
datasets\BAD\IMG-20250215-WA0002-aKS1KU.jpg,datasets\BAD\IMG-20250215-WA0002 (1)-5H80iS.jpg
datasets\BAD\IMG-20250215-WA0002-CQ8p1F.jpg,datasets\BAD\IMG-20250215-WA0002 (1)-5H80iS.jpg
datasets\BAD\IMG-20250215-WA0002-Ml5t4W.jpg,datasets\BAD\IMG-20250215-WA0002 (1)-5H80iS.jpg
datasets\BAD\IMG-20250215-WA0002-QeNZBe.jpg,datasets\BAD\IMG-20250215-WA0002 (1)-5H80iS.jpg
datasets\BAD\IMG-20250215-WA0002-uHQnzW.jpg,datasets\BAD\IMG-20250215-WA0002 (1)-5H80iS.jpg
datasets\BAD\IMG-20250215-WA0002-uz4wj5.jpg,datasets\BAD\IMG-20250215-WA0002 (1)-5H80iS.jpg
datasets\BAD\IMG-20250215-WA0002-Wflqzw.jpg,datasets\BAD\IMG-20250215-WA0002 (1)-5H80iS.jpg
datasets\BAD\IMG-20250215-WA0002-WNYnz4.jpg,datasets\BAD\IMG-20250215-WA0002 (1)-5H80iS.jpg
datasets\BAD\IMG-20250215-WA0002-z10t3p.jpg,datasets\BAD\IMG-20250215-WA0002 (1)-5H80iS.jpg
datasets\BAD\IMG-20250215-WA0002.jpg,datasets\BAD\IMG-20250215-WA0002 (1)-5H80iS.jpg
datasets\BAD\IMG-20250215-WA0003 (1)-9p5S5W.jpg,datasets\BAD\IMG-20250215-WA0003 (1)-3mzzfY.jpg
datasets\BAD\IMG-20250215-WA0003 (1)-amwn5N.jpg,datasets\BAD\IMG-20250215-WA0003 (1)-3mzzfY.jpg
datasets\BAD\IMG-20250215-WA0003 (1)-D4hZ8N.jpg,datasets\BAD\IMG-20250215-WA0003 (1)-3mzzfY.jpg
datasets\BAD\IMG-20250215-WA0003 (1)-gKq2hS.jpg,datasets\BAD\IMG-20250215-WA0003 (1)-3mzzfY.jpg
datasets\BAD\IMG-20250215-WA0003 (1)-ojoKp4.jpg,datasets\BAD\IMG-20250215-WA0003 (1)-3mzzfY.jpg
datasets\BAD\IMG-20250215-WA0003 (1)-qw489i.jpg,datasets\BAD\IMG-20250215-WA0003 (1)-3mzzfY.jpg
datasets\BAD\IMG-20250215-WA0003 (1)-uo6tKQ.jpg,datasets\BAD\IMG-20250215-WA0003 (1)-3mzzfY.jpg
datasets\BAD\IMG-20250215-WA0003 (1)-vXjeGi.jpg,datasets\BAD\IMG-20250215-WA0003 (1)-3mzzfY.jpg
datasets\BAD\IMG-20250215-WA0003 (1)-yfAuja.jpg,datasets\BAD\IMG-20250215-WA0003 (1)-3mzzfY.jpg
datasets\BAD\IMG-20250215-WA0003 (1).jpg,datasets\BAD\IMG-20250215-WA0003 (1)-3mzzfY.jpg
datasets\BAD\IMG-20250215-WA0003-3vYcMH.jpg,datasets\BAD\IMG-20250215-WA0003 (1)-3mzzfY.jpg
datasets\BAD\IMG-20250215-WA0003-5psoof.jpg,datasets\BAD\IMG-20250215-WA0003 (1)-3mzzfY.jpg
datasets\BAD\IMG-20250215-WA0003-60Swv0.jpg,datasets\BAD\IMG-20250215-WA0003 (1)-3mzzfY.jpg
datasets\BAD\IMG-20250215-WA0003-eDZnFk.jpg,datasets\BAD\IMG-20250215-WA0003 (1)-3mzzfY.jpg
datasets\BAD\IMG-20250215-WA0003-JCtqZM.jpg,datasets\BAD\IMG-20250215-WA0003 (1)-3mzzfY.jpg
datasets\BAD\IMG-20250215-WA0003-Lqnk5N.jpg,datasets\BAD\IMG-20250215-WA0003 (1)-3mzzfY.jpg
datasets\BAD\IMG-20250215-WA0003-mUaTqT.jpg,datasets\BAD\IMG-20250215-WA0003 (1)-3mzzfY.jpg
datasets\BAD\IMG-20250215-WA0003-sN72lR.jpg,datasets\BAD\IMG-20250215-WA0003 (1)-3mzzfY.jpg
datasets\BAD\IMG-20250215-WA0003-UAN6i2.jpg,datasets\BAD\IMG-20250215-WA0003 (1)-3mzzfY.jpg
datasets\BAD\IMG-20250215-WA0003-XpQ4tQ.jpg,datasets\BAD\IMG-20250215-WA0003 (1)-3mzzfY.jpg
datasets\BAD\IMG-20250215-WA0003.jpg,datasets\BAD\IMG-20250215-WA0003 (1)-3mzzfY.jpg
datasets\BAD\IMG-20250215-WA0004 (1)-4E81lo.jpg,datasets\BAD\IMG-20250215-WA0004 (1)-0EurcW.jpg
datasets\BAD\IMG-20250215-WA0004 (1)-79Sp5Z.jpg,datasets\BAD\IMG-20250215-WA0004 (1)-0EurcW.jpg
datasets\BAD\IMG-20250215-WA0004 (1)-aaZ9uN.jpg,datasets\BAD\IMG-20250215-WA0004 (1)-0EurcW.jpg
datasets\BAD\IMG-20250215-WA0004 (1)-Efo89X.jpg,datasets\BAD\IMG-20250215-WA0004 (1)-0EurcW.jpg
datasets\BAD\IMG-20250215-WA0004 (1)-Je0LcH.jpg,datasets\BAD\IMG-20250215-WA0004 (1)-0EurcW.jpg
datasets\BAD\IMG-20250215-WA0004 (1)-QR4FGf.jpg,datasets\BAD\IMG-20250215-WA0004 (1)-0EurcW.jpg
datasets\BAD\IMG-20250215-WA0004 (1)-VqTDFc.jpg,datasets\BAD\IMG-20250215-WA0004 (1)-0EurcW.jpg
datasets\BAD\IMG-20250215-WA0004 (1)-Wy7jUS.jpg,datasets\BAD\IMG-20250215-WA0004 (1)-0EurcW.jpg
datasets\BAD\IMG-20250215-WA0004 (1)-Y0SfHx.jpg,datasets\BAD\IMG-20250215-WA0004 (1)-0EurcW.jpg
datasets\BAD\IMG-20250215-WA0004 (1).jpg,datasets\BAD\IMG-20250215-WA0004 (1)-0EurcW.jpg
datasets\BAD\IMG-20250215-WA0004-D5l3aj.jpg,datasets\BAD\IMG-20250215-WA0004 (1)-0EurcW.jpg
datasets\BAD\IMG-20250215-WA0004-g9h2K1.jpg,datasets\BAD\IMG-20250215-WA0004 (1)-0EurcW.jpg
datasets\BAD\IMG-20250215-WA0004-Hu7F5k.jpg,datasets\BAD\IMG-20250215-WA0004 (1)-0EurcW.jpg
datasets\BAD\IMG-20250215-WA0004-m2tXXe.jpg,datasets\BAD\IMG-20250215-WA0004 (1)-0EurcW.jpg
datasets\BAD\IMG-20250215-WA0004-PB6XeQ.jpg,datasets\BAD\IMG-20250215-WA0004 (1)-0EurcW.jpg
datasets\BAD\IMG-20250215-WA0004-qpPqlu.jpg,datasets\BAD\IMG-20250215-WA0004 (1)-0EurcW.jpg
datasets\BAD\IMG-20250215-WA0004-tJHc9g.jpg,datasets\BAD\IMG-20250215-WA0004 (1)-0EurcW.jpg
datasets\BAD\IMG-20250215-WA0004-ve3nvy.jpg,datasets\BAD\IMG-20250215-WA0004 (1)-0EurcW.jpg
datasets\BAD\IMG-20250215-WA0004-WPnBAz.jpg,datasets\BAD\IMG-20250215-WA0004 (1)-0EurcW.jpg
datasets\BAD\IMG-20250215-WA0004-xyapwy.jpg,datasets\BAD\IMG-20250215-WA0004 (1)-0EurcW.jpg
datasets\BAD\IMG-20250215-WA0004.jpg,datasets\BAD\IMG-20250215-WA0004 (1)-0EurcW.jpg
datasets\BAD\IMG-20250215-WA0005 (1)-av4SCC.jpg,datasets\BAD\IMG-20250215-WA0005 (1)-0d3XzM.jpg
datasets\BAD\IMG-20250215-WA0005 (1)-CggnzE.jpg,datasets\BAD\IMG-20250215-WA0005 (1)-0d3XzM.jpg
datasets\BAD\IMG-20250215-WA0005 (1)-etWlFd.jpg,datasets\BAD\IMG-20250215-WA0005 (1)-0d3XzM.jpg
datasets\BAD\IMG-20250215-WA0005 (1)-hTyZzN.jpg,datasets\BAD\IMG-20250215-WA0005 (1)-0d3XzM.jpg
datasets\BAD\IMG-20250215-WA0005 (1)-O2PmpH.jpg,datasets\BAD\IMG-20250215-WA0005 (1)-0d3XzM.jpg
datasets\BAD\IMG-20250215-WA0005 (1)-OpYjHl.jpg,datasets\BAD\IMG-20250215-WA0005 (1)-0d3XzM.jpg
datasets\BAD\IMG-20250215-WA0005 (1)-rvNNVI.jpg,datasets\BAD\IMG-20250215-WA0005 (1)-0d3XzM.jpg
datasets\BAD\IMG-20250215-WA0005 (1)-SoRaTG.jpg,datasets\BAD\IMG-20250215-WA0005 (1)-0d3XzM.jpg
datasets\BAD\IMG-20250215-WA0005 (1)-t8mKvB.jpg,datasets\BAD\IMG-20250215-WA0005 (1)-0d3XzM.jpg
datasets\BAD\IMG-20250215-WA0005 (1).jpg,datasets\BAD\IMG-20250215-WA0005 (1)-0d3XzM.jpg
datasets\BAD\IMG-20250215-WA0005-3bHTKP.jpg,datasets\BAD\IMG-20250215-WA0005 (1)-0d3XzM.jpg
datasets\BAD\IMG-20250215-WA0005-bJCjx3.jpg,datasets\BAD\IMG-20250215-WA0005 (1)-0d3XzM.jpg
datasets\BAD\IMG-20250215-WA0005-BymQMR.jpg,datasets\BAD\IMG-20250215-WA0005 (1)-0d3XzM.jpg
datasets\BAD\IMG-20250215-WA0005-LVTqTG.jpg,datasets\BAD\IMG-20250215-WA0005 (1)-0d3XzM.jpg
datasets\BAD\IMG-20250215-WA0005-P87Rqw.jpg,datasets\BAD\IMG-20250215-WA0005 (1)-0d3XzM.jpg
datasets\BAD\IMG-20250215-WA0005-QCaNT6.jpg,datasets\BAD\IMG-20250215-WA0005 (1)-0d3XzM.jpg
datasets\BAD\IMG-20250215-WA0005-t2xJH3.jpg,datasets\BAD\IMG-20250215-WA0005 (1)-0d3XzM.jpg
datasets\BAD\IMG-20250215-WA0005-Vag0G2.jpg,datasets\BAD\IMG-20250215-WA0005 (1)-0d3XzM.jpg
datasets\BAD\IMG-20250215-WA0005-Yo4Wwp.jpg,datasets\BAD\IMG-20250215-WA0005 (1)-0d3XzM.jpg
datasets\BAD\IMG-20250215-WA0005-YoYMuR.jpg,datasets\BAD\IMG-20250215-WA0005 (1)-0d3XzM.jpg
datasets\BAD\IMG-20250215-WA0005.jpg,datasets\BAD\IMG-20250215-WA0005 (1)-0d3XzM.jpg
datasets\BAD\IMG-20250215-WA0006 (1)-3MICP2.jpg,datasets\BAD\IMG-20250215-WA0006 (1)-1iLupr.jpg
datasets\BAD\IMG-20250215-WA0006 (1)-dyKA3g.jpg,datasets\BAD\IMG-20250215-WA0006 (1)-1iLupr.jpg
datasets\BAD\IMG-20250215-WA0006 (1)-ElXnGq.jpg,datasets\BAD\IMG-20250215-WA0006 (1)-1iLupr.jpg
datasets\BAD\IMG-20250215-WA0006 (1)-i391eq.jpg,datasets\BAD\IMG-20250215-WA0006 (1)-1iLupr.jpg
datasets\BAD\IMG-20250215-WA0006 (1)-jS3SBq.jpg,datasets\BAD\IMG-20250215-WA0006 (1)-1iLupr.jpg
datasets\BAD\IMG-20250215-WA0006 (1)-KYzlSW.jpg,datasets\BAD\IMG-20250215-WA0006 (1)-1iLupr.jpg
datasets\BAD\IMG-20250215-WA0006 (1)-SwDlyI.jpg,datasets\BAD\IMG-20250215-WA0006 (1)-1iLupr.jpg
datasets\BAD\IMG-20250215-WA0006 (1)-vRoCIY.jpg,datasets\BAD\IMG-20250215-WA0006 (1)-1iLupr.jpg
datasets\BAD\IMG-20250215-WA0006 (1)-vwnmSZ.jpg,datasets\BAD\IMG-20250215-WA0006 (1)-1iLupr.jpg
datasets\BAD\IMG-20250215-WA0006 (1).jpg,datasets\BAD\IMG-20250215-WA0006 (1)-1iLupr.jpg
datasets\BAD\IMG-20250215-WA0006-5YRUIE.jpg,datasets\BAD\IMG-20250215-WA0006 (1)-1iLupr.jpg
datasets\BAD\IMG-20250215-WA0006-6TKWpI.jpg,datasets\BAD\IMG-20250215-WA0006 (1)-1iLupr.jpg
datasets\BAD\IMG-20250215-WA0006-b9Oa8H.jpg,datasets\BAD\IMG-20250215-WA0006 (1)-1iLupr.jpg
datasets\BAD\IMG-20250215-WA0006-bT9UUO.jpg,datasets\BAD\IMG-20250215-WA0006 (1)-1iLupr.jpg
datasets\BAD\IMG-20250215-WA0006-HvBBGY.jpg,datasets\BAD\IMG-20250215-WA0006 (1)-1iLupr.jpg
datasets\BAD\IMG-20250215-WA0006-i4tfEe.jpg,datasets\BAD\IMG-20250215-WA0006 (1)-1iLupr.jpg
datasets\BAD\IMG-20250215-WA0006-Inc8dp.jpg,datasets\BAD\IMG-20250215-WA0006 (1)-1iLupr.jpg
datasets\BAD\IMG-20250215-WA0006-xOOHx6.jpg,datasets\BAD\IMG-20250215-WA0006 (1)-1iLupr.jpg
datasets\BAD\IMG-20250215-WA0006-YKuBCU.jpg,datasets\BAD\IMG-20250215-WA0006 (1)-1iLupr.jpg
datasets\BAD\IMG-20250215-WA0006-YPzwDf.jpg,datasets\BAD\IMG-20250215-WA0006 (1)-1iLupr.jpg
datasets\BAD\IMG-20250215-WA0006.jpg,datasets\BAD\IMG-20250215-WA0006 (1)-1iLupr.jpg
datasets\BAD\IMG-20250215-WA0007 (1)-BDzFo8.jpg,datasets\BAD\IMG-20250215-WA0007 (1)-5KhtkP.jpg
datasets\BAD\IMG-20250215-WA0007 (1)-ka8XTw.jpg,datasets\BAD\IMG-20250215-WA0007 (1)-5KhtkP.jpg
datasets\BAD\IMG-20250215-WA0007 (1)-QcgoAW.jpg,datasets\BAD\IMG-20250215-WA0007 (1)-5KhtkP.jpg
datasets\BAD\IMG-20250215-WA0007 (1)-shc5L9.jpg,datasets\BAD\IMG-20250215-WA0007 (1)-5KhtkP.jpg
datasets\BAD\IMG-20250215-WA0007 (1)-UNOPgG.jpg,datasets\BAD\IMG-20250215-WA0007 (1)-5KhtkP.jpg
datasets\BAD\IMG-20250215-WA0007 (1)-V8cOnu.jpg,datasets\BAD\IMG-20250215-WA0007 (1)-5KhtkP.jpg
datasets\BAD\IMG-20250215-WA0007 (1)-VXjmZu.jpg,datasets\BAD\IMG-20250215-WA0007 (1)-5KhtkP.jpg
datasets\BAD\IMG-20250215-WA0007 (1)-w6hGli.jpg,datasets\BAD\IMG-20250215-WA0007 (1)-5KhtkP.jpg
datasets\BAD\IMG-20250215-WA0007 (1)-WKA8Wt.jpg,datasets\BAD\IMG-20250215-WA0007 (1)-5KhtkP.jpg
datasets\BAD\IMG-20250215-WA0007 (1).jpg,datasets\BAD\IMG-20250215-WA0007 (1)-5KhtkP.jpg
datasets\BAD\IMG-20250215-WA0007-CaaBZA.jpg,datasets\BAD\IMG-20250215-WA0007 (1)-5KhtkP.jpg
datasets\BAD\IMG-20250215-WA0007-DQw7kL.jpg,datasets\BAD\IMG-20250215-WA0007 (1)-5KhtkP.jpg
datasets\BAD\IMG-20250215-WA0007-hh5zwQ.jpg,datasets\BAD\IMG-20250215-WA0007 (1)-5KhtkP.jpg
datasets\BAD\IMG-20250215-WA0007-qv1OV9.jpg,datasets\BAD\IMG-20250215-WA0007 (1)-5KhtkP.jpg
datasets\BAD\IMG-20250215-WA0007-Tqkvp2.jpg,datasets\BAD\IMG-20250215-WA0007 (1)-5KhtkP.jpg
datasets\BAD\IMG-20250215-WA0007-UBLLhI.jpg,datasets\BAD\IMG-20250215-WA0007 (1)-5KhtkP.jpg
datasets\BAD\IMG-20250215-WA0007-voNd4m.jpg,datasets\BAD\IMG-20250215-WA0007 (1)-5KhtkP.jpg
datasets\BAD\IMG-20250215-WA0007-Xlb8Ic.jpg,datasets\BAD\IMG-20250215-WA0007 (1)-5KhtkP.jpg
datasets\BAD\IMG-20250215-WA0007-xljVAo.jpg,datasets\BAD\IMG-20250215-WA0007 (1)-5KhtkP.jpg
datasets\BAD\IMG-20250215-WA0007-yHmZwt.jpg,datasets\BAD\IMG-20250215-WA0007 (1)-5KhtkP.jpg
datasets\BAD\IMG-20250215-WA0007.jpg,datasets\BAD\IMG-20250215-WA0007 (1)-5KhtkP.jpg
datasets\BAD\IMG-20250215-WA0008-9TKXSa.jpg,datasets\BAD\IMG-20250215-WA0008-5hJjgC.jpg
datasets\BAD\IMG-20250215-WA0008-by3OYz.jpg,datasets\BAD\IMG-20250215-WA0008-5hJjgC.jpg
datasets\BAD\IMG-20250215-WA0008-Jfw9mZ.jpg,datasets\BAD\IMG-20250215-WA0008-5hJjgC.jpg
datasets\BAD\IMG-20250215-WA0008-pIjNcn.jpg,datasets\BAD\IMG-20250215-WA0008-5hJjgC.jpg
datasets\BAD\IMG-20250215-WA0008-QIECKP.jpg,datasets\BAD\IMG-20250215-WA0008-5hJjgC.jpg
datasets\BAD\IMG-20250215-WA0008-R5vGNA.jpg,datasets\BAD\IMG-20250215-WA0008-5hJjgC.jpg
datasets\BAD\IMG-20250215-WA0008-RfV2jd.jpg,datasets\BAD\IMG-20250215-WA0008-5hJjgC.jpg
datasets\BAD\IMG-20250215-WA0008-rGiSJm.jpg,datasets\BAD\IMG-20250215-WA0008-5hJjgC.jpg
datasets\BAD\IMG-20250215-WA0008-W4k1f3.jpg,datasets\BAD\IMG-20250215-WA0008-5hJjgC.jpg
datasets\BAD\IMG-20250215-WA0008.jpg,datasets\BAD\IMG-20250215-WA0008-5hJjgC.jpg
datasets\BAD\IMG-20250215-WA0009-5uwPMi.jpg,datasets\BAD\IMG-20250215-WA0009-10p9lE.jpg
datasets\BAD\IMG-20250215-WA0009-984DPu.jpg,datasets\BAD\IMG-20250215-WA0009-10p9lE.jpg
datasets\BAD\IMG-20250215-WA0009-hEIbtm.jpg,datasets\BAD\IMG-20250215-WA0009-10p9lE.jpg
datasets\BAD\IMG-20250215-WA0009-pxQ4Af.jpg,datasets\BAD\IMG-20250215-WA0009-10p9lE.jpg
datasets\BAD\IMG-20250215-WA0009-QdB5tn.jpg,datasets\BAD\IMG-20250215-WA0009-10p9lE.jpg
datasets\BAD\IMG-20250215-WA0009-xfVJlL.jpg,datasets\BAD\IMG-20250215-WA0009-10p9lE.jpg
datasets\BAD\IMG-20250215-WA0009-xiJ231.jpg,datasets\BAD\IMG-20250215-WA0009-10p9lE.jpg
datasets\BAD\IMG-20250215-WA0009-YltHtD.jpg,datasets\BAD\IMG-20250215-WA0009-10p9lE.jpg
datasets\BAD\IMG-20250215-WA0009-ZVnqn1.jpg,datasets\BAD\IMG-20250215-WA0009-10p9lE.jpg
datasets\BAD\IMG-20250215-WA0009.jpg,datasets\BAD\IMG-20250215-WA0009-10p9lE.jpg
datasets\BAD\IMG-20250215-WA0010-G1sy7e.jpg,datasets\BAD\IMG-20250215-WA0010-FRSNBC.jpg
datasets\BAD\IMG-20250215-WA0010-gfVWzW.jpg,datasets\BAD\IMG-20250215-WA0010-FRSNBC.jpg
datasets\BAD\IMG-20250215-WA0010-hinqJY.jpg,datasets\BAD\IMG-20250215-WA0010-FRSNBC.jpg
datasets\BAD\IMG-20250215-WA0010-iH16aX.jpg,datasets\BAD\IMG-20250215-WA0010-FRSNBC.jpg
datasets\BAD\IMG-20250215-WA0010-Lgie5R.jpg,datasets\BAD\IMG-20250215-WA0010-FRSNBC.jpg
datasets\BAD\IMG-20250215-WA0010-nHYU9Y.jpg,datasets\BAD\IMG-20250215-WA0010-FRSNBC.jpg
datasets\BAD\IMG-20250215-WA0010-onPDY7.jpg,datasets\BAD\IMG-20250215-WA0010-FRSNBC.jpg
datasets\BAD\IMG-20250215-WA0010-qmhvl2.jpg,datasets\BAD\IMG-20250215-WA0010-FRSNBC.jpg
datasets\BAD\IMG-20250215-WA0010-UmRV7T.jpg,datasets\BAD\IMG-20250215-WA0010-FRSNBC.jpg
datasets\BAD\IMG-20250215-WA0010.jpg,datasets\BAD\IMG-20250215-WA0010-FRSNBC.jpg
datasets\BAD\IMG-20250215-WA0011-4Sb2lB.jpg,datasets\BAD\IMG-20250215-WA0011-1F06Mb.jpg
datasets\BAD\IMG-20250215-WA0011-4ToYBY.jpg,datasets\BAD\IMG-20250215-WA0011-1F06Mb.jpg
datasets\BAD\IMG-20250215-WA0011-6xqGVv.jpg,datasets\BAD\IMG-20250215-WA0011-1F06Mb.jpg
datasets\BAD\IMG-20250215-WA0011-d1Zj6U.jpg,datasets\BAD\IMG-20250215-WA0011-1F06Mb.jpg
datasets\BAD\IMG-20250215-WA0011-jDt6bN.jpg,datasets\BAD\IMG-20250215-WA0011-1F06Mb.jpg
datasets\BAD\IMG-20250215-WA0011-LACezh.jpg,datasets\BAD\IMG-20250215-WA0011-1F06Mb.jpg
datasets\BAD\IMG-20250215-WA0011-UzsKsH.jpg,datasets\BAD\IMG-20250215-WA0011-1F06Mb.jpg
datasets\BAD\IMG-20250215-WA0011-WTwDQt.jpg,datasets\BAD\IMG-20250215-WA0011-1F06Mb.jpg
datasets\BAD\IMG-20250215-WA0011-XTatCI.jpg,datasets\BAD\IMG-20250215-WA0011-1F06Mb.jpg
datasets\BAD\IMG-20250215-WA0011.jpg,datasets\BAD\IMG-20250215-WA0011-1F06Mb.jpg
datasets\BAD\IMG-20250215-WA0012-1AOvrX.jpg,datasets\BAD\IMG-20250215-WA0012-0NtRyJ.jpg
datasets\BAD\IMG-20250215-WA0012-4MkvGz.jpg,datasets\BAD\IMG-20250215-WA0012-0NtRyJ.jpg
datasets\BAD\IMG-20250215-WA0012-87Z6UC.jpg,datasets\BAD\IMG-20250215-WA0012-0NtRyJ.jpg
datasets\BAD\IMG-20250215-WA0012-CEafmf.jpg,datasets\BAD\IMG-20250215-WA0012-0NtRyJ.jpg
datasets\BAD\IMG-20250215-WA0012-HBtUAj.jpg,datasets\BAD\IMG-20250215-WA0012-0NtRyJ.jpg
datasets\BAD\IMG-20250215-WA0012-qamFAJ.jpg,datasets\BAD\IMG-20250215-WA0012-0NtRyJ.jpg
datasets\BAD\IMG-20250215-WA0012-vOLNut.jpg,datasets\BAD\IMG-20250215-WA0012-0NtRyJ.jpg
datasets\BAD\IMG-20250215-WA0012-xq5dPY.jpg,datasets\BAD\IMG-20250215-WA0012-0NtRyJ.jpg
datasets\BAD\IMG-20250215-WA0012-Z5N6LJ.jpg,datasets\BAD\IMG-20250215-WA0012-0NtRyJ.jpg
datasets\BAD\IMG-20250215-WA0012.jpg,datasets\BAD\IMG-20250215-WA0012-0NtRyJ.jpg
datasets\BAD\IMG-20250215-WA0013-8Spm3i.jpg,datasets\BAD\IMG-20250215-WA0013-5kbcRf.jpg
datasets\BAD\IMG-20250215-WA0013-az8Nyo.jpg,datasets\BAD\IMG-20250215-WA0013-5kbcRf.jpg
datasets\BAD\IMG-20250215-WA0013-gOAsVC.jpg,datasets\BAD\IMG-20250215-WA0013-5kbcRf.jpg
datasets\BAD\IMG-20250215-WA0013-iKbqJm.jpg,datasets\BAD\IMG-20250215-WA0013-5kbcRf.jpg
datasets\BAD\IMG-20250215-WA0013-pfJMCB.jpg,datasets\BAD\IMG-20250215-WA0013-5kbcRf.jpg
datasets\BAD\IMG-20250215-WA0013-Q5JcOu.jpg,datasets\BAD\IMG-20250215-WA0013-5kbcRf.jpg
datasets\BAD\IMG-20250215-WA0013-s4EPYc.jpg,datasets\BAD\IMG-20250215-WA0013-5kbcRf.jpg
datasets\BAD\IMG-20250215-WA0013-vyKfwX.jpg,datasets\BAD\IMG-20250215-WA0013-5kbcRf.jpg
datasets\BAD\IMG-20250215-WA0013-YZbARV.jpg,datasets\BAD\IMG-20250215-WA0013-5kbcRf.jpg
datasets\BAD\IMG-20250215-WA0013.jpg,datasets\BAD\IMG-20250215-WA0013-5kbcRf.jpg
datasets\BAD\IMG-20250215-WA0014-51zbgi.jpg,datasets\BAD\IMG-20250215-WA0014-4eoVHJ.jpg
datasets\BAD\IMG-20250215-WA0014-5lxcBw.jpg,datasets\BAD\IMG-20250215-WA0014-4eoVHJ.jpg
datasets\BAD\IMG-20250215-WA0014-CVJQYQ.jpg,datasets\BAD\IMG-20250215-WA0014-4eoVHJ.jpg
datasets\BAD\IMG-20250215-WA0014-fszZ3z.jpg,datasets\BAD\IMG-20250215-WA0014-4eoVHJ.jpg
datasets\BAD\IMG-20250215-WA0014-IFoVFC.jpg,datasets\BAD\IMG-20250215-WA0014-4eoVHJ.jpg
datasets\BAD\IMG-20250215-WA0014-J6u6HU.jpg,datasets\BAD\IMG-20250215-WA0014-4eoVHJ.jpg
datasets\BAD\IMG-20250215-WA0014-OdcGme.jpg,datasets\BAD\IMG-20250215-WA0014-4eoVHJ.jpg
datasets\BAD\IMG-20250215-WA0014-oHzXGb.jpg,datasets\BAD\IMG-20250215-WA0014-4eoVHJ.jpg
datasets\BAD\IMG-20250215-WA0014-V8qV3o.jpg,datasets\BAD\IMG-20250215-WA0014-4eoVHJ.jpg
datasets\BAD\IMG-20250215-WA0014.jpg,datasets\BAD\IMG-20250215-WA0014-4eoVHJ.jpg
datasets\BAD\IMG-20250215-WA0015-bnKf3n.jpg,datasets\BAD\IMG-20250215-WA0015-BfnZ7E.jpg
datasets\BAD\IMG-20250215-WA0015-ltmwZP.jpg,datasets\BAD\IMG-20250215-WA0015-BfnZ7E.jpg
datasets\BAD\IMG-20250215-WA0015-PFKFQZ.jpg,datasets\BAD\IMG-20250215-WA0015-BfnZ7E.jpg
datasets\BAD\IMG-20250215-WA0015-Rtyoe2.jpg,datasets\BAD\IMG-20250215-WA0015-BfnZ7E.jpg
datasets\BAD\IMG-20250215-WA0015-suU7md.jpg,datasets\BAD\IMG-20250215-WA0015-BfnZ7E.jpg
datasets\BAD\IMG-20250215-WA0015-UTSlu8.jpg,datasets\BAD\IMG-20250215-WA0015-BfnZ7E.jpg
datasets\BAD\IMG-20250215-WA0015-wIO0Wr.jpg,datasets\BAD\IMG-20250215-WA0015-BfnZ7E.jpg
datasets\BAD\IMG-20250215-WA0015-yseUOY.jpg,datasets\BAD\IMG-20250215-WA0015-BfnZ7E.jpg
datasets\BAD\IMG-20250215-WA0015-zkehvo.jpg,datasets\BAD\IMG-20250215-WA0015-BfnZ7E.jpg
datasets\BAD\IMG-20250215-WA0015.jpg,datasets\BAD\IMG-20250215-WA0015-BfnZ7E.jpg
datasets\BAD\IMG-20250215-WA0016-7RoB03.jpg,datasets\BAD\IMG-20250215-WA0016-4BZkkb.jpg
datasets\BAD\IMG-20250215-WA0016-c8Rrxf.jpg,datasets\BAD\IMG-20250215-WA0016-4BZkkb.jpg
datasets\BAD\IMG-20250215-WA0016-elA5Ck.jpg,datasets\BAD\IMG-20250215-WA0016-4BZkkb.jpg
datasets\BAD\IMG-20250215-WA0016-jkrJPi.jpg,datasets\BAD\IMG-20250215-WA0016-4BZkkb.jpg
datasets\BAD\IMG-20250215-WA0016-LROjLz.jpg,datasets\BAD\IMG-20250215-WA0016-4BZkkb.jpg
datasets\BAD\IMG-20250215-WA0016-NJUZEF.jpg,datasets\BAD\IMG-20250215-WA0016-4BZkkb.jpg
datasets\BAD\IMG-20250215-WA0016-OSdtwP.jpg,datasets\BAD\IMG-20250215-WA0016-4BZkkb.jpg
datasets\BAD\IMG-20250215-WA0016-pplMhr.jpg,datasets\BAD\IMG-20250215-WA0016-4BZkkb.jpg
datasets\BAD\IMG-20250215-WA0016-qbbrHy.jpg,datasets\BAD\IMG-20250215-WA0016-4BZkkb.jpg
datasets\BAD\IMG-20250215-WA0016.jpg,datasets\BAD\IMG-20250215-WA0016-4BZkkb.jpg
datasets\BAD\IMG-20250215-WA0017-dLw0Xm.jpg,datasets\BAD\IMG-20250215-WA0017-DBW5XO.jpg
datasets\BAD\IMG-20250215-WA0017-ILqlq7.jpg,datasets\BAD\IMG-20250215-WA0017-DBW5XO.jpg
datasets\BAD\IMG-20250215-WA0017-nsJAIZ.jpg,datasets\BAD\IMG-20250215-WA0017-DBW5XO.jpg
datasets\BAD\IMG-20250215-WA0017-rkLdrN.jpg,datasets\BAD\IMG-20250215-WA0017-DBW5XO.jpg
datasets\BAD\IMG-20250215-WA0017-sgnOYI.jpg,datasets\BAD\IMG-20250215-WA0017-DBW5XO.jpg
datasets\BAD\IMG-20250215-WA0017-xZjUZ0.jpg,datasets\BAD\IMG-20250215-WA0017-DBW5XO.jpg
datasets\BAD\IMG-20250215-WA0017-Y9Z2Ms.jpg,datasets\BAD\IMG-20250215-WA0017-DBW5XO.jpg
datasets\BAD\IMG-20250215-WA0017-Yx9R8g.jpg,datasets\BAD\IMG-20250215-WA0017-DBW5XO.jpg
datasets\BAD\IMG-20250215-WA0017-Zqe8oz.jpg,datasets\BAD\IMG-20250215-WA0017-DBW5XO.jpg
datasets\BAD\IMG-20250215-WA0017.jpg,datasets\BAD\IMG-20250215-WA0017-DBW5XO.jpg
datasets\BAD\IMG-20250215-WA0018-cz2uKd.jpg,datasets\BAD\IMG-20250215-WA0018-5lDb2Y.jpg
datasets\BAD\IMG-20250215-WA0018-hgOexw.jpg,datasets\BAD\IMG-20250215-WA0018-5lDb2Y.jpg
datasets\BAD\IMG-20250215-WA0018-OKqBYa.jpg,datasets\BAD\IMG-20250215-WA0018-5lDb2Y.jpg
datasets\BAD\IMG-20250215-WA0018-PRJjOp.jpg,datasets\BAD\IMG-20250215-WA0018-5lDb2Y.jpg
datasets\BAD\IMG-20250215-WA0018-U9bmhX.jpg,datasets\BAD\IMG-20250215-WA0018-5lDb2Y.jpg
datasets\BAD\IMG-20250215-WA0018-UF9xgK.jpg,datasets\BAD\IMG-20250215-WA0018-5lDb2Y.jpg
datasets\BAD\IMG-20250215-WA0018-UTUgnI.jpg,datasets\BAD\IMG-20250215-WA0018-5lDb2Y.jpg
datasets\BAD\IMG-20250215-WA0018-VUMAMq.jpg,datasets\BAD\IMG-20250215-WA0018-5lDb2Y.jpg
datasets\BAD\IMG-20250215-WA0018-VzqmAj.jpg,datasets\BAD\IMG-20250215-WA0018-5lDb2Y.jpg
datasets\BAD\IMG-20250215-WA0018.jpg,datasets\BAD\IMG-20250215-WA0018-5lDb2Y.jpg
datasets\BAD\IMG-20250215-WA0019-bst0kt.jpg,datasets\BAD\IMG-20250215-WA0019-6yuMww.jpg
datasets\BAD\IMG-20250215-WA0019-Fft6X0.jpg,datasets\BAD\IMG-20250215-WA0019-6yuMww.jpg
datasets\BAD\IMG-20250215-WA0019-iPgXwI.jpg,datasets\BAD\IMG-20250215-WA0019-6yuMww.jpg
datasets\BAD\IMG-20250215-WA0019-Kv8t8L.jpg,datasets\BAD\IMG-20250215-WA0019-6yuMww.jpg
datasets\BAD\IMG-20250215-WA0019-mlEKWp.jpg,datasets\BAD\IMG-20250215-WA0019-6yuMww.jpg
datasets\BAD\IMG-20250215-WA0019-ObBAEg.jpg,datasets\BAD\IMG-20250215-WA0019-6yuMww.jpg
datasets\BAD\IMG-20250215-WA0019-SODsCl.jpg,datasets\BAD\IMG-20250215-WA0019-6yuMww.jpg
datasets\BAD\IMG-20250215-WA0019-y09BRv.jpg,datasets\BAD\IMG-20250215-WA0019-6yuMww.jpg
datasets\BAD\IMG-20250215-WA0019-YFKJqF.jpg,datasets\BAD\IMG-20250215-WA0019-6yuMww.jpg
datasets\BAD\IMG-20250215-WA0019.jpg,datasets\BAD\IMG-20250215-WA0019-6yuMww.jpg
datasets\BAD\IMG-20250215-WA0020-D2wxN1.jpg,datasets\BAD\IMG-20250215-WA0020-b7oqaD.jpg
datasets\BAD\IMG-20250215-WA0020-IlkrVQ.jpg,datasets\BAD\IMG-20250215-WA0020-b7oqaD.jpg
datasets\BAD\IMG-20250215-WA0020-iQfE2b.jpg,datasets\BAD\IMG-20250215-WA0020-b7oqaD.jpg
datasets\BAD\IMG-20250215-WA0020-k0SIif.jpg,datasets\BAD\IMG-20250215-WA0020-b7oqaD.jpg
datasets\BAD\IMG-20250215-WA0020-l9eFlP.jpg,datasets\BAD\IMG-20250215-WA0020-b7oqaD.jpg
datasets\BAD\IMG-20250215-WA0020-lHEC6b.jpg,datasets\BAD\IMG-20250215-WA0020-b7oqaD.jpg
datasets\BAD\IMG-20250215-WA0020-NFelPZ.jpg,datasets\BAD\IMG-20250215-WA0020-b7oqaD.jpg
datasets\BAD\IMG-20250215-WA0020-t69wgV.jpg,datasets\BAD\IMG-20250215-WA0020-b7oqaD.jpg
datasets\BAD\IMG-20250215-WA0020-Zsy6qO.jpg,datasets\BAD\IMG-20250215-WA0020-b7oqaD.jpg
datasets\BAD\IMG-20250215-WA0020.jpg,datasets\BAD\IMG-20250215-WA0020-b7oqaD.jpg
datasets\BAD\IMG-20250215-WA0021-G8c67Y.jpg,datasets\BAD\IMG-20250215-WA0021-CneNpn.jpg
datasets\BAD\IMG-20250215-WA0021-iBpXvn.jpg,datasets\BAD\IMG-20250215-WA0021-CneNpn.jpg
datasets\BAD\IMG-20250215-WA0021-IpBREf.jpg,datasets\BAD\IMG-20250215-WA0021-CneNpn.jpg
datasets\BAD\IMG-20250215-WA0021-QDStcr.jpg,datasets\BAD\IMG-20250215-WA0021-CneNpn.jpg
datasets\BAD\IMG-20250215-WA0021-QITD5Z.jpg,datasets\BAD\IMG-20250215-WA0021-CneNpn.jpg
datasets\BAD\IMG-20250215-WA0021-sBCx7u.jpg,datasets\BAD\IMG-20250215-WA0021-CneNpn.jpg
datasets\BAD\IMG-20250215-WA0021-SbssZj.jpg,datasets\BAD\IMG-20250215-WA0021-CneNpn.jpg
datasets\BAD\IMG-20250215-WA0021-vg6Anr.jpg,datasets\BAD\IMG-20250215-WA0021-CneNpn.jpg
datasets\BAD\IMG-20250215-WA0021-zpiV8x.jpg,datasets\BAD\IMG-20250215-WA0021-CneNpn.jpg
datasets\BAD\IMG-20250215-WA0021.jpg,datasets\BAD\IMG-20250215-WA0021-CneNpn.jpg
datasets\BAD\IMG-20250215-WA0022-AtHsIB.jpg,datasets\BAD\IMG-20250215-WA0022-3oVtnm.jpg
datasets\BAD\IMG-20250215-WA0022-clQzx2.jpg,datasets\BAD\IMG-20250215-WA0022-3oVtnm.jpg
datasets\BAD\IMG-20250215-WA0022-EKtUX4.jpg,datasets\BAD\IMG-20250215-WA0022-3oVtnm.jpg
datasets\BAD\IMG-20250215-WA0022-EoTyxh.jpg,datasets\BAD\IMG-20250215-WA0022-3oVtnm.jpg
datasets\BAD\IMG-20250215-WA0022-kBfm1I.jpg,datasets\BAD\IMG-20250215-WA0022-3oVtnm.jpg
datasets\BAD\IMG-20250215-WA0022-myxSV8.jpg,datasets\BAD\IMG-20250215-WA0022-3oVtnm.jpg
datasets\BAD\IMG-20250215-WA0022-pSEqrP.jpg,datasets\BAD\IMG-20250215-WA0022-3oVtnm.jpg
datasets\BAD\IMG-20250215-WA0022-tPHsFe.jpg,datasets\BAD\IMG-20250215-WA0022-3oVtnm.jpg
datasets\BAD\IMG-20250215-WA0022-Wd56tC.jpg,datasets\BAD\IMG-20250215-WA0022-3oVtnm.jpg
datasets\BAD\IMG-20250215-WA0022.jpg,datasets\BAD\IMG-20250215-WA0022-3oVtnm.jpg
datasets\BAD\IMG-20250215-WA0023-BwTHTP.jpg,datasets\BAD\IMG-20250215-WA0023-6SZaOL.jpg
datasets\BAD\IMG-20250215-WA0023-HFFIcc.jpg,datasets\BAD\IMG-20250215-WA0023-6SZaOL.jpg
datasets\BAD\IMG-20250215-WA0023-kHbfQj.jpg,datasets\BAD\IMG-20250215-WA0023-6SZaOL.jpg
datasets\BAD\IMG-20250215-WA0023-MdTxfv.jpg,datasets\BAD\IMG-20250215-WA0023-6SZaOL.jpg
datasets\BAD\IMG-20250215-WA0023-mQJ37N.jpg,datasets\BAD\IMG-20250215-WA0023-6SZaOL.jpg
datasets\BAD\IMG-20250215-WA0023-NciI7n.jpg,datasets\BAD\IMG-20250215-WA0023-6SZaOL.jpg
datasets\BAD\IMG-20250215-WA0023-nNzh2o.jpg,datasets\BAD\IMG-20250215-WA0023-6SZaOL.jpg
datasets\BAD\IMG-20250215-WA0023-Sb2uic.jpg,datasets\BAD\IMG-20250215-WA0023-6SZaOL.jpg
datasets\BAD\IMG-20250215-WA0023-W9aYaC.jpg,datasets\BAD\IMG-20250215-WA0023-6SZaOL.jpg
datasets\BAD\IMG-20250215-WA0023.jpg,datasets\BAD\IMG-20250215-WA0023-6SZaOL.jpg
datasets\BAD\IMG-20250215-WA0024-DovzIi.jpg,datasets\BAD\IMG-20250215-WA0024-c20HHA.jpg
datasets\BAD\IMG-20250215-WA0024-JK173E.jpg,datasets\BAD\IMG-20250215-WA0024-c20HHA.jpg
datasets\BAD\IMG-20250215-WA0024-KhJ1gt.jpg,datasets\BAD\IMG-20250215-WA0024-c20HHA.jpg
datasets\BAD\IMG-20250215-WA0024-lPKGtG.jpg,datasets\BAD\IMG-20250215-WA0024-c20HHA.jpg
datasets\BAD\IMG-20250215-WA0024-Myl5vN.jpg,datasets\BAD\IMG-20250215-WA0024-c20HHA.jpg
datasets\BAD\IMG-20250215-WA0024-oZZ2fD.jpg,datasets\BAD\IMG-20250215-WA0024-c20HHA.jpg
datasets\BAD\IMG-20250215-WA0024-PY0SLA.jpg,datasets\BAD\IMG-20250215-WA0024-c20HHA.jpg
datasets\BAD\IMG-20250215-WA0024-QfWrMT.jpg,datasets\BAD\IMG-20250215-WA0024-c20HHA.jpg
datasets\BAD\IMG-20250215-WA0024-RxiEwu.jpg,datasets\BAD\IMG-20250215-WA0024-c20HHA.jpg
datasets\BAD\IMG-20250215-WA0024.jpg,datasets\BAD\IMG-20250215-WA0024-c20HHA.jpg
datasets\BAD\IMG-20250215-WA0025-8W3nLt.jpg,datasets\BAD\IMG-20250215-WA0025-0A77XY.jpg
datasets\BAD\IMG-20250215-WA0025-B9H90Q.jpg,datasets\BAD\IMG-20250215-WA0025-0A77XY.jpg
datasets\BAD\IMG-20250215-WA0025-ES38Qt.jpg,datasets\BAD\IMG-20250215-WA0025-0A77XY.jpg
datasets\BAD\IMG-20250215-WA0025-jzwfHQ.jpg,datasets\BAD\IMG-20250215-WA0025-0A77XY.jpg
datasets\BAD\IMG-20250215-WA0025-pECH6r.jpg,datasets\BAD\IMG-20250215-WA0025-0A77XY.jpg
datasets\BAD\IMG-20250215-WA0025-PNujAD.jpg,datasets\BAD\IMG-20250215-WA0025-0A77XY.jpg
datasets\BAD\IMG-20250215-WA0025-TbueDj.jpg,datasets\BAD\IMG-20250215-WA0025-0A77XY.jpg
datasets\BAD\IMG-20250215-WA0025-uyCOdC.jpg,datasets\BAD\IMG-20250215-WA0025-0A77XY.jpg
datasets\BAD\IMG-20250215-WA0025-ZdIc38.jpg,datasets\BAD\IMG-20250215-WA0025-0A77XY.jpg
datasets\BAD\IMG-20250215-WA0025.jpg,datasets\BAD\IMG-20250215-WA0025-0A77XY.jpg
datasets\BAD\IMG-20250215-WA0026-a7ulgi.jpg,datasets\BAD\IMG-20250215-WA0026-4cRIFl.jpg
datasets\BAD\IMG-20250215-WA0026-bmpylb.jpg,datasets\BAD\IMG-20250215-WA0026-4cRIFl.jpg
datasets\BAD\IMG-20250215-WA0026-f0cVb1.jpg,datasets\BAD\IMG-20250215-WA0026-4cRIFl.jpg
datasets\BAD\IMG-20250215-WA0026-irmeT6.jpg,datasets\BAD\IMG-20250215-WA0026-4cRIFl.jpg
datasets\BAD\IMG-20250215-WA0026-J3DDAG.jpg,datasets\BAD\IMG-20250215-WA0026-4cRIFl.jpg
datasets\BAD\IMG-20250215-WA0026-k8VjGo.jpg,datasets\BAD\IMG-20250215-WA0026-4cRIFl.jpg
datasets\BAD\IMG-20250215-WA0026-mkRjsd.jpg,datasets\BAD\IMG-20250215-WA0026-4cRIFl.jpg
datasets\BAD\IMG-20250215-WA0026-nl4N27.jpg,datasets\BAD\IMG-20250215-WA0026-4cRIFl.jpg
datasets\BAD\IMG-20250215-WA0026-RCJOfG.jpg,datasets\BAD\IMG-20250215-WA0026-4cRIFl.jpg
datasets\BAD\IMG-20250215-WA0026.jpg,datasets\BAD\IMG-20250215-WA0026-4cRIFl.jpg
datasets\BAD\IMG-20250215-WA0027-539tEQ.jpg,datasets\BAD\IMG-20250215-WA0027-1TGwFe.jpg
datasets\BAD\IMG-20250215-WA0027-a0vBHF.jpg,datasets\BAD\IMG-20250215-WA0027-1TGwFe.jpg
datasets\BAD\IMG-20250215-WA0027-aOY03g.jpg,datasets\BAD\IMG-20250215-WA0027-1TGwFe.jpg
datasets\BAD\IMG-20250215-WA0027-brF86T.jpg,datasets\BAD\IMG-20250215-WA0027-1TGwFe.jpg
datasets\BAD\IMG-20250215-WA0027-DOqy81.jpg,datasets\BAD\IMG-20250215-WA0027-1TGwFe.jpg
datasets\BAD\IMG-20250215-WA0027-MnELmo.jpg,datasets\BAD\IMG-20250215-WA0027-1TGwFe.jpg
datasets\BAD\IMG-20250215-WA0027-psDdzm.jpg,datasets\BAD\IMG-20250215-WA0027-1TGwFe.jpg
datasets\BAD\IMG-20250215-WA0027-qlbu5U.jpg,datasets\BAD\IMG-20250215-WA0027-1TGwFe.jpg
datasets\BAD\IMG-20250215-WA0027-y5gzpp.jpg,datasets\BAD\IMG-20250215-WA0027-1TGwFe.jpg
datasets\BAD\IMG-20250215-WA0027.jpg,datasets\BAD\IMG-20250215-WA0027-1TGwFe.jpg
datasets\BAD\IMG-20250215-WA0028-ctwD6q.jpg,datasets\BAD\IMG-20250215-WA0028-5ekPxM.jpg
datasets\BAD\IMG-20250215-WA0028-FG22hr.jpg,datasets\BAD\IMG-20250215-WA0028-5ekPxM.jpg
datasets\BAD\IMG-20250215-WA0028-h52Yk7.jpg,datasets\BAD\IMG-20250215-WA0028-5ekPxM.jpg
datasets\BAD\IMG-20250215-WA0028-hA6WVL.jpg,datasets\BAD\IMG-20250215-WA0028-5ekPxM.jpg
datasets\BAD\IMG-20250215-WA0028-kZTpeQ.jpg,datasets\BAD\IMG-20250215-WA0028-5ekPxM.jpg
datasets\BAD\IMG-20250215-WA0028-NFy33Y.jpg,datasets\BAD\IMG-20250215-WA0028-5ekPxM.jpg
datasets\BAD\IMG-20250215-WA0028-Udq6op.jpg,datasets\BAD\IMG-20250215-WA0028-5ekPxM.jpg
datasets\BAD\IMG-20250215-WA0028-w5yFG5.jpg,datasets\BAD\IMG-20250215-WA0028-5ekPxM.jpg
datasets\BAD\IMG-20250215-WA0028-XTFQ5f.jpg,datasets\BAD\IMG-20250215-WA0028-5ekPxM.jpg
datasets\BAD\IMG-20250215-WA0028.jpg,datasets\BAD\IMG-20250215-WA0028-5ekPxM.jpg
datasets\BAD\IMG-20250215-WA0029-8Z2GJC.jpg,datasets\BAD\IMG-20250215-WA0029-0W5YUM.jpg
datasets\BAD\IMG-20250215-WA0029-fQqez8.jpg,datasets\BAD\IMG-20250215-WA0029-0W5YUM.jpg
datasets\BAD\IMG-20250215-WA0029-iGvWjC.jpg,datasets\BAD\IMG-20250215-WA0029-0W5YUM.jpg
datasets\BAD\IMG-20250215-WA0029-Juhyzk.jpg,datasets\BAD\IMG-20250215-WA0029-0W5YUM.jpg
datasets\BAD\IMG-20250215-WA0029-KAD3hW.jpg,datasets\BAD\IMG-20250215-WA0029-0W5YUM.jpg
datasets\BAD\IMG-20250215-WA0029-lNWAKk.jpg,datasets\BAD\IMG-20250215-WA0029-0W5YUM.jpg
datasets\BAD\IMG-20250215-WA0029-NdIR8R.jpg,datasets\BAD\IMG-20250215-WA0029-0W5YUM.jpg
datasets\BAD\IMG-20250215-WA0029-pua8bA.jpg,datasets\BAD\IMG-20250215-WA0029-0W5YUM.jpg
datasets\BAD\IMG-20250215-WA0029-Y49F3K.jpg,datasets\BAD\IMG-20250215-WA0029-0W5YUM.jpg
datasets\BAD\IMG-20250215-WA0029.jpg,datasets\BAD\IMG-20250215-WA0029-0W5YUM.jpg
datasets\BAD\IMG-20250215-WA0031-As5cI1.jpg,datasets\BAD\IMG-20250215-WA0031-7heivX.jpg
datasets\BAD\IMG-20250215-WA0031-BK97AU.jpg,datasets\BAD\IMG-20250215-WA0031-7heivX.jpg
datasets\BAD\IMG-20250215-WA0031-D9ksAb.jpg,datasets\BAD\IMG-20250215-WA0031-7heivX.jpg
datasets\BAD\IMG-20250215-WA0031-DI7NvM.jpg,datasets\BAD\IMG-20250215-WA0031-7heivX.jpg
datasets\BAD\IMG-20250215-WA0031-g06hSB.jpg,datasets\BAD\IMG-20250215-WA0031-7heivX.jpg
datasets\BAD\IMG-20250215-WA0031-iulR2U.jpg,datasets\BAD\IMG-20250215-WA0031-7heivX.jpg
datasets\BAD\IMG-20250215-WA0031-LM8MRd.jpg,datasets\BAD\IMG-20250215-WA0031-7heivX.jpg
datasets\BAD\IMG-20250215-WA0031-PkUoBQ.jpg,datasets\BAD\IMG-20250215-WA0031-7heivX.jpg
datasets\BAD\IMG-20250215-WA0031-tQtcoG.jpg,datasets\BAD\IMG-20250215-WA0031-7heivX.jpg
datasets\BAD\IMG-20250215-WA0031.jpg,datasets\BAD\IMG-20250215-WA0031-7heivX.jpg
datasets\BAD\IMG-20250215-WA0032-a6JlZ6.jpg,datasets\BAD\IMG-20250215-WA0032-9uXuM6.jpg
datasets\BAD\IMG-20250215-WA0032-Asv7Z9.jpg,datasets\BAD\IMG-20250215-WA0032-9uXuM6.jpg
datasets\BAD\IMG-20250215-WA0032-c7r4oG.jpg,datasets\BAD\IMG-20250215-WA0032-9uXuM6.jpg
datasets\BAD\IMG-20250215-WA0032-EZ1SDA.jpg,datasets\BAD\IMG-20250215-WA0032-9uXuM6.jpg
datasets\BAD\IMG-20250215-WA0032-GnvRLZ.jpg,datasets\BAD\IMG-20250215-WA0032-9uXuM6.jpg
datasets\BAD\IMG-20250215-WA0032-oIrhPn.jpg,datasets\BAD\IMG-20250215-WA0032-9uXuM6.jpg
datasets\BAD\IMG-20250215-WA0032-ql69aS.jpg,datasets\BAD\IMG-20250215-WA0032-9uXuM6.jpg
datasets\BAD\IMG-20250215-WA0032-UlSnAd.jpg,datasets\BAD\IMG-20250215-WA0032-9uXuM6.jpg
datasets\BAD\IMG-20250215-WA0032-wMjkgN.jpg,datasets\BAD\IMG-20250215-WA0032-9uXuM6.jpg
datasets\BAD\IMG-20250215-WA0032.jpg,datasets\BAD\IMG-20250215-WA0032-9uXuM6.jpg
datasets\BAD\IMG-20250215-WA0033-0uvdic.jpg,datasets\BAD\IMG-20250215-WA0033-08SpcI.jpg
datasets\BAD\IMG-20250215-WA0033-1KhaLL.jpg,datasets\BAD\IMG-20250215-WA0033-08SpcI.jpg
datasets\BAD\IMG-20250215-WA0033-IZ2xuT.jpg,datasets\BAD\IMG-20250215-WA0033-08SpcI.jpg
datasets\BAD\IMG-20250215-WA0033-jfewLE.jpg,datasets\BAD\IMG-20250215-WA0033-08SpcI.jpg
datasets\BAD\IMG-20250215-WA0033-KZjmMM.jpg,datasets\BAD\IMG-20250215-WA0033-08SpcI.jpg
datasets\BAD\IMG-20250215-WA0033-NAVhFv.jpg,datasets\BAD\IMG-20250215-WA0033-08SpcI.jpg
datasets\BAD\IMG-20250215-WA0033-pAGRHG.jpg,datasets\BAD\IMG-20250215-WA0033-08SpcI.jpg
datasets\BAD\IMG-20250215-WA0033-qvXrkK.jpg,datasets\BAD\IMG-20250215-WA0033-08SpcI.jpg
datasets\BAD\IMG-20250215-WA0033-V52myA.jpg,datasets\BAD\IMG-20250215-WA0033-08SpcI.jpg
datasets\BAD\IMG-20250215-WA0033.jpg,datasets\BAD\IMG-20250215-WA0033-08SpcI.jpg
datasets\BAD\IMG-20250215-WA0034-32S7ab.jpg,datasets\BAD\IMG-20250215-WA0034-1NgbtK.jpg
datasets\BAD\IMG-20250215-WA0034-4MmKGj.jpg,datasets\BAD\IMG-20250215-WA0034-1NgbtK.jpg
datasets\BAD\IMG-20250215-WA0034-bLXnPX.jpg,datasets\BAD\IMG-20250215-WA0034-1NgbtK.jpg
datasets\BAD\IMG-20250215-WA0034-Gttf3d.jpg,datasets\BAD\IMG-20250215-WA0034-1NgbtK.jpg
datasets\BAD\IMG-20250215-WA0034-gYQRRa.jpg,datasets\BAD\IMG-20250215-WA0034-1NgbtK.jpg
datasets\BAD\IMG-20250215-WA0034-hqcyCg.jpg,datasets\BAD\IMG-20250215-WA0034-1NgbtK.jpg
datasets\BAD\IMG-20250215-WA0034-jYWbAr.jpg,datasets\BAD\IMG-20250215-WA0034-1NgbtK.jpg
datasets\BAD\IMG-20250215-WA0034-Q8oI5x.jpg,datasets\BAD\IMG-20250215-WA0034-1NgbtK.jpg
datasets\BAD\IMG-20250215-WA0034-vVxRXD.jpg,datasets\BAD\IMG-20250215-WA0034-1NgbtK.jpg
datasets\BAD\IMG-20250215-WA0034.jpg,datasets\BAD\IMG-20250215-WA0034-1NgbtK.jpg
datasets\BAD\IMG-20250215-WA0036-cKqAmX.jpg,datasets\BAD\IMG-20250215-WA0036-3Z9aq2.jpg
datasets\BAD\IMG-20250215-WA0036-cnwxB8.jpg,datasets\BAD\IMG-20250215-WA0036-3Z9aq2.jpg
datasets\BAD\IMG-20250215-WA0036-fzcgyL.jpg,datasets\BAD\IMG-20250215-WA0036-3Z9aq2.jpg
datasets\BAD\IMG-20250215-WA0036-I7wjGI.jpg,datasets\BAD\IMG-20250215-WA0036-3Z9aq2.jpg
datasets\BAD\IMG-20250215-WA0036-NRybJp.jpg,datasets\BAD\IMG-20250215-WA0036-3Z9aq2.jpg
datasets\BAD\IMG-20250215-WA0036-nytYER.jpg,datasets\BAD\IMG-20250215-WA0036-3Z9aq2.jpg
datasets\BAD\IMG-20250215-WA0036-qLXl2O.jpg,datasets\BAD\IMG-20250215-WA0036-3Z9aq2.jpg
datasets\BAD\IMG-20250215-WA0036-T75tct.jpg,datasets\BAD\IMG-20250215-WA0036-3Z9aq2.jpg
datasets\BAD\IMG-20250215-WA0036-zcCUIE.jpg,datasets\BAD\IMG-20250215-WA0036-3Z9aq2.jpg
datasets\BAD\IMG-20250215-WA0036.jpg,datasets\BAD\IMG-20250215-WA0036-3Z9aq2.jpg
datasets\BAD\IMG-20250215-WA0037-7xCnJw.jpg,datasets\BAD\IMG-20250215-WA0037-4mgGsV.jpg
datasets\BAD\IMG-20250215-WA0037-Ftwev3.jpg,datasets\BAD\IMG-20250215-WA0037-4mgGsV.jpg
datasets\BAD\IMG-20250215-WA0037-HtGTkN.jpg,datasets\BAD\IMG-20250215-WA0037-4mgGsV.jpg
datasets\BAD\IMG-20250215-WA0037-HWvj5o.jpg,datasets\BAD\IMG-20250215-WA0037-4mgGsV.jpg
datasets\BAD\IMG-20250215-WA0037-MvRcRX.jpg,datasets\BAD\IMG-20250215-WA0037-4mgGsV.jpg
datasets\BAD\IMG-20250215-WA0037-r9YvYS.jpg,datasets\BAD\IMG-20250215-WA0037-4mgGsV.jpg
datasets\BAD\IMG-20250215-WA0037-tcP2iH.jpg,datasets\BAD\IMG-20250215-WA0037-4mgGsV.jpg
datasets\BAD\IMG-20250215-WA0037-WF5l0f.jpg,datasets\BAD\IMG-20250215-WA0037-4mgGsV.jpg
datasets\BAD\IMG-20250215-WA0037-wiJHEA.jpg,datasets\BAD\IMG-20250215-WA0037-4mgGsV.jpg
datasets\BAD\IMG-20250215-WA0037.jpg,datasets\BAD\IMG-20250215-WA0037-4mgGsV.jpg
datasets\BAD\IMG-20250215-WA0038-cc4DBt.jpg,datasets\BAD\IMG-20250215-WA0038-7e7rA0.jpg
datasets\BAD\IMG-20250215-WA0038-Err8vN.jpg,datasets\BAD\IMG-20250215-WA0038-7e7rA0.jpg
datasets\BAD\IMG-20250215-WA0038-GpOv8l.jpg,datasets\BAD\IMG-20250215-WA0038-7e7rA0.jpg
datasets\BAD\IMG-20250215-WA0038-J0MEWp.jpg,datasets\BAD\IMG-20250215-WA0038-7e7rA0.jpg
datasets\BAD\IMG-20250215-WA0038-JPlK6r.jpg,datasets\BAD\IMG-20250215-WA0038-7e7rA0.jpg
datasets\BAD\IMG-20250215-WA0038-KHIJF7.jpg,datasets\BAD\IMG-20250215-WA0038-7e7rA0.jpg
datasets\BAD\IMG-20250215-WA0038-Nt4gmN.jpg,datasets\BAD\IMG-20250215-WA0038-7e7rA0.jpg
datasets\BAD\IMG-20250215-WA0038-nwlSO3.jpg,datasets\BAD\IMG-20250215-WA0038-7e7rA0.jpg
datasets\BAD\IMG-20250215-WA0038-s91X4D.jpg,datasets\BAD\IMG-20250215-WA0038-7e7rA0.jpg
datasets\BAD\IMG-20250215-WA0038.jpg,datasets\BAD\IMG-20250215-WA0038-7e7rA0.jpg
datasets\BAD\IMG-20250215-WA0039-cCuQec.jpg,datasets\BAD\IMG-20250215-WA0039-BPyS9J.jpg
datasets\BAD\IMG-20250215-WA0039-dHYZgn.jpg,datasets\BAD\IMG-20250215-WA0039-BPyS9J.jpg
datasets\BAD\IMG-20250215-WA0039-dTNCyd.jpg,datasets\BAD\IMG-20250215-WA0039-BPyS9J.jpg
datasets\BAD\IMG-20250215-WA0039-GAbgfh.jpg,datasets\BAD\IMG-20250215-WA0039-BPyS9J.jpg
datasets\BAD\IMG-20250215-WA0039-HwvFJ6.jpg,datasets\BAD\IMG-20250215-WA0039-BPyS9J.jpg
datasets\BAD\IMG-20250215-WA0039-Pm3hyP.jpg,datasets\BAD\IMG-20250215-WA0039-BPyS9J.jpg
datasets\BAD\IMG-20250215-WA0039-ToKEaq.jpg,datasets\BAD\IMG-20250215-WA0039-BPyS9J.jpg
datasets\BAD\IMG-20250215-WA0039-vxV7by.jpg,datasets\BAD\IMG-20250215-WA0039-BPyS9J.jpg
datasets\BAD\IMG-20250215-WA0039-xwpKiP.jpg,datasets\BAD\IMG-20250215-WA0039-BPyS9J.jpg
datasets\BAD\IMG-20250215-WA0039.jpg,datasets\BAD\IMG-20250215-WA0039-BPyS9J.jpg
